ticker,mean_return_1d,median_return_1d,std_return_1d,annualized_volatility,max_drawdown,median_volume,mean_volume,liquidity_percentile,volatility_percentile
A,0.0004921436729078834,0.0008484131954436473,0.018952333876484904,0.3008589732086627,-0.5125231610093459,1650000.0,1821464.8664013643,0.7453798767967146,0.17125256673511294
AA,0.00043497813736930526,-0.0006827987338550389,0.03803114309806907,0.6037256802780078,-0.8466430412311202,5663900.0,6334873.848777714,0.928952772073922,0.757700205338809
AAL,-0.0003789511730420093,-0.0006483069536548452,0.036651134807060164,0.5818187278067068,-0.8940246929486597,37396500.0,46141841.38715179,0.995482546201232,0.7326488706365503
AAMI,0.0012977416388528702,0.0009656665614062447,0.027900705214536168,0.4429099644059144,-0.705577859232732,300900.0,432165.15065378055,0.2677618069815195,0.5055441478439425
AAOI,0.0012534731987568183,-0.0012444937353536729,0.06715203054607288,1.0660054371475307,-0.9659735031979401,1053300.0,2739590.051165435,0.6340862422997947,0.9802874743326488
AAON,0.0006298532684519046,0.0008811345410076727,0.028421220693228777,0.4511728914669967,-0.621405965961808,367500.0,534551.4212620808,0.33059548254620125,0.5207392197125257
AAP,-0.0006888708296602123,-0.0002552076115657729,0.031910680543070155,0.5065663493027471,-0.9131221978834064,1209000.0,1531855.827174531,0.6739219712525667,0.6201232032854209
AAPL,0.0010617042727681255,0.0012600740358296703,0.019439433188632983,0.3085914350710694,-0.3517886760652413,68028800.0,81567078.39681637,0.9991786447638604,0.184394250513347
AAT,-0.00024526294918418004,0.0001269757680346256,0.022509594867321674,0.3573287407904946,-0.7253873153982562,301700.0,346551.9613416714,0.26899383983572894,0.30431211498973304
AB,0.00045251196973891656,0.000595387309001261,0.022491938469816418,0.35704845416940534,-0.6216727391180519,291100.0,359571.8590108016,0.2595482546201232,0.3034907597535934
ABAT,0.0005629796515532742,-0.007886054056757552,0.08205172274239732,1.302530718124836,-0.9985129397212524,280193.0,1693952.8504832292,0.25051334702258726,0.9950718685831622
ABBV,0.0008870519857156257,0.0010873395104539726,0.015806238435606395,0.25091625638403087,-0.35749646739032814,5780700.0,6689971.915861284,0.9301848049281314,0.06365503080082136
ABCB,0.0004746594731201191,-0.00023160084421084727,0.025534143072994033,0.4053419550737088,-0.6422401158315296,368200.0,416944.74133030133,0.33203285420944556,0.4283367556468172
ABEO,-0.0013553059061472957,-0.0015948961072397606,0.05779397867461981,0.9174509691000862,-0.9987585862700236,154684.0,440088.545764639,0.09691991786447639,0.9494866529774127
ABEV,-0.00010579804027793365,0.0,0.022975692785770056,0.3647278158634103,-0.680086649414259,22548600.0,25389071.176805004,0.9901437371663244,0.3268993839835729
ABG,0.0003483518468797111,0.00041015993841094997,0.028930355806035812,0.45925516082030604,-0.6967378686707111,180500.0,213466.96986924388,0.1406570841889117,0.5359342915811088
ABM,0.00025539286089480955,0.0005647791614132704,0.022751347417749066,0.3611664435539735,-0.5279148366452263,383200.0,463031.15406480955,0.34496919917864477,0.3166324435318275
ABR,-0.00023717979754025976,0.0010234503417752051,0.029817054870190852,0.4733310720893537,-0.7803687787283429,2233100.0,2846547.924957362,0.8151950718685832,0.557700205338809
ABT,0.00018863905945266278,0.00038587854838026577,0.016191552934371193,0.25703293442570585,-0.43089329738429116,5229600.0,6353364.809550881,0.9227926078028748,0.07392197125256673
ABUS,0.0006675276320693035,0.0,0.05108183540075674,0.8108989978988266,-0.9162380352657582,969200.0,1986607.5611142695,0.6123203285420945,0.9100616016427104
ACA,0.0008425489524841244,0.000538995246721953,0.024311182265043408,0.38592805410761294,-0.4114044672756825,228100.0,281139.16998294485,0.19137577002053388,0.37946611909650924
ACAD,-0.0003382482256879407,-0.0013740260988686938,0.03740631674523352,0.5938068694247937,-0.9213423595765695,1391300.0,1703343.66117112,0.7075975359342915,0.744558521560575
ACB,-0.002805769002604148,-0.005970118675638971,0.06087283553891464,0.9663263066118157,-0.9998045598384614,715900.0,1405669.2325184764,0.5314168377823408,0.9601642710472279
ACCO,-0.00025173512088627837,0.0,0.027281583157920827,0.4330817064479201,-0.7859400738634267,555300.0,639026.4354747016,0.4595482546201232,0.4878850102669405
ACEL,4.266874325333456e-05,0.0,0.02708776808304865,0.43000498751723726,-0.6459120611181507,244400.0,295893.57589539513,0.2135523613963039,0.4809034907597536
ACGL,0.0004860266869424943,0.0011395950244167939,0.01965867500518087,0.31207179101249993,-0.5898412076776632,1711700.0,2016235.3610005686,0.75564681724846,0.19096509240246407
ACH,-0.0011805734028520877,-0.000569646912262542,0.05393570146743154,0.8562027172238722,-0.9980965083341932,864300.0,1253908.698123934,0.5802874743326488,0.928952772073922
ACHC,-5.478552333070635e-05,0.0,0.03297183103358918,0.5234115911119124,-0.9090517783882569,669500.0,1179711.199545196,0.5158110882956879,0.6517453798767967
ACHV,-0.0009405822969688254,0.0,0.05128671136679309,0.8141513030333044,-0.9933087033028546,100400.0,358718.71517907904,0.002053388090349076,0.9112936344969199
ACIC,-0.00010154790857907088,-0.001261850460679136,0.05191665275141954,0.82415131249892,-0.9894038019385432,152400.0,229995.56566230813,0.09363449691991786,0.9162217659137577
ACIU,-0.000366528477642655,-0.0018579305682445877,0.04789954956645494,0.760381776389109,-0.971905015758632,137900.0,385491.52927799884,0.06858316221765914,0.8878850102669404
ACIW,0.00025902545773962953,0.0004570617880526196,0.024105768861227228,0.3826672174128716,-0.6400375736354825,629800.0,755489.6532120523,0.497741273100616,0.3675564681724846
ACLS,0.0011003650264371574,0.000921183597673713,0.03721085600840918,0.5907040264205057,-0.8278820634026338,438200.0,493116.88459351903,0.37905544147843945,0.7425051334702258
ACM,0.0003033180976868208,0.0012059175268180787,0.02104035937447106,0.33400535040166174,-0.5905938201066382,852700.0,1083823.4792495735,0.5761806981519507,0.2509240246406571
ACMR,0.0015927938150959344,0.0,0.054178274059369126,0.8600534377427554,-0.9338432022967584,940500.0,1187087.0380898237,0.6036960985626283,0.9293634496919918
ACN,1.4402968373845413e-05,0.0008969159376290743,0.020048873113985895,0.31826599396017485,-0.7431488497117639,2302500.0,2986209.891984082,0.8193018480492813,0.20739219712525667
ACP,5.45352283605316e-05,0.0008940996244672208,0.015449826810404452,0.24525839723609066,-0.5464466439271317,241000.0,341092.28595793067,0.20698151950718685,0.055441478439425054
ACRE,-0.00025982484300910916,0.0012231629758295756,0.03432995301201151,0.5449711091418915,-0.8674252819321617,445300.0,538216.4297896532,0.38418891170431213,0.6854209445585215
ACRS,0.0008405737350280745,0.0,0.07539687259317134,1.1968882470813178,-1.3270382660869224,583300.0,1152212.0523024446,0.47392197125256674,0.9909650924024641
ACTG,0.0002502917583021572,0.0,0.027256305675008488,0.4326804388465857,-0.7670398498999941,216800.0,319447.9249573621,0.17864476386036962,0.48583162217659137
AD,0.0004094278575530631,0.0007575857750736186,0.031316447907188724,0.4971331986499832,-0.7349171819347279,164500.0,224137.23706651505,0.11560574948665298,0.6057494866529775
ADAM,-0.00016308628597807385,0.0,0.03654096785597911,0.5800698816751547,-0.9234950624583894,664300.0,922283.8260375214,0.5125256673511294,0.731006160164271
ADBE,-0.00010621244004192833,0.0007361688433492602,0.024094787634539164,0.38249289584342927,-0.8001801828836913,2892500.0,3469216.145537237,0.8513347022587269,0.36632443531827513
ADC,0.00011382780579660195,0.0005334712364036234,0.016208978814721692,0.25730956170040853,-0.43687609027626834,738000.0,857653.098351336,0.5425051334702259,0.075564681724846
ADEA,0.0006983707355827357,0.0,0.03125791961532255,0.4962040908203474,-0.5332961645127197,737335.0,1013642.2342239909,0.5416837782340862,0.6032854209445585
ADI,0.0007782064417906495,0.0011991512860140131,0.02264310068307841,0.35944807991293337,-0.37563589158852856,3138000.0,3429783.62706083,0.8640657084188912,0.31129363449691994
ADM,0.0005045276982070991,0.0012000185612161328,0.018929759009993902,0.3005006083129687,-0.6036864721952948,2859300.0,3309987.2654917566,0.8476386036960986,0.16878850102669404
ADMA,0.0004040681963869117,0.0,0.04185519309095779,0.664430591971579,-0.8932306751046617,2352000.0,3230245.7077885163,0.8213552361396304,0.8184804928131417
ADNT,-0.00012076677246337685,0.00046621137724111255,0.03879361039578998,0.6158294733935417,-0.8775253693586645,933800.0,1081378.7947697556,0.6010266940451745,0.7728952772073922
ADP,0.00036105459078254406,0.0008227342458913991,0.016800802783302166,0.266704475945156,-0.4219800703968781,1703500.0,1941958.1011938602,0.7552361396303902,0.09281314168377823
ADPT,-5.099046077005165e-05,-0.0005541835067532876,0.04694934427716407,0.7452977350495781,-0.9873316487851208,1138200.0,1384916.4866401365,0.6558521560574949,0.8788501026694046
ADSK,0.00019330502040597984,0.0008680812966494475,0.0238644359054182,0.37883617550746257,-0.5985447073472164,1402300.0,1617131.8362706082,0.7100616016427105,0.35728952772073924
ADT,0.00016621190961406117,0.0010727559681853209,0.028909791182779844,0.4589287075466599,-0.7006134206450293,3241900.0,5364111.142694713,0.868993839835729,0.5347022587268994
ADTN,-0.0002013163147019251,0.0006184868730334175,0.03629360792621908,0.5761431645243501,-0.8780714752421229,553200.0,830379.647527004,0.45811088295687885,0.7264887063655031
ADUS,0.00020190406513416226,0.0003149904400033955,0.025452562347380116,0.4040469012032051,-0.5618293012994982,112700.0,136388.80045480386,0.02566735112936345,0.42546201232032854
ADX,0.000600853327096782,0.0013377488962994346,0.013116054761302325,0.20821091448426357,-0.39231781258877235,199200.0,227935.13359863558,0.15811088295687886,0.026694045174537988
AEE,0.0002342571092670473,0.0006471261659123533,0.015135554574088913,0.24026948014851243,-0.3233035818042119,1401300.0,1527273.450824332,0.7096509240246407,0.04887063655030801
AEG,0.0006126260104379177,0.0018232794147730047,0.02391584794596107,0.37965231634948743,-0.6281913538097588,2611200.0,3472953.2689027856,0.8390143737166325,0.35975359342915814
AEHR,0.0023522811597511445,-0.0009569718163773375,0.06355299082791707,1.008872452830225,-0.9377668932406874,841600.0,1391470.7788516202,0.5724845995893224,0.9671457905544147
AEIS,0.0008917562712225417,0.0011543635596071736,0.031458794652108026,0.49939288317195923,-0.584194114496632,236700.0,311489.71006253554,0.19876796714579056,0.6078028747433265
AEM,0.0007742336726039934,0.0012275913850189912,0.0251270086922229,0.3988788971434806,-0.6041397054262485,2157000.0,2394238.544627629,0.8086242299794661,0.4139630390143737
AEO,0.00011882596921145964,0.0010448270196471068,0.03537394802566706,0.5615440161986359,-0.8363298302341023,4757700.0,5820527.1176805,0.9141683778234087,0.7092402464065708
AEP,0.0002689920671888734,0.0007448115263502438,0.014618693167395476,0.23206455968212533,-0.35079483756713853,2874900.0,3173555.315520182,0.848870636550308,0.04476386036960986
AER,0.0005745383448055222,0.0006453563431463958,0.030052354504814582,0.47706633799014625,-0.7996399568871818,1156700.0,1381450.6537805572,0.6607802874743326,0.5659137577002054
AES,9.953914410440767e-05,0.0006757003097958329,0.025278176203443713,0.40127860698949763,-0.7066211700880601,6247500.0,7736563.047185901,0.9334702258726899,0.41765913757700207
AFG,0.00048788801715881497,0.0008387754427338584,0.02203859558994429,0.34985185905670446,-0.639647355964793,366100.0,426030.2444570779,0.3295687885010267,0.28583162217659136
AFL,0.0005394773298331312,0.0011417068475740684,0.018246355069497188,0.28965190708363336,-0.5700162209957271,2407500.0,2769219.7271176805,0.8275154004106776,0.14168377823408623
AFYA,-0.00030505208843573746,0.0,0.028111891315900105,0.4462624398332879,-0.8025962894161474,141600.0,194421.2620807277,0.07535934291581109,0.5112936344969199
AG,0.000379466266749721,-0.001712410826573127,0.0409198983049337,0.6495832475334483,-0.887172176192112,6609100.0,9426451.392836839,0.9367556468172484,0.8045174537987679
AGCO,0.0003625677537016562,0.0009303526163718997,0.02456997272956841,0.3900362253724612,-0.57017530305738,626800.0,702477.2029562251,0.4965092402464066,0.39342915811088297
AGEN,-0.0010341105394574225,-0.002629957911802273,0.06073755708055565,0.9641788276604432,-0.9993118418316193,255500.0,522993.1483797612,0.22587268993839835,0.9589322381930184
AGI,0.0010043113939169214,0.000986011776486967,0.030321963742374843,0.48134625195264735,-0.5323479732182973,2878900.0,3207359.1813530414,0.8496919917864476,0.5741273100616017
AGIO,-2.443452234996835e-05,-0.0002234982310367072,0.03829020919319192,0.6078382270429498,-0.8961953768987722,604100.0,734563.5588402501,0.48459958932238195,0.7638603696098563
AGNC,0.00021313115610516195,0.0009784450673491442,0.018622666616827935,0.29562566770194776,-0.5907124796070974,11343900.0,13409588.857305286,0.9737166324435318,0.15770020533880905
AGNT,-1.2568242023434787e-05,0.0,0.043051884204333354,0.6834274744644955,-0.9857985691349458,976700.0,1163786.1853325753,0.6143737166324436,0.8353182751540041
AGO,0.0003149212073747416,0.0009553658918906943,0.0242362691095034,0.3847388446306972,-0.6999404841302415,351800.0,457790.9039226833,0.31273100616016425,0.3749486652977413
AGRO,0.00042323167179925174,0.000965705896986712,0.027831664571035676,0.44181397816756535,-0.6281379977178841,539300.0,728400.0,0.4525667351129363,0.5030800821355236
AGX,0.0013669183551747114,0.0012764799197787433,0.031083909036094627,0.493441758511559,-0.5778391802503767,107000.0,182473.16657191585,0.013963039014373716,0.5963039014373717
AGYS,0.0007701399748383436,0.0015998645289994613,0.033029015929749175,0.5243193731958428,-0.6771380320577353,157300.0,195919.3291642979,0.1028747433264887,0.6542094455852157
AHCO,-0.00033703279849461203,0.0,0.038994177437298695,0.6190133764717098,-0.9571766554407276,853900.0,1094679.0790221717,0.5770020533880903,0.7765913757700206
AHRT,-0.0003871586249596987,0.0,0.024758537119827447,0.39302959226894885,-0.771554869710434,380700.0,516957.5895395111,0.34209445585215603,0.4024640657084189
AIFC,-0.001035379666161641,-0.003992081088908216,0.07208538295867135,1.144319978828987,-0.9992426176736073,110900.0,1038652.8140989199,0.02135523613963039,0.9885010266940452
AIG,0.0002642196835826851,0.000836128269933016,0.02300424449452955,0.3651810601887117,-0.6962096344799487,4129700.0,4716890.3922683345,0.8965092402464065,0.32854209445585214
AIN,-0.00017076140251995832,0.0007352915202882467,0.02541409813511185,0.40343630076297804,-0.7053253843440428,159600.0,197169.41444002275,0.10718685831622177,0.4234086242299795
AIOT,-0.00038609696057019635,-0.0015812578489534657,0.04121383921577112,0.65424941483479,-0.9233563733940762,169300.0,651812.0523024446,0.12340862422997946,0.8061601642710472
AIR,0.000591588534346166,0.0007858990234131871,0.03216532545436837,0.5106087119502862,-0.8564653045557818,261400.0,315204.4911881751,0.23285420944558521,0.6283367556468172
AIT,0.001069452247042279,0.001418509682417297,0.023115324180841057,0.36694439554285957,-0.5860634806200281,201100.0,236207.9590676521,0.16180698151950718,0.33182751540041067
AIV,0.0001298101552141671,0.0,0.022410673569698475,0.3557584138732219,-0.5817144621412659,1399500.0,3337233.7379192724,0.708829568788501,0.2985626283367556
AIZ,0.0004890789449378161,0.001237615957157769,0.018500429614801504,0.29368521545171555,-0.47035851784466187,364100.0,412724.4457077885,0.32566735112936346,0.15318275154004107
AJG,0.0005853551017235095,0.0015287591747944723,0.016674126781026286,0.264693556750545,-0.46481605960918815,940600.0,1142695.281409892,0.6041067761806982,0.08788501026694046
AKAM,0.000130511124651036,0.0008910471637179084,0.02333999357776163,0.37051091165161176,-0.5435682401541161,1515500.0,2045093.1779420124,0.7260780287474332,0.33921971252566735
AKBA,-0.000884174090103993,0.0,0.06818738647201171,1.0824412029383574,-1.3936953526256477,2451800.0,3771432.6890278566,0.8303901437371664,0.9839835728952772
AKR,-8.151705494505825e-05,0.0006961475461402531,0.024195941099688034,0.3840986573216474,-0.7392427235813291,768100.0,912877.7714610575,0.5523613963039015,0.37084188911704313
ALB,0.00033019041352024773,0.0008914207447258242,0.03452728851532333,0.5481037131415325,-0.8871851017127605,1801000.0,2135815.406480955,0.7675564681724846,0.6919917864476386
ALC,6.279058916467031e-05,0.000368698214207894,0.01772846082038082,0.2814305907520787,-0.4191554925090021,949600.0,1158217.5099488345,0.606570841889117,0.12197125256673512
ALDX,-0.0008769225596823481,-0.001355087487977762,0.07550506950564284,1.1986058198194656,-1.0187173213920708,588400.0,1009466.3445139284,0.4780287474332649,0.9913757700205339
ALEC,-0.001164503064564479,0.0,0.05461988146544606,0.8670637379843786,-0.9975516214547038,561500.0,817911.5974985787,0.46406570841889117,0.9347022587268994
ALGN,-0.0001128527362046779,-0.0008012877086940606,0.03330494237079141,0.5286995696547121,-0.9106226821566171,795400.0,922975.8385446277,0.5605749486652978,0.6603696098562628
ALGT,-0.00033733186031612104,-0.0008415431188986858,0.03654061615328309,0.5800642985679402,-0.907327635219271,251300.0,301088.6867538374,0.22053388090349077,0.7305954825462012
ALK,-0.0002531296465588059,-0.0004347938311588499,0.030962835534256834,0.4915197762542239,-0.7798522228916451,2035100.0,2392226.492325185,0.7958932238193018,0.5930184804928131
ALKS,0.0004108115326536652,-0.00015997806639787805,0.02489276230376409,0.39516035100721836,-0.4359181614906216,1468900.0,1712153.3826037522,0.7182751540041068,0.40698151950718686
ALL,0.0005164029894699618,0.0007534448699113027,0.01790355227096908,0.2842100813617792,-0.44061664114085003,1583600.0,1785638.260375213,0.7347022587268994,0.1268993839835729
ALLE,0.00028414655048574866,0.000579310250768156,0.018736234271387365,0.29742849832761864,-0.4542670775366233,721800.0,800095.9067652075,0.5351129363449691,0.162217659137577
ALLO,-0.0015892774961485515,-0.0024400707783595746,0.05064913296176574,0.8040300596272589,-0.997132789066639,1659400.0,2612188.9710062537,0.7470225872689938,0.9075975359342916
ALLT,4.563959728885318e-05,0.0,0.03802231052044827,0.603585467455086,-0.9579912237940065,162100.0,266402.27401932917,0.11149897330595483,0.7568788501026694
ALLY,0.00020771638240998884,0.0006519345847799799,0.028219437115671778,0.44796967647776026,-0.6948321599512397,3594700.0,4194931.608868675,0.8829568788501027,0.5154004106776181
ALNY,0.0006611176822705812,0.0004320729581412716,0.02994594351196659,0.4753771158471107,-0.6309506700849091,717100.0,864585.2757248436,0.5322381930184805,0.5634496919917864
ALRM,7.107557355983906e-05,0.00018911906044115552,0.023706588645718507,0.3763304279416721,-0.7150175537873295,295800.0,350865.2075042638,0.2632443531827515,0.3494866529774127
ALSN,0.0005729983664375021,0.0009500089204535739,0.020361305238041975,0.3232257001712152,-0.46990660392008454,767900.0,874890.5059693007,0.5519507186858317,0.22176591375770022
ALT,0.00024190427571379216,-0.00252525546042437,0.06624497491012384,1.0516063753194063,-0.9985660101872927,1721500.0,2791502.8425241616,0.757700205338809,0.9774127310061602
ALTO,0.0010786272638024614,0.0,0.061568416934845833,0.9773683189532383,-0.9967209487325828,1031800.0,1781988.345650938,0.6295687885010267,0.962217659137577
ALV,0.0003232160151637045,0.000898139394537671,0.02249126092601181,0.3570376984949493,-0.5634782613397794,607500.0,688144.4570778852,0.48767967145790553,0.3030800821355236
AM,0.000987050794360444,0.0013351336043937547,0.026208621244042354,0.41604896410572206,-0.7615202078493337,2939300.0,3655131.0972143263,0.8542094455852156,0.45585215605749485
AMAL,0.0006927567951017131,0.0,0.02545680802452805,0.40411429923848813,-0.6155617122912891,110600.0,128157.58953951109,0.02053388090349076,0.4262833675564682
AMAT,0.0013047282483709553,0.0015592611076147653,0.030648407858763094,0.48652839164618855,-0.5935045887914339,6645600.0,7410400.17055145,0.9375770020533881,0.584394250513347
AMBA,8.601806002389032e-05,0.0009586022216244966,0.040272060485124675,0.6392991409667467,-0.9093074962003816,532800.0,719437.6350198977,0.4462012320328542,0.795482546201232
AMC,-0.002033813881763118,-0.005506943313671827,0.08235704773210598,1.3073776020757708,-0.9999775826029704,6688800.0,13230635.542922115,0.9379876796714579,0.9958932238193019
AMCR,0.00012090034834662326,0.0,0.018483179812978905,0.2934113833369891,-0.47620354379614616,1624420.0,2471331.335986356,0.742094455852156,0.1515400410677618
AMCX,-0.0007738739459060832,-0.0008431496038547573,0.03876603864701932,0.6153917854507918,-0.9709168884571132,476500.0,668562.4786810688,0.4078028747433265,0.7720739219712526
AMD,0.001742517948812071,0.0005855593772549868,0.03475352721092817,0.5516951410945928,-0.709913045604805,50827400.0,57869454.74701535,0.997946611909651,0.6973305954825462
AME,0.0006080466360592211,0.0009466159155724265,0.016771861163939215,0.2662450419809128,-0.4638068329539299,1039900.0,1146769.4144400228,0.631211498973306,0.09117043121149897
AMG,0.0008613573455543963,0.0011394539901962626,0.023638816454916233,0.37525457776565907,-0.5296513982766519,260800.0,321356.566230813,0.23162217659137577,0.3462012320328542
AMGN,0.0005483349729092248,0.00027661645179767234,0.01661788096654185,0.26380068212606045,-0.2588844835983576,2443200.0,2705631.552018192,0.8295687885010267,0.0837782340862423
AMH,0.00018840526114654422,0.0,0.016326209946755106,0.2591705482280585,-0.40771017965851875,2076700.0,2376016.429789653,0.7995893223819301,0.07802874743326489
AMKR,0.0010541900071888738,0.0011004837687215113,0.037759824679487256,0.5994186339079349,-0.6954640048632982,1166200.0,1775309.3803297328,0.6636550308008213,0.751129363449692
AMN,-0.00028401653814527595,0.0004364390120031695,0.03253508928114575,0.5164785307271693,-0.930193217092675,584400.0,692096.7026719727,0.4747433264887064,0.6402464065708419
AMP,0.0007597274189019953,0.0014329530088427042,0.023001783765310153,0.36514199732336133,-0.5956270630090904,538100.0,615674.5309835133,0.4505133470225873,0.32813141683778235
AMPH,0.00015037331712407375,0.000680763080189088,0.0275954795318593,0.4380646569052369,-0.8139536866580983,313800.0,372006.4809550881,0.2786447638603696,0.4965092402464066
AMPY,-0.0001514752564080838,0.0,0.05641681130139615,0.8955891148005148,-0.9762593301232761,544200.0,762757.9874928937,0.4542094455852156,0.944558521560575
AMRC,0.0001693193578253419,0.000435540986257272,0.04512698121059409,0.7163686182138987,-0.96809272782905,364300.0,440725.1847640705,0.32607802874743325,0.8587268993839836
AMRN,-0.0017983523995685668,0.0,0.05300870304954072,0.8414870735469356,-1.219868605278436,120240.0,199703.83172256965,0.038193018480492814,0.9215605749486653
AMRX,0.0010252778543138497,0.0,0.03874486546428024,0.6150556715948438,-0.8949318634557847,1175400.0,1453793.6895963615,0.6652977412731006,0.7716632443531828
AMSC,0.0007693676356023417,0.0,0.0522236083184597,0.8290240810625306,-0.9408218704800508,374200.0,684584.0250142126,0.33675564681724846,0.917864476386037
AMT,-4.985807667361198e-05,0.0002913768723117364,0.018410944270758078,0.2922646796537718,-0.4960802894517284,2021200.0,2247026.6628766344,0.7938398357289528,0.14784394250513347
AMTX,0.0003039694229181134,-0.0038171575134055497,0.06945503453903301,1.102564492150098,-0.9953097526614221,664700.0,1081934.223990904,0.5129363449691992,0.9856262833675564
AMX,0.000334324931092431,0.0003815476229191479,0.018358618174668356,0.2914340286297782,-0.44520542861489676,1822800.0,2210117.623649801,0.7720739219712526,0.14537987679671457
AMZN,0.0005997291896149759,0.0005526189936697085,0.022057221746507247,0.3501475401255837,-0.6189388881410718,54002900.0,62515312.734508246,0.9983572895277207,0.286652977412731
AN,0.0006888876831963148,0.0011991809348641522,0.025560713900207116,0.4057637538793193,-0.6063171101058938,570100.0,667531.3246162592,0.4681724845995893,0.4299794661190965
ANAB,0.00042939905015259086,-0.00044324941431479834,0.0518519915056187,0.8231248470438042,-1.656884144520618,432300.0,613003.1836270608,0.3761806981519507,0.9149897330595482
ANDE,0.0006892832086640783,0.001369209268067018,0.028856610632028323,0.45808449247541605,-0.6154553972559105,204400.0,254341.7851051734,0.16673511293634496,0.5334702258726899
ANET,0.0014823219939189732,0.0018051489259115262,0.029799198946208274,0.47304761808363066,-0.5426824692075721,8123600.0,9573586.014781125,0.9560574948665298,0.5568788501026694
ANF,0.0012536181464908344,0.001731647465089292,0.039378069840408765,0.625107479444727,-0.7657869360289659,1616500.0,1937334.6219442866,0.740041067761807,0.7831622176591376
ANGI,-0.0014561017876822755,-0.0014928149429134499,0.045598416571933024,0.7238524225659669,-0.9952423680276679,151350.0,352446.8732234224,0.09240246406570841,0.8628336755646817
ANGO,-9.668929396087553e-05,0.0,0.033827003114502825,0.536987027037491,-0.8801431069790195,312800.0,413002.55827174534,0.27741273100616015,0.6726899383983573
ANIP,1.0003514865583984e-05,6.195191055848345e-05,0.03171191238268678,0.5034110025771539,-0.837908951258145,121300.0,194218.98806139853,0.042299794661190965,0.6143737166324436
AOD,0.000512518022675005,0.001107260637967968,0.013233737302649836,0.2100790669126211,-0.46333358408974556,334800.0,380907.16316088685,0.3002053388090349,0.02751540041067762
AON,0.00023301047530557552,0.0005095622281711852,0.016662519883993424,0.26450930297229247,-0.40660369705439453,1109200.0,1253621.4326321774,0.6472279260780287,0.08665297741273101
AORT,-0.00011765537556081804,0.0,0.03088028466723072,0.4902093218662407,-0.7967488073923671,214700.0,290203.4110289937,0.17638603696098562,0.5909650924024641
AOS,0.00019529309860363765,0.00017700536815688051,0.01826429929081812,0.2899367627661487,-0.44731305174709385,1067700.0,1227551.9613416714,0.6373716632443532,0.14250513347022586
AOSL,0.0004605167581395723,0.0006125411652836662,0.044791776984015076,0.7110474160822239,-0.895163193485615,234500.0,346622.4559408755,0.19589322381930185,0.8558521560574949
APA,0.0004024621874381814,0.0012722549959790581,0.04334389332266211,0.6880629755104621,-0.9553959927040195,6751000.0,8040759.465605457,0.9396303901437372,0.8386036960985627
APAM,0.0004764141885026746,0.0006798121144685548,0.022795906211104,0.3618737924696031,-0.5466325981535405,477700.0,555810.7447413303,0.4082135523613963,0.3190965092402464
APD,0.00022800799400973188,0.000510128619045444,0.018377443873167306,0.29173287732868997,-0.35150684751715844,1061400.0,1207585.2188743604,0.6361396303901438,0.1462012320328542
APEI,0.00033804731829545923,0.0004726138737572161,0.04009248706135582,0.6364485012385338,-0.9587525101677181,114000.0,167246.78794769756,0.02792607802874743,0.7942505133470226
APH,0.001141473438115696,0.0016544246676419424,0.020350194678152918,0.3230493255008564,-0.4028877268051375,10960800.0,12471296.30471859,0.971252566735113,0.2213552361396304
APLE,0.00018780242736740068,0.0,0.02553181435736908,0.4053049878592019,-0.7432392432437371,1975900.0,2277189.7669130187,0.788911704312115,0.42792607802874744
APO,0.0007320764786911952,0.0012754579336432582,0.026186643638080636,0.4157000804269984,-0.569531718189012,2442000.0,2930494.2012507105,0.8291581108829569,0.4537987679671458
APOG,5.948810145409137e-05,0.0,0.02949636292721406,0.46824024531788155,-0.7097592243112759,153900.0,194858.15804434338,0.09568788501026694,0.5515400410677618
APPF,0.0004431131699310833,0.0005271301145266295,0.030063042768165623,0.4772360089107904,-0.6073421330831581,153300.0,199666.74246731098,0.09425051334702259,0.5667351129363449
APPN,-0.00016796922423768456,0.0002557471315652518,0.04274908354525398,0.6786206630199927,-0.9717040407469432,540900.0,685153.0415008528,0.45338809034907596,0.833264887063655
APPS,0.00028852769627766124,0.0,0.06355219506181206,1.0088598204349313,-0.9982623041277079,2495900.0,3359467.5952245593,0.833264887063655,0.966735112936345
APTV,-0.0003795263843029233,3.2456034206611355e-05,0.0293971755512665,0.46666569453815565,-0.8414070529944826,1965700.0,2321802.1603183625,0.7872689938398357,0.5486652977412732
AQN,-0.00038287759973286146,0.0006405678236934189,0.02026676497459714,0.3217249200154698,-0.7497051325655886,3191100.0,4013946.105741899,0.86652977412731,0.21765913757700206
AQST,0.00024354749616863463,-0.0022322577997606766,0.05571578134952951,0.8844606093150346,-0.9834836246953071,756800.0,1252612.8482092097,0.5486652977412732,0.9416837782340862
AR,0.001375150794282027,0.0013289680630432705,0.04145217746043001,0.6580329171744888,-0.8497135992064032,5829300.0,6933702.5014212625,0.9305954825462013,0.8090349075975359
ARAY,-0.0014688742029163036,0.0,0.04724436263137369,0.7499810062342074,-0.9928533986417175,568700.0,836306.6515065378,0.4671457905544148,0.8809034907597536
ARCB,0.0008008965986685093,-0.0003241271562186152,0.03201221198537768,0.5081781109823437,-0.6910044671166345,257000.0,304435.4178510517,0.22792607802874743,0.6246406570841889
ARCC,0.0003878798195132004,0.0010185535560530978,0.01884364956902545,0.29913366331494473,-0.6189384977705606,2875800.0,3504580.10233087,0.8492813141683778,0.16632443531827515
ARCO,0.00011765004919227428,0.0,0.026197096509392302,0.4158660146148618,-0.6828265127276254,906300.0,1084059.067652075,0.5934291581108829,0.45462012320328543
ARCT,9.741968563151862e-05,-0.0008357258142892489,0.06568847983855722,1.0427722899282161,-0.9983938181649018,439700.0,608587.3223422399,0.3813141683778234,0.9749486652977413
ARDX,-0.0002010542322028728,-0.001269047363168097,0.05793070813099424,0.9196214819308689,-1.4048919373451865,3052800.0,4579003.411028993,0.8595482546201232,0.9498973305954825
ARE,-0.0004891305459222585,0.00031384136799009096,0.021523181267393898,0.34166991033892946,-0.8302110887637647,971400.0,1216785.3894258102,0.6127310061601643,0.2657084188911704
AREC,0.0006223977965274548,0.0,0.06621205021317939,1.0510837119587633,-0.9897249291141598,538900.0,1847337.748720864,0.45215605749486654,0.9770020533880903
ARES,0.0009357928573971543,0.0016302000286133051,0.02463757403707268,0.3911093628602158,-0.5576112096214706,940100.0,1293912.2797043775,0.6028747433264887,0.3967145790554415
ARGX,0.001201042833059022,0.00031831181674163016,0.026301212009743356,0.41751879694419747,-0.42466631672640703,227200.0,267026.20807276864,0.18952772073921972,0.45831622176591374
ARI,5.483407521648735e-05,0.0,0.031224262755588972,0.4956698047357488,-0.8228579524838452,980600.0,1278281.1256395679,0.6151950718685831,0.6012320328542095
ARLO,0.0007492001263517887,0.0,0.04416103990391609,0.7010347753425702,-0.7890776868212119,844000.0,1064105.4007959068,0.5741273100616017,0.846817248459959
ARLP,0.0006227031154056967,0.00044517956203255296,0.03343433170720374,0.5307535616934163,-0.900081129846131,423200.0,512226.03752131894,0.3700205338809035,0.6640657084188911
ARMK,0.00037221372167949376,0.00026596078732202695,0.025852316065891764,0.4103927947523359,-0.7563292963630983,2509620.0,2988605.541785105,0.8336755646817249,0.4406570841889117
AROC,0.0008458402303740282,0.001206219435049843,0.033071462119530305,0.5249931855694215,-0.8617848435264946,1054300.0,1210410.5741898806,0.6344969199178645,0.6558521560574949
ARQ,-0.0010952502460873466,-0.0015232785286119505,0.04884680990474795,0.7754190680808584,-0.9889566926550809,143800.0,224835.58840250142,0.07967145790554415,0.8965092402464065
ARR,-0.0004093346775230442,0.0010477851376428705,0.025513716297944095,0.4050176900724936,-0.8709210029059368,901700.0,1380276.4411597499,0.5919917864476386,0.4271047227926078
ARVN,-0.0006438393226468684,-0.001374644307169091,0.047712146317212635,0.7574068420348254,-0.9877145710741605,516200.0,802535.7021034679,0.43367556468172486,0.8845995893223819
ARW,0.0006484937490482908,0.0006580531450649386,0.020615936649681536,0.3272678485183168,-0.5442561120648799,469800.0,534438.9425810119,0.40369609856262834,0.23408624229979466
ARWR,0.0005020788647215271,0.0,0.04211399249587585,0.6685389051607672,-0.959613281063093,1040300.0,1386124.6162592382,0.6316221765913758,0.8217659137577003
ASB,0.00036157578937707997,0.0,0.023667826299060234,0.3757150947647257,-0.5415397959766438,1361100.0,1523206.6515065378,0.7026694045174537,0.34743326488706366
ASC,0.000677625674309287,0.0011331037262349922,0.033933469371268586,0.538677126468024,-0.8056327829688258,500700.0,556483.6839113133,0.4238193018480493,0.6772073921971252
ASG,0.0002558101096369613,0.001342571808951962,0.01666942379087127,0.2646188990963337,-0.49651689560286494,200600.0,230073.73507674815,0.16098562628336754,0.08747433264887064
ASH,1.2955088319446714e-05,0.0,0.02108542211388448,0.3347206992129611,-0.6125685089289689,449400.0,531026.549175668,0.3897330595482546,0.25174537987679674
ASIX,-0.00021679086680204777,0.0004780198064097156,0.03265682758189405,0.5184110663400389,-0.7982768404689157,173200.0,220293.91699829447,0.13059548254620124,0.6427104722792608
ASM,0.0012763052390062724,0.0,0.04583284572157719,0.7275738699461038,-0.8569047758335059,776000.0,1876017.1119954519,0.55564681724846,0.864476386036961
ASML,0.001145315370728255,0.0014916067171033209,0.027222738130608305,0.4321475705989497,-0.6186332013765732,1031900.0,1203456.1682774303,0.6299794661190965,0.48501026694045174
ASND,0.00048720183722762993,-0.00043171928157411624,0.029385545831625406,0.46648107846222925,-0.742707124190601,310900.0,413533.71233655483,0.2763860369609856,0.5474332648870637
ASPN,-8.393682700102465e-05,0.0,0.05377635841552802,0.8536732246929756,-0.9944831062328081,650000.0,978612.4502558272,0.5071868583162218,0.9281314168377823
ASTE,0.00019924345086960848,0.0002644719079872279,0.027618509223448988,0.4384302419255379,-0.7277792793796672,123400.0,146018.5332575327,0.045585215605749484,0.49856262833675563
ASTH,0.0003787005572177943,0.000824037814529949,0.0390439915942725,0.6198041516984479,-0.9374812285572723,214300.0,284773.450824332,0.1753593429158111,0.7794661190965092
ASX,0.0014540455039713399,0.0018099237815031555,0.027108699724972377,0.43033726703161185,-0.5141507612455227,5302800.0,5654414.95167709,0.9248459958932238,0.48213552361396306
ATEC,0.00038425308268335233,0.0006972142021915567,0.04227788388322482,0.6711406002784717,-0.8770266294336146,1075800.0,1409549.7441728255,0.6390143737166324,0.8250513347022588
ATEN,0.0007697128480995805,0.0014541172813683219,0.02892092779222688,0.4591054957409318,-0.5527571756543423,613600.0,779768.1637293916,0.49075975359342916,0.5351129363449691
ATEX,0.00047749006038845846,-0.0011805466594462075,0.03148298296925016,0.4997768608027067,-0.8113527963575063,117600.0,168006.70835702104,0.03429158110882957,0.609034907597536
ATHM,-0.0007165220022828904,-0.0006324490411834456,0.029280267084756968,0.46480983016690275,-0.9201601324657896,505800.0,603657.2484366117,0.42792607802874744,0.5453798767967146
ATI,0.0012618060332426015,0.0004590430789110311,0.03334493940562787,0.5293345028988556,-0.8138593897201024,1424300.0,1705273.3939738488,0.7121149897330595,0.6611909650924025
ATKR,0.0006771902945735497,0.0005339643302658898,0.03539805271403589,0.5619266662637638,-0.7939734904536657,417800.0,497828.3115406481,0.36591375770020534,0.7096509240246407
ATNM,-0.0009999191600095739,-0.004787827702648507,0.05502092004683808,0.8734300280994113,-0.9982342473648028,177600.0,319651.53723706654,0.13552361396303902,0.9359342915811089
ATO,0.0002769273053087602,0.000749475733511764,0.014586527954162362,0.23155395275163224,-0.3552692001661471,839700.0,954670.2671972712,0.5716632443531827,0.04394250513347023
ATOM,9.51439436039034e-05,-0.0028292157789203023,0.06364081808378759,1.0102666672944247,-0.99574834736172,282700.0,506295.1108584423,0.25297741273100616,0.9675564681724846
ATR,7.396123158609899e-05,0.00045819365475363615,0.015228136829885282,0.24173917789643978,-0.42389735729109823,267400.0,314935.1335986356,0.23613963039014374,0.05215605749486653
ATRC,0.00048493020015036217,0.0009791039928928194,0.029371702384616682,0.4662613205537913,-0.831501850807467,364900.0,466209.437180216,0.32813141683778235,0.546611909650924
ATRO,0.0006251358913384143,0.0,0.03975376808961024,0.6310715042570638,-0.8955140900218566,245588.0,384975.1080159181,0.21437371663244353,0.7885010266940452
ATYR,-0.0014250234752114354,0.0,0.06775019886849662,1.07550106488727,-1.1448660734820715,264500.0,1393144.7413303014,0.23449691991786448,0.9819301848049281
AU,0.0010083151989418975,0.0001133966345659219,0.03337577995595344,0.5298240814576026,-0.7352849897105975,2706300.0,2972413.8146674247,0.8431211498973306,0.6624229979466119
AUB,0.0001655631461734836,-0.0005583530001072184,0.024977864143614182,0.3965113008333627,-0.5646776554273526,353400.0,593545.5372370665,0.3141683778234086,0.4090349075975359
AUDC,-0.00026283164743731014,-0.00034442114082507494,0.02905426499482006,0.4612221582123793,-0.8923176615378726,110800.0,182391.0176236498,0.020944558521560575,0.5392197125256674
AUPH,0.0006192411169058648,-0.0006629746083353354,0.044026777563088766,0.6989034267569473,-0.9378350490609801,1615000.0,2270234.3945423537,0.7390143737166325,0.8447638603696098
AUTL,-0.001059163462161022,-0.0008374211404839627,0.04975742831939952,0.7898746872675221,-0.990456696079728,611500.0,1088226.6628766344,0.48993839835728953,0.9026694045174538
AVA,-9.412549978080744e-06,0.0,0.017619403721152914,0.2796993629724999,-0.4435496987371217,472900.0,558463.6725412166,0.406570841889117,0.12032854209445586
AVAV,0.0006042400647836801,0.00021006564054924941,0.035401177109635064,0.5619762645062805,-0.7396887634184885,243600.0,499633.3712336555,0.21273100616016427,0.7100616016427105
AVD,-0.0011896592281975228,0.0,0.034873895678368266,0.5536059312778356,-0.9694651330809915,163800.0,213257.87379192724,0.11396303901437371,0.7026694045174537
AVGO,0.0015420127964928824,0.0013301248138587274,0.027301203715868923,0.43339317314941006,-0.5216015213040731,21267000.0,24996707.39056282,0.9897330595482546,0.48829568788501027
AVK,0.00034793327999308143,0.0008782637319642169,0.01657457143521965,0.26311316463039663,-0.5411803215611408,116462.0,133357.60830017054,0.03162217659137577,0.08336755646817248
AVNT,0.00024359724046305544,-0.00039926371004438154,0.028493288918134164,0.45231693907017384,-0.7686566182196465,492200.0,588551.108584423,0.41930184804928133,0.5236139630390144
AVT,0.0005812515073237846,0.00024100087491392674,0.02183187693157529,0.3465703020882967,-0.5886334440564818,686400.0,802949.857873792,0.5211498973305955,0.2780287474332649
AVTR,5.477488218267097e-05,0.0,0.027711746776229906,0.4399103421906013,-0.8866427296648987,5452600.0,6624689.312109153,0.9264887063655031,0.5010266940451745
AVXL,-0.0002161159064274559,-0.0019569478344454334,0.05459522239843739,0.8666722874311719,-0.9874529598053791,905500.0,1329019.4997157475,0.5926078028747434,0.9342915811088296
AVY,0.000306376247598405,0.00024071386784372823,0.01842217763533411,0.2924430037881,-0.45879274714339513,510900.0,573341.4440022741,0.4308008213552361,0.1486652977412731
AWF,0.00018567818945020286,0.0008864496653122526,0.011115223851730029,0.1764487084709468,-0.43181525272481736,196700.0,229218.24900511655,0.15564681724845997,0.013552361396303902
AWI,0.00033851013052894804,5.698043358553454e-05,0.020199107729514748,0.32065089454619133,-0.5427355328024553,313800.0,367421.1483797612,0.2786447638603696,0.21396303901437372
AWK,0.00010436041631655492,0.0006188236770239464,0.01662922115496328,0.26398070203636276,-0.4122698110565726,968000.0,1168173.1665719158,0.6119096509240246,0.08418891170431211
AWP,0.00010930642555786945,0.0,0.016951961924180105,0.26910405291609923,-0.573633157602393,107933.0,126636.27743035815,0.015195071868583163,0.09774127310061602
AWR,2.815730364240738e-05,0.00012971725969658526,0.01757451469709199,0.2789867718069303,-0.39165435107911034,190200.0,219676.86185332574,0.15071868583162218,0.11827515400410678
AX,0.0006741592003716594,0.0001897496338893142,0.027970775449195042,0.4440222948972063,-0.5670974735992742,333800.0,406196.4184195566,0.29938398357289525,0.508829568788501
AXGN,0.0006536917870483713,0.0006187269724196445,0.040092514755140515,0.6364489408637368,-0.9143466598183713,316700.0,479242.86526435474,0.28459958932238194,0.7946611909650924
AXON,0.0011298828573626596,0.001695629923900249,0.03283271376564026,0.521203172947507,-0.6478376381450358,529300.0,682132.4616259239,0.4439425051334702,0.6484599589322382
AXP,0.0005950030628100917,0.0006921591883437656,0.02243820955958444,0.35619553416127536,-0.5326597134092114,2946600.0,3463164.6389994314,0.8546201232032854,0.2997946611909651
AXS,0.0003011179775488377,0.0010533924281998829,0.018734763047559628,0.297405143373392,-0.5326184073090898,518800.0,583038.4877771462,0.4369609856262834,0.16180698151950718
AXSM,0.0011716716042193757,-0.00016572229136023096,0.04594769612570979,0.7293970635899646,-0.9333321962452394,616700.0,807616.7708925526,0.4928131416837782,0.8677618069815195
AXTA,4.834793887967106e-05,0.000628009935754399,0.021808471643973988,0.3461987546661548,-0.5985475645125372,2157100.0,2498784.593519045,0.8090349075975359,0.2767967145790554
AXTI,0.001745447336920958,0.0,0.05943153449979461,0.9434463619284723,-0.9802028155022857,295700.0,1613367.8226264922,0.26283367556468173,0.9548254620123203
AYI,0.0005210806876304012,0.0010170275513279486,0.024293382795114043,0.3856454962822017,-0.5368555001718971,295000.0,358437.0665150654,0.2624229979466119,0.3786447638603696
AZN,0.000431054161417894,0.0009102904591964701,0.01655106782385445,0.26274005636689124,-0.2842735962404295,2489550.0,2963242.694712905,0.8328542094455852,0.08172484599589322
AZO,0.0005533837620836965,0.000708177051436653,0.017535490807685968,0.2783672867675774,-0.4508243417704419,159800.0,185344.00227401932,0.1080082135523614,0.11786447638603696
AZTA,-5.0104668648465535e-05,0.0003155922126550373,0.034215241758283686,0.543150124442226,-0.9344924606261398,576700.0,706826.3217737351,0.47145790554414785,0.6817248459958932
AZZ,0.0007087204464761346,0.000700538231747551,0.024092464046130593,0.3824560100209592,-0.5928212528516926,145400.0,179184.02501421262,0.08418891170431211,0.36591375770020534
B,0.0005901433223263127,0.0007363481948479713,0.023961169270137563,0.38037177006664225,-0.5910249587516031,16605100.0,18062533.25753269,0.9843942505133471,0.36098562628336756
BA,-0.000374157548928356,-0.000422419140559002,0.02969787944708246,0.4714392208977395,-0.8214792517877434,7674400.0,11307234.110289937,0.9519507186858316,0.5548254620123203
BABA,-0.0002308963143745676,-0.0016043201112621707,0.029889042292853347,0.47447383699669043,-0.8631220767217135,16045600.0,19285362.421830587,0.9835728952772074,0.5605749486652978
BAC,0.0004747423204452465,0.0007183138746898994,0.02069148157999715,0.32846708710887773,-0.5255410727188762,42128800.0,46971272.82546902,0.9967145790554415,0.23860369609856263
BAH,7.886570094334453e-05,0.0008424425449078206,0.02004757791226734,0.318245433270305,-0.7104946382517825,1008100.0,1268460.7163160888,0.6201232032854209,0.20698151950718685
BAK,-0.0011950474110148986,-0.0027063788009144014,0.04183420775878768,0.6640974601509658,-0.9791218335813794,445800.0,745430.2444570779,0.38562628336755644,0.8172484599589322
BALL,-0.00010702144977600959,0.00015545617077520997,0.01962623634250544,0.3115568432066837,-0.6153970625319252,1862600.0,2108985.332575327,0.7761806981519507,0.18973305954825462
BANC,0.00022688746068697422,0.0,0.028488243714620658,0.45223684894731114,-0.677766547435316,579900.0,1312569.698692439,0.47268993839835727,0.5232032854209445
BAND,-3.4977421762184457e-05,0.0008382722530131885,0.0459797496927027,0.7299058981913393,-0.983734690690263,336400.0,459232.9164297897,0.3026694045174538,0.8694045174537988
BANR,0.0002614224440711649,-0.00045193496568911914,0.02440546178376495,0.38742469506919724,-0.5568065349740626,176200.0,204710.7447413303,0.13388090349075976,0.384394250513347
BAP,0.0005754217846835162,0.0003718540633379333,0.022137706071443494,0.35142518917490506,-0.6024609260383226,305800.0,371934.84934621945,0.27145790554414784,0.2891170431211499
BATRK,0.0003749066534671046,0.00011800214367558059,0.019997132937010043,0.3174446441137634,-0.5768861183157066,172300.0,215235.47470153496,0.1293634496919918,0.20369609856262832
BAX,-0.0006829272087969018,0.0,0.021499923092311735,0.34130069825562986,-0.8684885402778248,3730000.0,4501272.370665151,0.8882956878850102,0.26529774127310063
BB,0.0002330701674816896,0.0,0.04266358172888938,0.6772633637635224,-0.9665439503666866,7137400.0,12620201.648664014,0.9457905544147844,0.8320328542094456
BBAR,0.0008298368082053693,0.0,0.04185728892568012,0.6644638623163653,-0.8032793788001844,628800.0,738631.6657191586,0.49691991786447637,0.8188911704312115
BBD,-0.00026039760459724775,0.0,0.028152669008944812,0.44690976564229923,-0.8539349562446149,26782800.0,29482368.220579874,0.9921971252566735,0.5129363449691992
BBDC,0.0003060578597548498,0.0009828122752561256,0.016430041362577738,0.26081882085531305,-0.5147565534418779,362200.0,423817.4530983513,0.3219712525667351,0.07967145790554415
BBIO,0.0006412014129826928,0.0,0.05582529025492181,0.8861990092951242,-1.3014008377976936,1495700.0,1925033.0869812393,0.7236139630390144,0.942094455852156
BBN,-4.3176117567133825e-05,0.0,0.010496388475601411,0.16662500142459416,-0.4087060040604387,171600.0,207344.00227401932,0.12813141683778234,0.01108829568788501
BBSI,0.0002449976964771906,0.0011015080146668508,0.02338047226026237,0.3711534908153908,-0.7239949245326366,150400.0,174629.61910176236,0.09075975359342915,0.34045174537987677
BBT,9.295266529641159e-05,0.00015747942241411782,0.026809214471206308,0.4255830860148353,-0.7953567138034764,308000.0,417896.1341671404,0.27392197125256673,0.47392197125256674
BBVA,0.0012122725223794122,0.0018333257595281108,0.02461026220479171,0.39067580096382604,-0.6148037565570456,1751300.0,2395404.2637862423,0.7613963039014374,0.395482546201232
BBW,0.0013867501353627062,0.0005969681130672009,0.044737825634193866,0.7101909649550848,-0.8395969302264342,240800.0,310746.3331438317,0.2057494866529774,0.8546201232032854
BBWI,0.00013164746284962433,-0.0009563596107829383,0.03729979505802195,0.5921158900632127,-0.8772474464641277,4407600.0,5466668.937464468,0.9063655030800821,0.7437371663244353
BBY,0.0003333791847492706,0.0006356649642727907,0.024841085093183765,0.39434000072134806,-0.6407908202161714,2595000.0,3066433.7123365547,0.8381930184804928,0.4053388090349076
BC,0.0002271904582746182,-0.0001465114949412495,0.027266183593695204,0.43283724594448153,-0.6996361163378458,670400.0,757293.6895963616,0.5166324435318275,0.486652977412731
BCC,0.0006977142377038271,0.0006169502038849355,0.028333663255906128,0.4497829602394576,-0.6138325441974763,302000.0,342821.4894826606,0.2694045174537988,0.5190965092402464
BCE,-0.00021786031933093163,0.0004212196970173138,0.013949176429568699,0.22143631096081604,-0.5810940426379918,1529800.0,1999208.698123934,0.7273100616016427,0.03655030800821355
BCH,0.0004881245335682005,0.0009256314333290869,0.020460571089879635,0.32480149671707587,-0.5554383321156379,151700.0,191412.84820920977,0.09322381930184805,0.22669404517453798
BCO,0.00018167049294225558,5.7713348866329415e-05,0.024709492809348196,0.3922510379764444,-0.6839666924497806,269400.0,336752.9846503695,0.237782340862423,0.4
BCPC,0.0003345432146463989,-7.384994251102023e-05,0.017142456881361564,0.2721280666123834,-0.37134503769946753,109000.0,130201.3644115975,0.018069815195071868,0.10472279260780287
BCRX,0.0005889972575507862,-0.0011721993767727817,0.045559953497502546,0.7232418401883549,-0.8862305186307395,3160000.0,4163301.3644115976,0.8652977412731007,0.8624229979466119
BCS,0.0008265786134455617,0.001241977607106059,0.02535721232820556,0.4025332665737584,-0.6413811256014089,6751800.0,8512152.302444572,0.940041067761807,0.4213552361396304
BCSF,0.00016729368471195898,0.0007661922076686845,0.020209060601179503,0.3208088914857266,-0.6886812689960935,217800.0,263074.82660602615,0.18028747433264888,0.21519507186858317
BCX,0.0005518993966928123,0.0011242054404810905,0.016831513976310723,0.26719200102015644,-0.5868528246654874,249100.0,308624.559408755,0.21930184804928132,0.09486652977412731
BCYC,-0.0006552296119013323,-0.0019601349512213223,0.0431237635303619,0.6845685233909663,-0.9806689801850699,211000.0,281645.53723706654,0.17371663244353183,0.8365503080082135
BDC,0.00043627131779434803,0.0009877619927873456,0.027061365599637132,0.42958586108662894,-0.5736653726165204,259400.0,304317.4530983513,0.2297741273100616,0.48008213552361395
BDJ,0.00038198194276645934,0.001025080221269246,0.013078521538054647,0.20761509303656742,-0.5055706814333062,448500.0,505447.2427515634,0.3882956878850103,0.026283367556468172
BDN,-0.0005579469782906392,0.0,0.025720126268004233,0.4082943467659141,-0.840682139237811,1839900.0,2181769.528140989,0.7737166324435318,0.437782340862423
BDX,4.090086441845059e-05,0.0,0.016259920810728502,0.25811824081674817,-0.4684717885500969,1749048.0,2077417.491188175,0.7609856262833675,0.07679671457905544
BE,0.0025116532366352196,0.0,0.058953199422674026,0.9358530279839524,-0.9190812721602901,4220600.0,5969956.623081296,0.8989733059548255,0.9531827515400411
BEEM,-0.0008960446527880565,-0.00394482918415516,0.05693130979409951,0.9037565251701789,-0.99830386077329,170300.0,385387.6634451393,0.12525667351129363,0.9462012320328542
BEN,0.00027311453726230726,0.00014693695920083184,0.02268598027461585,0.36012877232610196,-0.5599223585030156,3249700.0,3782989.312109153,0.8694045174537988,0.3129363449691992
BEP,0.000338672261951247,0.00024310195105021532,0.021702291685271997,0.34451320007648734,-0.5994606762133271,430400.0,533178.8737919272,0.37433264887063655,0.27392197125256673
BFAM,-0.00047499010173476076,0.0001477412401817868,0.026692328208579877,0.4237275741192994,-0.8184483753573051,429700.0,512817.3393973849,0.3735112936344969,0.4706365503080082
BFH,7.314585154236258e-05,-0.00027432131392923336,0.036284893623512206,0.5760048292574798,-0.8961603937698239,773900.0,986529.1245025583,0.5540041067761807,0.7256673511293634
BG,0.0004897053591959761,0.0009471898913331936,0.020635421994399605,0.3275771687763231,-0.4970972883809871,1272700.0,1450305.5713473565,0.686652977412731,0.23613963039014374
BGB,0.00018218052612340233,0.0007198371489909134,0.012131129283819823,0.19257570724416206,-0.4894892734966895,140100.0,162839.39738487778,0.07166324435318275,0.020123203285420943
BGC,0.0004883416522609684,0.0,0.02876306377791217,0.45659948220387336,-0.7093409125498294,2381900.0,2820686.355884025,0.8246406570841889,0.528952772073922
BGR,0.0005085390950456238,0.0014580307039466548,0.018924408969673536,0.30041567905581756,-0.6561819220629264,103800.0,131250.5969300739,0.00862422997946612,0.1679671457905544
BGS,-0.000690198870782958,-0.0010704446575021823,0.03201616244381182,0.5082408225658323,-0.9417763594862781,1143500.0,1461323.536100057,0.657905544147844,0.6250513347022587
BGY,0.00035102815704407894,0.0,0.011758295153716068,0.18665714891297225,-0.35915799586628727,226500.0,264306.87890847074,0.18767967145790554,0.016837782340862424
BHC,-0.0007653530607540451,-0.0012307975562154407,0.038916007205054746,0.6177724625050359,-0.964519489729814,2665600.0,3671916.7140420694,0.8406570841889117,0.7757700205338809
BHE,0.0006781465426851981,0.0007366534452129792,0.026025769344031422,0.4131462801806146,-0.6391239811251594,209300.0,252480.38658328596,0.1728952772073922,0.44599589322381933
BHF,0.0001527769703409245,0.00013385788302429494,0.032001372217426875,0.5080060350007387,-0.7079293124972101,576600.0,737967.8794769755,0.471047227926078,0.6242299794661191
BHK,-5.067376012094755e-06,0.0,0.00941075191539612,0.14939105530957736,-0.4083567098294358,158500.0,193013.13246162594,0.10472279260780287,0.008213552361396304
BHP,0.0006103039602689865,0.0008398332567076969,0.02152893070041078,0.3417611797585832,-0.4703705472400516,2676700.0,3033403.6185332574,0.8414784394250513,0.26652977412731005
BHR,-0.0008296641231208492,0.0,0.04883329198550408,0.7752044777654844,-0.9811010337069173,356700.0,471979.5719158613,0.31704312114989736,0.8960985626283368
BIDU,-0.00010519495131027748,-0.0011089404898007571,0.03198712246652358,0.5077798272179304,-0.8756291750847969,3127100.0,4128809.7214326323,0.8632443531827515,0.6238193018480492
BIIB,-6.5106084870435756e-06,-0.0005577947682132202,0.026461789538884724,0.4200678861937172,-0.7917984894358245,1144100.0,1394533.8828880046,0.6583162217659138,0.46406570841889117
BILI,-4.7537314647213575e-06,-0.0010546629022138493,0.04644696309450995,0.7373226810136101,-0.9814682996390729,4588800.0,5727994.2012507105,0.9088295687885011,0.8751540041067761
BIO,6.441201720120534e-05,0.0004931830958281334,0.023192458972956482,0.3681688724070681,-0.79858802427609,197200.0,230361.1142694713,0.1564681724845996,0.3351129363449692
BIP,0.00026791339385282833,0.0005791177702226939,0.019860198072824183,0.31527087053506225,-0.5498807847854503,422100.0,518216.4366117112,0.368788501026694,0.1971252566735113
BIT,0.0001454403997282947,0.0006388800345514568,0.0118110452726792,0.18749453109140538,-0.46871431584708195,120400.0,166304.66173962477,0.03880903490759754,0.01724845995893224
BJ,0.0007300036464365415,0.0004016229381474387,0.02256336921127221,0.35818238203654723,-0.33720880217988103,1589300.0,1865276.2364980103,0.735523613963039,0.30636550308008215
BJRI,0.0002776643236965417,-0.0003070973331886584,0.03890530358055059,0.6176025477336459,-0.9013731682973487,339400.0,407080.6708357021,0.3047227926078029,0.7753593429158111
BKD,0.0002296168972058645,0.0,0.040884160105653274,0.6490159212078407,-0.9115499038649285,1963300.0,2500357.6463899943,0.7868583162217659,0.8041067761806981
BKE,0.00082121618077936,0.0008515315098453171,0.027038875769559247,0.42922884610214385,-0.5697305920444102,427700.0,496868.6185332575,0.37207392197125255,0.47967145790554416
BKH,9.92648814929707e-05,0.0006397637232510606,0.017885968929545866,0.2839309544700391,-0.48626481601128096,411900.0,508977.7146105742,0.3626283367556468,0.12607802874743326
BKNG,0.0004276449848778034,0.0006898138212405857,0.0226988310038389,0.3603327713282421,-0.4703234329846118,7345000.0,8445136.952814098,0.949075975359343,0.3141683778234086
BKR,0.0006093941961829616,0.0011823129723319717,0.02639272733132302,0.4189715576365088,-0.6729207554795268,7098300.0,7833242.751563388,0.944558521560575,0.4611909650924025
BKU,0.00027900878201728044,0.0002692649503914452,0.02885447396451706,0.45805057393020066,-0.7085138764010183,703100.0,827854.1785105173,0.5260780287474333,0.5330595482546201
BL,-0.00030299472912827334,0.0004732606630320337,0.029069833628810646,0.46146930261513175,-0.9002928875722365,559300.0,687848.5503126776,0.4620123203285421,0.5400410677618069
BLBD,0.0006344953121734509,0.0008241822153776171,0.0362374979705203,0.5752524465912271,-0.8227257852473474,227900.0,320702.728823195,0.19096509240246407,0.7248459958932238
BLDP,-0.0004977687126815777,-0.0020725398239256473,0.04578189612950946,0.7267650702460354,-0.9901311405969734,3449600.0,4450489.425810119,0.8788501026694046,0.8640657084188912
BLDR,0.0006015663947250892,0.0005421367209504225,0.032680185029310325,0.5187818543227872,-0.7953429567106297,1805300.0,2062426.9471290505,0.7683778234086243,0.6443531827515401
BLFS,0.0004665134425858272,0.0010670926289557511,0.0417272642242325,0.6623997841704103,-0.9270994713652386,315300.0,404987.20864127344,0.28213552361396305,0.8151950718685832
BLK,0.0006021063103107064,0.0009132954716913965,0.019074554791347408,0.30279917008308466,-0.4668885551554566,604900.0,702998.9198408186,0.4854209445585216,0.17371663244353183
BLKB,-0.00042541985099808197,0.0,0.025288073271870076,0.40143571808008616,-0.8315905678909739,261300.0,330016.14553723705,0.2324435318275154,0.4184804928131417
BLMN,-0.00039760419014333947,-0.0006417553761091259,0.04008196116174815,0.636281407762411,-0.9273317367221708,1720700.0,2034398.6355884024,0.7572895277207392,0.7938398357289528
BLNK,-0.0008630442348647434,-0.0059702809501476556,0.059886896106389184,0.9506750033344087,-0.9988169452388486,2152700.0,3627540.704945992,0.8078028747433265,0.9564681724845996
BLX,0.0008337853900139526,0.001357739578185929,0.021773371537452374,0.34564155774906635,-0.688591330184993,105900.0,125462.81978396817,0.012320328542094456,0.27597535934291584
BMA,0.0007670148799779896,-0.0011520185513661726,0.0387403706787053,0.6149843190858767,-0.8361574767313598,294000.0,354626.03752131894,0.26160164271047226,0.7712525667351129
BMI,0.000544054650352625,0.0008449566784088456,0.023678802139737515,0.3758893308338974,-0.59869375264631,158100.0,213510.06253553156,0.10410677618069815,0.3486652977412731
BMO,0.0006502933078503006,0.0012552767416403896,0.017119316477273997,0.271760724085664,-0.5426105558641606,601700.0,733340.8186469584,0.4841889117043121,0.10308008213552361
BMRN,-9.505414626912175e-05,0.00015921977749180411,0.02379748997892564,0.3777734418707338,-0.7549630138116027,1353600.0,1642313.9283683912,0.702258726899384,0.3535934291581109
BMY,0.0002821906333896284,0.00018521319099512403,0.015474007768695376,0.24564225804869672,-0.49412601446073495,11246000.0,12590453.496304719,0.9728952772073922,0.05626283367556468
BN,0.0004070794748806295,0.0013025068653879626,0.02173413881641832,0.34501875761039147,-0.5479390192022064,3588900.0,4189541.1341671403,0.8825462012320329,0.27474332648870636
BNS,0.0004853609489328613,0.0009155474742427003,0.01566114788245596,0.24861301525670576,-0.46747862181975947,1386400.0,1645581.0119386015,0.706776180698152,0.06119096509240246
BNY,0.0007769656070889859,0.0015639131084428453,0.018443123870129533,0.29277551495713117,-0.49282073489147077,4068700.0,4604854.4059124505,0.895687885010267,0.15030800821355236
BOC,-0.00022795917172296556,-0.000566532245417129,0.025191143338298524,0.3998970030871161,-0.8348918453847696,110000.0,129748.09550881182,0.019301848049281315,0.4164271047227926
BOE,0.00039088086721164296,0.000862685260711156,0.011418628309227673,0.1812651049181902,-0.38630004542576124,144700.0,163768.84593519045,0.08234086242299794,0.014784394250513347
BOH,6.255002078701945e-05,-0.00026131837720878035,0.023339762578580156,0.3705072446532883,-0.7106351525454798,269000.0,349643.20636725414,0.2373716632443532,0.33880903490759756
BOKF,0.00038731181366062726,0.00023301519670202803,0.02341556505886177,0.37171057172281047,-0.6369946634422613,180500.0,212188.91415577033,0.1406570841889117,0.3408624229979466
BOOM,-0.0011403563826673066,-0.0004259622613880461,0.04042365890063261,0.6417056912062593,-0.9762852735855627,157100.0,201676.40704945993,0.10225872689938398,0.7995893223819301
BOOT,0.0006980774554297049,0.0003331279797333693,0.036703249235815145,0.5826460187159301,-0.8258829313740761,626000.0,715644.8550312677,0.49609856262833674,0.7342915811088295
BORR,-0.0004501277063861988,-0.0013325357327830514,0.06556306302460588,1.0407813597285684,-0.9967961564234653,1590800.0,2690339.2836839114,0.7359342915811088,0.9741273100616017
BOX,0.00034717815268906724,-0.0003352843991631468,0.023756080462273385,0.3771160861728943,-0.5370652019133331,1643900.0,2052790.9607731665,0.7435318275154004,0.3519507186858316
BP,0.000297357713601491,0.0005906402275875431,0.022480967662990795,0.3568742980101514,-0.6649989106455126,9544500.0,10937370.03979534,0.9646817248459959,0.302258726899384
BPOP,0.000736444289529117,0.000690859178940481,0.02273622763591772,0.3609264244583537,-0.618523905546269,488700.0,560761.5122228538,0.41478439425051333,0.3162217659137577
BR,0.00021697777434698137,0.0007722652580427249,0.016294167338143505,0.25866188758559405,-0.4975760547861275,527500.0,659934.9061967026,0.4427104722792608,0.07720739219712526
BRC,0.00032254821320169645,0.0003852522409782433,0.018944231875806974,0.3007303579351675,-0.4167735013751776,208000.0,258423.47924957363,0.17207392197125257,0.1704312114989733
BRKR,0.00022317246350166925,0.00023470595118815993,0.027175920288957815,0.4314043604033817,-0.7645844276847037,819600.0,1236271.9158612848,0.5663244353182751,0.4837782340862423
BRO,0.0003262278952807041,0.0009857162291584622,0.017169265895620393,0.2725536465201253,-0.5798715108769368,1344500.0,1710790.278567368,0.7010266940451746,0.10636550308008214
BRSL,5.4535565045146786e-05,0.0001515156098358745,0.03579789267221491,0.5682739288251726,-0.8078070566405624,1484100.0,1805923.7066515065,0.7223819301848049,0.7174537987679671
BRSP,-0.0003497851514743695,0.0,0.034278465904581674,0.544153776649979,-0.8533019849277224,588200.0,733608.5275724843,0.47761806981519506,0.6837782340862423
BRW,0.0001892962780961729,0.0,0.010824933205393399,0.17184048732213725,-0.42609841908749374,141000.0,184278.908470722,0.07392197125256673,0.012320328542094456
BRX,0.00037011080232814033,0.000489321627766644,0.02375126635749125,0.3770396646286607,-0.6910154748331993,2257100.0,2518927.1745309834,0.8160164271047228,0.3515400410677618
BSAC,0.0003143285296105294,0.001057141835082167,0.02187826473419802,0.34730668562593564,-0.6232800384170427,360800.0,437960.20466173964,0.3195071868583162,0.2804928131416838
BSBR,-9.011040732233911e-05,0.0,0.02619295631350859,0.4158002910427374,-0.7365903510581494,852426.0,1093602.0801591813,0.5757700205338809,0.4542094455852156
BSIN,-0.0006460055592645039,0.0,0.05569148344516264,0.8840748920410261,-0.9886452663104449,118400.0,1005518.3342808414,0.03737166324435318,0.9412731006160164
BSM,0.0004012910710201916,0.001225948474152883,0.02195602801519713,0.34854113944187215,-0.7195993702066885,416900.0,494970.03979533823,0.3650924024640657,0.28213552361396305
BST,0.0006208000101080196,0.0016565614429724209,0.01677505422523583,0.2662957302575838,-0.49683037021544174,103700.0,119230.84025014212,0.008213552361396304,0.09158110882956878
BSTZ,0.0006191218951056524,0.0015826124819617116,0.01919813771134929,0.30476098811880564,-0.6302316680276172,204600.0,242869.98294485503,0.16714579055441478,0.1782340862422998
BSX,2.070612653170091e-05,0.0006553065913720527,0.01872797174243596,0.29729733474678327,-0.6344559071616293,7455800.0,9171232.518476408,0.9503080082135523,0.16098562628336754
BTCS,6.0879744516558096e-05,-0.006849429349482981,0.08531371221843566,1.35431319572228,-0.9993144237926062,116800.0,855530.8584422967,0.0324435318275154,0.9967145790554415
BTE,0.000628735969990528,0.0,0.042215893411838845,0.6701565320528139,-0.9114157170328122,3443600.0,9661870.324047754,0.8784394250513347,0.8238193018480493
BTG,0.00041139147818979163,0.0,0.03097946264270054,0.4917837234180088,-0.7421933525860344,10255600.0,16426705.28709494,0.9683778234086242,0.5942505133470226
BTI,0.000548111341154899,0.0011619443136671897,0.01518633660539848,0.24107561990400728,-0.4064019366369929,3337800.0,3763031.949971575,0.8735112936344969,0.05092402464065708
BTU,0.0003334236572943175,-0.0015349200160029975,0.053744274231838425,0.8531639040666085,-0.9774855781788357,3299800.0,4201659.408754975,0.8722792607802875,0.9277207392197125
BTZ,0.00013927993618503088,0.0003926652919310418,0.009467309286835389,0.15028887574739222,-0.3643091947084722,241200.0,282264.98010233085,0.20780287474332648,0.009034907597535934
BUD,-5.605884577929627e-05,0.0003178221573388898,0.019024101048545145,0.3019982417460814,-0.6467516521924449,1622400.0,1903220.9778283115,0.7416837782340863,0.17248459958932238
BURL,0.0001373320930432634,0.0002056690983656732,0.028860050303984603,0.4581390955749438,-0.7460619917957382,831500.0,965439.3973848778,0.5700205338809035,0.5338809034907598
BUSE,0.00026127619493563183,0.0,0.021980495949664496,0.3489295558600486,-0.5265035122077044,177900.0,276334.3376918704,0.13593429158110884,0.28336755646817247
BV,-0.00028925908439505474,0.0,0.029193090685168146,0.46342594772586665,-0.8387421749889208,318600.0,442184.5366685617,0.286652977412731,0.5441478439425051
BVN,0.00047962158766665217,0.0007234895995283842,0.031206765386230982,0.4953920426082343,-0.7930712845535773,1147600.0,1406698.010233087,0.6591375770020534,0.6004106776180698
BW,0.0001507845730268951,0.0,0.06809613378922937,1.0809926115077002,-0.9982674017060363,679900.0,1321409.3803297328,0.5193018480492814,0.9827515400410678
BWA,0.00042573584466204295,0.0011256250029753247,0.023313059081290725,0.37008333977550717,-0.5891295008042107,2296992.0,2643385.462194429,0.8188911704312115,0.33798767967145793
BWEN,0.0005286566534905744,-0.0037783607649064443,0.060036206139161774,0.9530452266241878,-0.9751734433792549,140500.0,320219.44286526437,0.0731006160164271,0.9577002053388091
BWXT,0.0005372515972834302,0.0006494758717287908,0.02100503339163833,0.3334445678092957,-0.44270025708334426,568700.0,702398.0670835702,0.4671457905544148,0.24928131416837782
BX,0.0006012857624898217,0.0010405921266663956,0.0253031131629876,0.4016744689499409,-0.5642732308587073,3619700.0,4389074.701534963,0.8837782340862423,0.4188911704312115
BXC,0.0005081391555727618,-7.634635590267271e-05,0.04529491587957233,0.719034498437633,-0.9435927423491108,104100.0,134084.47981807846,0.009034907597535934,0.8595482546201232
BXMT,-0.0002107261827024832,0.0,0.024208861698804752,0.38430376547396417,-0.714842476439777,1423500.0,1717373.5076748151,0.7117043121149897,0.37207392197125255
BXP,-0.00022813040139139996,0.0004168148631123724,0.02314327844121466,0.36738815566905936,-0.7234567065947705,1227000.0,1367310.91529278,0.6776180698151951,0.3322381930184805
BY,0.00047333652648916925,0.0,0.023091383234060323,0.36656434479486005,-0.605228744980518,110400.0,139210.00568504832,0.020123203285420943,0.33100616016427103
BYD,0.0006400688991201997,0.000612841902206759,0.029422690672132944,0.46707073452506187,-0.8221230502115298,924300.0,1129888.9710062535,0.5995893223819302,0.5498973305954825
BYRN,0.0004803393804543592,0.0,0.05225539515055708,0.8295286813787078,-0.9757243993341047,145200.0,252537.23138146673,0.0837782340862423,0.9186858316221765
BZH,0.0004613225880260302,0.0,0.03658689298911772,0.5807989205624285,-0.7815483281724016,364400.0,429349.5736213758,0.3264887063655031,0.7314168377823409
BZUN,-0.0015369220451613617,-0.0036811245935071016,0.04429289371149888,0.7031278896482563,-0.9911427636096145,537000.0,739927.5724843661,0.44969199178644764,0.8496919917864476
C,0.0005144846690374462,0.0009004535278615188,0.023245920406017556,0.36901754634674444,-0.6205717228073205,15879900.0,18054064.7527004,0.9831622176591376,0.3359342915811088
CAAP,0.0009839824240992104,0.0,0.03239944754011415,0.5143252848421527,-0.8288987152495936,132400.0,192244.28652643546,0.05995893223819302,0.6361396303901438
CACI,0.0005530865895176025,0.001011369745634292,0.019445412043849385,0.30868634645523413,-0.44494727104938736,159800.0,198513.3030130756,0.1080082135523614,0.18521560574948664
CAE,-1.3644840644748564e-05,0.0003677879495693556,0.027179791383139605,0.43146581211842205,-0.721632700060092,385100.0,458684.47981807846,0.3462012320328542,0.4841889117043121
CAG,-0.00026025329987209515,0.0,0.016559746407179898,0.26287782460616016,-0.6593729742172034,4280900.0,5918254.803865833,0.9006160164271048,0.08254620123203285
CAH,0.0009795597114520406,0.00102532343648428,0.018249455223425106,0.2897011205015491,-0.3445624682403446,2111100.0,2412860.3752131895,0.8028747433264887,0.14209445585215605
CAKE,0.0006120738520720963,0.0,0.03224385105952009,0.5118552672869799,-0.7257536774380138,1009900.0,1264805.5144968731,0.6225872689938399,0.6336755646817248
CAL,-0.0002782132318074383,-0.0013098635320074777,0.04453729675378349,0.7070076676655724,-0.9234399089954838,557400.0,665131.495167709,0.459958932238193,0.8525667351129363
CALM,0.000367227357712264,0.0009626530861595297,0.020873574701218863,0.33135772579412687,-0.4392410850980517,593100.0,685279.5906765207,0.4809034907597536,0.2459958932238193
CALX,0.0009407634818341449,0.0004816731006885309,0.033857941357968456,0.5374781564267584,-0.7646708339783217,594100.0,728902.5582717453,0.4817248459958932,0.6743326488706366
CALY,-0.00016199590402056968,-0.0003569319642422817,0.03502860614992227,0.5560618838755322,-0.9026084725712407,1898100.0,2224717.339397385,0.7806981519507187,0.7063655030800822
CAMT,0.0015260138874831528,0.0013550546735150411,0.03590998894719899,0.5700534020242002,-0.6890457963395187,242000.0,321672.25696418417,0.20944558521560575,0.7203285420944558
CAPR,0.0006101460738778825,-0.002779057149969011,0.08380143236550905,1.3303064973008172,-1.0021634523761618,351800.0,1284782.2057987493,0.31273100616016425,0.9963039014373717
CAR,0.0008032064173428778,0.00013143766454483687,0.05452634814700782,0.8655789425850615,-0.9422288266398703,853500.0,1426957.2484366116,0.5765913757700205,0.9334702258726899
CARG,1.286578597632233e-05,0.0007883274062925629,0.03268954875202875,0.5189304988127396,-0.8452101543177203,974400.0,1202610.7447413304,0.6139630390143738,0.6451745379876797
CARS,0.00011466924339057093,0.0,0.03696169591544431,0.5867487325647451,-0.8157030880484765,532800.0,742392.2683342808,0.4462012320328542,0.7371663244353183
CASH,0.0004815087275664318,0.0008260564491903093,0.027244858361896107,0.43249871838453424,-0.7147714044339356,194700.0,229014.15577032405,0.1540041067761807,0.4854209445585216
CASY,0.0007672602878238972,0.000654471050096968,0.019443294481678502,0.30865273119789494,-0.37986012089431054,250900.0,299614.2126208073,0.21991786447638603,0.18480492813141683
CAT,0.0011436478631029826,0.0011233023498689345,0.020871282000912227,0.3313213303050739,-0.4087263909045773,2745800.0,3122035.019897669,0.8447638603696098,0.24558521560574947
CATX,-0.0001868623859731945,0.0,0.06551279989453734,1.039983457274906,-0.9953170492638354,100810.0,610103.5815804434,0.002874743326488706,0.9737166324435318
CATY,0.00045732394353710775,0.0,0.023154716241838808,0.3675697251250416,-0.5481886327774659,314200.0,369477.1461057419,0.28008213552361394,0.33305954825462014
CB,0.00047838636075677815,0.000649199667271914,0.01680071331931069,0.26670305574831954,-0.463151519251409,1634100.0,1824301.1370096647,0.7429158110882957,0.09240246406570841
CBAT,0.0003059466837462169,0.0,0.059542558231728764,0.9452088090344167,-0.9912738298401141,204800.0,1382806.4241046049,0.1679671457905544,0.9552361396303901
CBOE,0.0004974842418799825,0.000893436497454678,0.01790265846512269,0.2841958926338397,-0.4326733574492884,696000.0,787763.8430926662,0.5248459958932238,0.12648870636550308
CBRE,0.0005273753554043228,0.0006168058742565269,0.022972895830823997,0.36468341558011713,-0.5674973955389628,1558200.0,1748701.1938601478,0.731006160164271,0.3264887063655031
CBRL,-0.0005130753202339721,-0.0005820771214717871,0.03224235939496737,0.5118315878463039,-0.9164587510674487,515700.0,683244.0022740193,0.4324435318275154,0.633264887063655
CBSH,0.00016952538454960333,7.267724794303603e-05,0.01818913745332362,0.2887436055855901,-0.457674553812182,538874.0,666021.54235361,0.4517453798767967,0.13798767967145792
CBT,0.00041223874265258303,0.00014213585096269524,0.02421102408743606,0.38433809232930205,-0.6165460480689466,312800.0,367291.2450255827,0.27741273100616015,0.3724845995893224
CBU,0.00011726667936079032,-0.000318609524823265,0.02057050551848349,0.3265466516687346,-0.5589329768704683,218600.0,259841.33030130755,0.1809034907597536,0.23203285420944558
CBZ,0.00047819972556823777,0.0009864732061975394,0.022694691571916243,0.3602670598836235,-0.7598238339381039,243600.0,375900.4548038658,0.21273100616016427,0.31375770020533883
CC,0.0001537920822406451,0.0,0.038702731470982014,0.6143868151867887,-0.8543218366409605,1556900.0,2009726.2080727685,0.7305954825462012,0.7700205338809035
CCEP,0.0004557785211472921,0.0006637408657687591,0.018585845783813174,0.295041155098608,-0.5213544108390943,1262200.0,1458103.3541785106,0.684599589322382,0.15564681724845997
CCI,-0.00024393354088075836,0.0005630041036085822,0.01844605656398374,0.29282207002878946,-0.6566519038940193,2265300.0,2549497.8965321206,0.8164271047227926,0.15071868583162218
CCJ,0.0012718677906624924,0.0,0.03146197863394512,0.4994434273166787,-0.4802384222192812,3938300.0,4648457.5326890275,0.8928131416837782,0.6082135523613963
CCK,0.00031265848129984915,0.0005181895249117103,0.020451301418461434,0.3246543452452288,-0.5136199558526496,1008600.0,1176897.498578738,0.6209445585215606,0.22587268993839835
CCL,-0.00036498834950659403,-0.0008554957494405893,0.0429355371614827,0.6815805224175319,-0.963378748919306,28720300.0,33720106.48095509,0.9938398357289527,0.8344969199178645
CCO,-7.020302980664022e-05,0.0,0.047213502506764406,0.7494911169433396,-0.9536847564223814,2100800.0,3063213.7578169415,0.8024640657084189,0.8804928131416838
CCOI,-0.0009412361926440853,0.00020743050061246547,0.031678509788566005,0.5028807528340259,-0.95301374650102,349500.0,553422.4559408755,0.3108829568788501,0.6131416837782341
CCS,0.0004458655078362013,-0.00015977997224564497,0.033489509334030346,0.5316294793645238,-0.7864401338446505,299000.0,354016.2592382035,0.26529774127310063,0.6648870636550308
CCU,-0.00022836586172159004,0.0,0.019032831166809344,0.302136828077141,-0.5604604176518867,157900.0,206175.89539511086,0.10349075975359343,0.1728952772073922
CDE,0.000735578840325786,0.0,0.04692017300632624,0.7448346554811904,-0.9244664010367146,6335800.0,10126612.393405344,0.9347022587268994,0.8784394250513347
CDNA,0.000612114678389662,0.001291813769075837,0.04857283331900447,0.7710698246152675,-0.9799308084026146,724900.0,878801.8760659465,0.5365503080082136,0.8928131416837782
CDNS,0.0009038065018245432,0.001025942484583616,0.023715309443691195,0.3764688663176907,-0.3588725713251076,1580000.0,1792694.7129050598,0.7342915811088295,0.34989733059548256
CDP,0.00023829785014396033,0.00034420055167101846,0.018386380921598215,0.29187474857430873,-0.49257758658667256,737700.0,839327.3450824332,0.5420944558521561,0.14702258726899384
CDW,0.00010474844471315567,0.00070651234034962,0.022014188618479688,0.34946441039619497,-0.6557757665658795,876000.0,1053866.7993177942,0.5848049281314168,0.28501026694045173
CDXS,-0.0013242414609397418,-0.0008450031516089754,0.05058955707065711,0.8030843216752079,-0.9957766441611443,588000.0,777288.4025014213,0.47720739219712527,0.9067761806981519
CDZI,-0.0007123842503804251,0.0,0.04029258209588156,0.6396249114381377,-0.9444787161340444,238200.0,382762.64923251845,0.20123203285420946,0.7963039014373716
CE,-0.0004715586091471839,-0.00011368769704133178,0.028607957571573136,0.45413724751121887,-0.8592584611477623,997600.0,1330036.952814099,0.6188911704312114,0.5248459958932238
CECO,0.001319926326719785,0.0,0.03422859745664161,0.54336213958087,-0.6409536544330117,180100.0,272022.79704377486,0.14004106776180697,0.6825462012320328
CEF,0.0006195865905414315,0.001055054272868337,0.015802146430083923,0.25085129781017507,-0.38128608832163813,525200.0,700905.6281978397,0.44127310061601643,0.06324435318275154
CELH,0.0018257279106061667,0.0011230885268265593,0.04571251727332139,0.7256637150477169,-0.8443135151407263,3531700.0,4727293.575895395,0.8809034907597536,0.8636550308008214
CENTA,0.00023756270766426624,0.0,0.02038155254213916,0.32354711615937914,-0.5088909718673014,242900.0,284222.37066515064,0.21149897330595482,0.22340862422997945
CENX,0.0010032777357062521,0.0,0.04628143182957431,0.7346949536462563,-0.8850853762622973,1425600.0,1635920.579874929,0.7129363449691992,0.8735112936344969
CEPU,0.0009865609324232214,0.0,0.03650340420803029,0.579473577250301,-0.7428666499711426,230400.0,270593.2347924957,0.19383983572895278,0.728952772073922
CERS,-0.0003618960545819335,0.0,0.04266294217464123,0.677253211154579,-0.9510906255118091,1310600.0,1564798.4081864697,0.6960985626283368,0.8316221765913757
CEVA,0.00010026314552495671,-0.0003815162532252171,0.035773008196264035,0.5678789000159395,-0.887774620390213,143200.0,230975.89539511086,0.07761806981519508,0.7166324435318275
CF,0.0005767241658320066,0.0006468724859853046,0.026042453800071173,0.413411137709264,-0.6086197650655766,2316500.0,2650357.873791927,0.820123203285421,0.4468172484599589
CFFN,-1.3509466249633929e-05,-0.0007740889396132592,0.019696965612398313,0.31267963555798195,-0.6881469662516596,643200.0,745038.0329732803,0.5032854209445585,0.1917864476386037
CFG,0.0005252851615753949,0.0008534441045905094,0.02671797841744042,0.4241347585616306,-0.6653443274690012,4537100.0,5106020.06822058,0.9080082135523614,0.471047227926078
CFR,0.00044948353687307413,0.0006735089925871016,0.022916725061718633,0.363791732264093,-0.5450092155816878,390000.0,447581.637293917,0.3490759753593429,0.3227926078028747
CG,0.0003579203855353862,0.0017500263934863301,0.026103988592049262,0.4143879722485767,-0.6191401576246808,2150200.0,2493861.2279704376,0.8073921971252567,0.4492813141683778
CGAU,0.0006345754107990076,0.0015974118167852672,0.033088386703704085,0.5252618550140236,-0.8036595807284105,161900.0,521105.62819783966,0.10965092402464066,0.6566735112936345
CGBD,0.0003452147508298408,0.0007081111158492385,0.02377498430797124,0.3774161754201299,-0.7454356780578567,241100.0,319412.1091529278,0.20739219712525667,0.35277207392197124
CGC,-0.0031688034525364753,-0.0073405091813640065,0.06679467787364812,1.0603326393380492,-0.9999448430555418,1451630.0,5107147.021034678,0.7149897330595483,0.9794661190965093
CGEN,-0.0003149005801021415,0.0,0.05364053889881868,0.8515171567065642,-0.9895095182448589,490600.0,770422.0011370097,0.4172484599589322,0.9264887063655031
CGNX,0.00015037303390849914,0.00035881252149093574,0.028096916745402382,0.446024725896126,-0.8166460789452759,965500.0,1244128.5957930642,0.6106776180698152,0.5108829568788501
CHCT,-0.00037024858112640963,0.0005875523938859315,0.02485710835748411,0.3945943621565291,-0.7878588818034471,129300.0,175150.48322910746,0.05462012320328542,0.4057494866529774
CHD,0.0001930436083363467,0.0006618653756854851,0.014294657736010954,0.22692065667762346,-0.3333015255054123,1480000.0,1639903.467879477,0.7211498973305955,0.040246406570841886
CHDN,0.00016355893682019223,0.0003095636585144678,0.026719701323123273,0.42416210884144606,-0.6711249905912534,463600.0,562242.6947129051,0.3995893223819302,0.47145790554414785
CHEF,0.0005766794609839429,0.0013437247147583269,0.04283376412099333,0.6799649254856972,-0.9688925885143792,355500.0,479493.9738487777,0.315605749486653,0.8336755646817249
CHGG,-0.002129421656629406,0.0,0.0535097493563302,0.8494409370854895,-0.9996646303119034,2135200.0,2802909.494030699,0.8049281314168378,0.9252566735112936
CHH,0.00011274944508219541,0.0003887435837536482,0.021110562488575343,0.3351197902887551,-0.5306601520204817,373000.0,425086.29903354176,0.3361396303901437,0.2521560574948665
CHI,0.0004504597108359705,0.0009362035235935813,0.016658698942111624,0.26444864740033286,-0.5380432278523137,168800.0,195754.91756679933,0.1215605749486653,0.08624229979466119
CHKP,0.00010499404475729633,0.0005578904877639374,0.01847216157786096,0.29323647427693555,-0.5549535149843917,856200.0,999246.5036952815,0.57782340862423,0.151129363449692
CHMI,-0.000322949535311904,0.0,0.032442536670963376,0.5150093035887745,-0.8915220902722722,207600.0,257222.51279135872,0.1704312114989733,0.6369609856262833
CHRD,0.0023532780190678084,0.0006619505801268308,0.14840496287836966,2.3558557506236304,-0.9998823480725042,607000.0,4598226.321773735,0.48706365503080085,1.0
CHRS,-0.001658484556500342,-0.0022831068770651167,0.049313208784609396,0.7828229207680932,-0.9943517901672847,1116800.0,1794451.4496873224,0.6492813141683779,0.8997946611909651
CHRW,0.00040930315795576627,0.0007386697920052036,0.020693340513239223,0.32849659675925214,-0.44419884807064736,1205200.0,1432373.2802728824,0.6718685831622176,0.23901437371663245
CHT,0.00029816961817066763,0.0005063272591868083,0.0080834101325817,0.12832015773690497,-0.241769599712494,110300.0,127088.23194997158,0.01971252566735113,0.0024640657084188913
CHTR,-0.0007349272701194098,0.00027934506686034,0.024536392967533634,0.3895031631758887,-0.9133797706277941,1164900.0,1452810.91529278,0.6628336755646818,0.3917864476386037
CHW,0.00040558681720647213,0.0014481693936450066,0.016038190564941865,0.2545983822857921,-0.574110645324443,163800.0,187130.0739056282,0.11396303901437371,0.06817248459958933
CHWY,-0.00020679625955578635,-0.000483448197138864,0.0380244434362511,0.6036193264437764,-0.9428892903243202,4715500.0,5782908.584422967,0.9129363449691992,0.7572895277207392
CHY,0.00042515748962725834,0.0008919379127083917,0.016719280345184006,0.26541034735996216,-0.5473948301797834,166200.0,194145.82148948265,0.11827515400410678,0.08993839835728953
CI,0.00039966835880014026,0.0009558086159543825,0.020759192738281623,0.3295419684237068,-0.45038506436911796,1603400.0,1817212.3365548607,0.737987679671458,0.2406570841889117
CIB,0.0007408349452152062,0.0009330817664049591,0.024866170284616167,0.39473821579007157,-0.7362026578949996,279400.0,331544.57077885163,0.248870636550308,0.40616016427104723
CIEN,0.0012565768385935582,0.0017221487983042497,0.03101686289819471,0.4923774340680559,-0.546725413055594,1651600.0,2003808.4138715179,0.7457905544147844,0.5950718685831622
CIG,0.00026497091540357754,0.0,0.028282496512934793,0.44897071337566163,-0.6947800138980341,4539470.0,5646437.6691301875,0.9084188911704312,0.5170431211498974
CIK,0.00020232632728176038,0.0,0.012475575318452585,0.19804361853048585,-0.4168149190007314,286000.0,482213.644115975,0.25585215605749484,0.02217659137577002
CIM,-0.0005357213290551386,0.0006712849255844108,0.026860012257549786,0.42638947587373993,-0.8426392922926856,617800.0,768178.504832291,0.4944558521560575,0.4767967145790554
CINF,0.00029061449062663954,0.0008339714907821953,0.020467748620030576,0.3249154364759182,-0.6269472972664073,605400.0,730752.9846503695,0.4862422997946612,0.2275154004106776
CL,0.00018998297277445072,0.00041594948736009356,0.01313920893004533,0.20857847551811406,-0.3077753066534044,4217400.0,4691018.192154633,0.8985626283367556,0.027104722792607804
CLAR,-0.0006090253868370253,0.00018005067388732844,0.032130910022298516,0.5100623839031682,-0.9553945516321698,183200.0,340940.925525867,0.14414784394250513,0.6279260780287474
CLB,-0.0008216601550219027,-0.0010822732131310277,0.03996357986462343,0.6344021629299714,-0.954006868454669,427200.0,550671.1199545196,0.37166324435318276,0.7913757700205338
CLBK,0.0002629810934013026,0.0005398763344812022,0.0198189959590539,0.31461680725590413,-0.5177745660797918,276760.0,540760.0,0.24558521560574947,0.19630390143737167
CLDT,-8.016449481551532e-05,-0.0005489533396222164,0.03185286885859377,0.5056486172627577,-0.8492118537600807,256700.0,325119.10176236497,0.22731006160164272,0.6176591375770021
CLDX,0.001517121484652212,-0.00104838919724213,0.04480571602661486,0.711268691523624,-0.8491139689163799,575500.0,800423.081296191,0.4702258726899384,0.8562628336755647
CLF,0.0003057829907301336,0.0007785610817565049,0.04036029783659706,0.6406998654968042,-0.8899846654431144,13518800.0,16293124.218305856,0.9790554414784394,0.7975359342915811
CLFD,0.0005326777168632098,0.0007293333756933599,0.036538066522842035,0.5800238244394472,-0.8886239039105732,124300.0,171383.85446276295,0.04681724845995893,0.7301848049281314
CLH,0.0007970578750969064,0.0011788277087128776,0.024478869855803564,0.3885900120862306,-0.7031871222069079,321600.0,372769.1301876066,0.2891170431211499,0.38767967145790555
CLM,0.0004366607497466351,0.0013922704448360809,0.017578961243642388,0.27905735854512287,-0.48603313042916974,1222350.0,1501576.6725412167,0.6763860369609856,0.11909650924024641
CLMT,0.0015074604598912936,0.0007396834802973675,0.04162571177960157,0.6607876890892658,-0.8390844489602738,192800.0,446691.813530415,0.15277207392197126,0.8119096509240247
CLNE,-0.00015468353536372015,-0.0031496370727669507,0.047889923735624264,0.7602289710618669,-0.9764305940449225,1837200.0,3083759.977259807,0.7728952772073922,0.8874743326488707
CLPT,0.0006082902676136903,-0.001822105759712684,0.048586045548249183,0.7712795622523452,-0.928867293020104,167000.0,280016.0318362706,0.11950718685831623,0.893223819301848
CLS,0.002216679776022087,0.0022408611228246353,0.03713981847333061,0.5895763405110922,-0.7251640851770014,858800.0,1492938.487777146,0.5786447638603696,0.7396303901437372
CLSK,0.0002620749439340446,-0.004093149110878142,0.07271765979688924,1.1543570624710116,-0.9876323821727395,6830500.0,13460305.838544628,0.9416837782340862,0.9901437371663244
CLVT,-0.0012826130207923717,-0.001004349183102379,0.03435660320434208,0.5453941678296839,-0.9793973364356883,3962600.0,4576842.978965322,0.8940451745379877,0.6858316221765913
CLW,-4.179495425547378e-06,-0.000434558216527759,0.03479560877550883,0.5523631652225583,-0.8402701782777396,136800.0,178525.0142126208,0.06652977412731007,0.6989733059548254
CLX,-0.0002069624416472462,0.0004395194952348462,0.017065142532632544,0.27090073937529996,-0.6634536250054472,1312000.0,1573453.6100056851,0.6969199178644764,0.10143737166324435
CM,0.0007535092520517814,0.0014092966079340102,0.016172036102613436,0.25672311432644035,-0.4926352012154312,919000.0,1144507.7885162025,0.5971252566735112,0.07268993839835729
CMBT,0.0008494595529230559,0.0005678681689613089,0.027684449854875105,0.4394770169978264,-0.6069790060161105,1262100.0,1490582.8311540647,0.6841889117043121,0.500205338809035
CMC,0.0008401201105916727,0.00021286933295138047,0.025614528129048256,0.40661802827838156,-0.5381575584372705,966000.0,1108042.694712905,0.611088295687885,0.4324435318275154
CMCO,-0.0004050017092754376,-0.0009564822300610067,0.03249943847110398,0.5159125916627181,-0.879881025699589,133700.0,213651.27913587267,0.060574948665297744,0.6381930184804928
CMCSA,-0.00025564361632814624,0.00035887675742061554,0.01816357603154429,0.28833783059447804,-0.63520503669727,21096084.0,23726204.341102898,0.988911704312115,0.13552361396303902
CME,0.00026945318746814524,0.0007972030433188871,0.01675449251829585,0.26596932327901873,-0.41449927930525715,1647500.0,1848072.200113701,0.7441478439425051,0.09034907597535935
CMG,0.0003698876899794745,0.0005973687461286686,0.02295542489670698,0.36440607309904344,-0.6426173163797471,13430000.0,16206680.216031836,0.9786447638603696,0.3252566735112936
CMI,0.0007710178637046587,0.0009051291035545551,0.0192758513677469,0.30599465416861527,-0.45973969376859897,897800.0,1062953.3826037522,0.5897330595482546,0.18028747433264888
CMP,-0.0004344609214288785,0.0,0.03177232317202603,0.5043699941277344,-0.9263356916775228,352400.0,460622.8538942581,0.31375770020533883,0.6168377823408624
CMPR,-0.0002780156229132404,-0.0001500746916093543,0.03708995008909367,0.5887847044532389,-0.9343693426807568,129600.0,163972.0864127345,0.055441478439425054,0.7383983572895277
CMRE,0.0006303091632663001,0.0010005793941595294,0.02901557610233213,0.46060799108423783,-0.6908672983149265,540000.0,621042.4104604889,0.45297741273100617,0.5388090349075976
CMS,0.00010029886982473947,0.0010488149434931507,0.014330791662761211,0.22749426498206388,-0.32220206482905345,2002800.0,2219010.8584422967,0.7926078028747433,0.04147843942505133
CMTL,-0.001771662427711149,0.0,0.05359445553667515,0.8507856060117072,-0.9974891282230356,198600.0,356471.6884593519,0.15728952772073923,0.9260780287474333
CNA,0.0002611711094854736,0.0006483300023223412,0.017151851914502126,0.27227720813987827,-0.5024911282747017,217400.0,280658.7833996589,0.17967145790554415,0.10513347022587269
CNC,0.00020478276242473156,0.00047422158309892845,0.02707047262654092,0.42973043065685257,-0.8185942003122435,3700500.0,4829287.15179079,0.886652977412731,0.4804928131416838
CNDT,-0.0007619362847332892,-0.002060931779451535,0.04167046012483721,0.6614980470477168,-0.9597713875136178,1107800.0,1423331.3814667424,0.6464065708418891,0.813141683778234
CNH,0.00028330556100283915,0.0,0.02518823624155336,0.39985085435696666,-0.5952460997311966,5430200.0,8056712.742467311,0.9260780287474333,0.4160164271047228
CNI,0.00024804157995502964,0.0006535325093792882,0.015497584026071138,0.24601651953186823,-0.34182317484564817,1106000.0,1279535.1904491188,0.6451745379876797,0.05790554414784394
CNK,1.2283386679606348e-05,-0.0006699276316463839,0.039915329240891945,0.6336362080239879,-0.9307957258781258,2833000.0,3588608.2433200683,0.846817248459959,0.7905544147843943
CNMD,-0.00040345965196069995,0.00020409946359051045,0.02841250021453827,0.45103445815942556,-0.8553486550616076,336000.0,390725.86696986924,0.302258726899384,0.5203285420944559
CNNE,-0.0002872027927326028,0.0,0.02394427005720488,0.3801035033780066,-0.8332995604951167,470200.0,563442.183058556,0.40472279260780286,0.3601642710472279
CNO,0.0007761791594724589,0.0011797582147114144,0.023265237051028106,0.3693241885799166,-0.5766583364857167,757000.0,871561.3416714042,0.5490759753593429,0.33634496919917867
CNOB,0.00029861817848456475,0.0,0.02641747758028105,0.4193644556582881,-0.6709500007134924,154500.0,195285.90108015918,0.09650924024640657,0.4624229979466119
CNP,0.00022297554079465584,0.0007370205729509355,0.01851132192031318,0.2938581254412438,-0.6324465636942271,4644100.0,5245109.380329733,0.9108829568788501,0.1540041067761807
CNQ,0.000931659467586258,0.001903155861867528,0.027957059012846768,0.44380455322049683,-0.8069995482514823,5589771.0,6559419.991472428,0.9281314168377823,0.5075975359342916
CNR,0.00103326200703657,0.00026659575864340515,0.0435796711129453,0.6918058318970322,-0.8822920193158893,532400.0,626321.7168845935,0.4451745379876797,0.8402464065708419
CNS,0.00032354002779241803,0.00048669376316788654,0.02337882483200762,0.3711273387026014,-0.5980333244931981,148100.0,185006.76520750427,0.08809034907597536,0.340041067761807
CNX,0.0008759595467065975,0.0013984160699008139,0.030222269091117398,0.4797636484270243,-0.5553490399513578,2707200.0,3109890.392268334,0.8435318275154005,0.5708418891170431
CODI,-0.00011868106792588442,0.0,0.03596704641042028,0.5709591611729425,-0.9903266553711356,227200.0,454998.5787379193,0.18952772073921972,0.7207392197125256
COF,0.0005152668793986687,0.0008044361684971761,0.026437471732686884,0.41968185298793625,-0.6551137852316887,2868200.0,3311494.7697555427,0.8480492813141683,0.46324435318275153
COGT,0.0009104109495601942,-0.0007319312804615044,0.067142368624481,1.065852058897216,-0.973239660291416,654000.0,1155401.6628766344,0.5080082135523614,0.9798767967145791
COHR,0.0011765538378596197,0.001729621824083131,0.040002236737783116,0.6350158217670349,-0.8085931655602167,1840400.0,2660420.864127345,0.7741273100616016,0.7921971252566735
COHU,0.000905748948778922,0.0012343594608283024,0.03530767293765821,0.560491931792694,-0.8321604171381215,322300.0,460922.17168845935,0.2901437371663244,0.7084188911704312
COKE,0.001081439785493223,0.0008831201503845599,0.02437935137214731,0.38701020513457846,-0.4169714678117159,378200.0,441085.21887436043,0.340041067761807,0.38275154004106776
COLB,6.870617235294111e-05,-0.0003882362777754982,0.026724268355591746,0.4242346082342929,-0.6949103788459305,1140600.0,1571857.6463899943,0.6566735112936345,0.47186858316221764
COLD,-0.00038005335416766627,0.000258840964481369,0.0216000453956963,0.342890090548309,-0.7795658120654355,1898800.0,2499605.3439454236,0.7811088295687885,0.2694045174537988
COLL,0.0004067894992360487,0.00046212493682095643,0.030335120742724115,0.4815551128581899,-0.60192818602498,322000.0,407886.2421830586,0.28952772073921973,0.5745379876796715
COLM,-0.0002490200846972447,0.00012633644244873954,0.0225816699520649,0.3584728972902215,-0.6489385502089526,396400.0,469354.5196134167,0.35256673511293635,0.30759753593429157
COO,-0.00016999741181364259,-0.00014840662872308723,0.019448852339492294,0.30874095945548025,-0.6299746576706123,1233200.0,1528244.2865264355,0.6790554414784394,0.18603696098562628
COP,0.0005918014467010202,0.00052563951186256,0.026013210231596116,0.4129469104514655,-0.694033804939462,6769100.0,7660364.013644116,0.9404517453798767,0.4451745379876797
COR,0.0008695865154526431,0.0010265070497382145,0.016854765162640825,0.26756110216045653,-0.3497604010183867,1149700.0,1327392.7231381466,0.659958932238193,0.09568788501026694
CORT,0.001188062295398068,0.0013101188782957758,0.042076150917078,0.6679381887204642,-0.8582877006600619,774900.0,1083312.2797043775,0.5544147843942505,0.8213552361396304
COST,0.0007165710879928559,0.0008712105179703683,0.014565579341050988,0.23122140382800582,-0.32540860615779593,1978100.0,2251353.6668561683,0.7897330595482546,0.043121149897330596
COTY,-0.000763487611255016,-0.0009285506426287301,0.03747790106664587,0.594943235298164,-0.9561879244912931,6211400.0,7869277.316657191,0.9330595482546201,0.7457905544147844
CP,0.0004158472317170795,0.0002605817405905418,0.017426437820469837,0.27663612426416184,-0.3733827622832755,2141500.0,2615246.7310972144,0.8053388090349076,0.11334702258726899
CPA,0.0003081086160902241,0.000485619917917026,0.030650511334587262,0.48656178328970606,-0.7932678162062817,323900.0,405669.64184195566,0.2919917864476386,0.5848049281314168
CPAY,0.00017496022571662477,0.0009106780708556222,0.022262351585673214,0.35340387537105467,-0.6016272447033431,514000.0,592389.7669130188,0.4320328542094456,0.29322381930184804
CPB,-0.0003543081938888327,0.0,0.016348770988006203,0.2595286936548729,-0.6537710060413214,2535800.0,3450315.122228539,0.8349075975359342,0.07843942505133471
CPF,0.00031694693864143565,0.00032480871565487325,0.024052626418328588,0.381823607285038,-0.6443325060658001,148600.0,175000.28425241614,0.08870636550308009,0.36468172484599587
CPRI,-0.0004402177782285347,-0.0004907734253101384,0.042317304817916956,0.6717663882163423,-0.945373544338191,2228200.0,2797071.7453098353,0.8147843942505133,0.8258726899383984
CPRT,0.00017657012730282556,0.000782352172611618,0.018794980246593148,0.2983610617731414,-0.5987127418748851,4591600.0,5690861.284820921,0.9092402464065709,0.16427104722792607
CPS,-0.00034332728301062783,-0.000698129351869833,0.05508451512381626,0.8744395686491649,-0.9757493445577629,159400.0,225890.27856736782,0.10677618069815195,0.9367556468172484
CPT,6.188924268919913e-05,0.000660834061147569,0.017130377572276704,0.2719363135252953,-0.5301525712769066,782800.0,894291.8703808982,0.5568788501026694,0.10349075975359343
CQP,0.0004662700922287547,0.0006995650450824604,0.022837098764166217,0.3625277039772259,-0.6162016371252991,155500.0,201203.80898237636,0.0973305954825462,0.3195071868583162
CRDF,-8.899442662681143e-05,-0.0016613466308014633,0.06470620893360372,1.0271792227206082,-0.9980599851856677,566200.0,1007373.2802728823,0.46611909650924027,0.9704312114989733
CRDL,-0.00028050398596616395,-0.0009480032922463398,0.053581402612405564,0.8505783972627102,-0.9735985783352563,174500.0,321143.83172256965,0.13182751540041068,0.9256673511293635
CRESY,0.000657540916176594,0.0,0.03549290583620923,0.5634324128978558,-0.7353767506893144,187473.0,220341.64411597498,0.14907597535934292,0.71129363449692
CRF,0.0004241497242717917,0.0013672772925705256,0.018277787963816544,0.2901508888117693,-0.49933615290890226,670038.0,843352.7197271177,0.5162217659137577,0.14291581108829568
CRH,0.0006283467800400019,0.0011031727262557347,0.021562515730810403,0.3422943255878549,-0.5616598490932552,1150500.0,2605428.3683911315,0.6603696098562628,0.26858316221765915
CRI,-0.00047130872675925687,0.00036996909182402705,0.02699159406410358,0.4284782722969516,-0.8473834010341698,718700.0,860241.6145537237,0.5330595482546201,0.47885010266940453
CRK,0.00031607539666402386,0.0,0.038892581167852776,0.617400585693195,-0.7323026878877457,2691200.0,2921364.468447982,0.8427104722792608,0.7749486652977413
CRL,0.00043950476187810706,0.0004335656395359959,0.027124992599592505,0.43059590839793516,-0.847080710710681,491600.0,626772.2569641842,0.41827515400410675,0.4829568788501027
CRM,0.000254949983143909,0.0006586385406900486,0.02499941198192055,0.3968533621620608,-0.6504102775920834,6097900.0,7637517.168845935,0.9318275154004106,0.40985626283367554
CRMD,8.000797646185324e-05,0.0,0.05420686451298995,0.8605072971236628,-0.9779411323552737,430400.0,880318.9312109153,0.37433264887063655,0.9297741273100616
CRNC,-0.0004488219432622522,-0.001829516727007488,0.05766544954239444,0.9154106323795146,-0.9948721022258259,615000.0,1127195.736213758,0.49117043121149895,0.9486652977412731
CRNT,-0.0001253105756160251,0.0,0.038645692977494595,0.6134813571732358,-0.8584262567824631,447800.0,769071.972711768,0.38767967145790555,0.7691991786447638
CRON,-0.000586162953651263,-0.0037071401445425713,0.03755586190200552,0.5961808251923509,-0.9479531538850146,1824500.0,2882286.355884025,0.7724845995893224,0.7470225872689938
CROX,0.0008572099940268108,0.000444087783400884,0.03756778376176198,0.5963700788488369,-0.7976231818356262,1284900.0,1505502.274019329,0.691170431211499,0.7474332648870636
CRS,0.0012226107640514452,0.0012170173046319338,0.033510960286844874,0.5319700026837195,-0.775517968892412,441300.0,549291.3587265492,0.38193018480492813,0.6657084188911704
CRSP,0.0001393101943582459,-0.001774255084307674,0.03860408811758717,0.6128209004973555,-0.9285279107539657,1331000.0,1613068.277430358,0.6997946611909651,0.7683778234086243
CRTO,-9.944256827376405e-05,-0.00031111629496379076,0.03185697813775185,0.5057138500470778,-0.7955414133198015,316900.0,416701.47811256396,0.28542094455852157,0.6188911704312114
CRUS,0.000452046429270519,0.0012064465419383166,0.025698577977989714,0.40795227826657143,-0.49399144416181767,492600.0,583415.4064809551,0.4197125256673511,0.43613963039014375
CRVL,0.0006163391492375464,0.0009127077351752607,0.02346209326021942,0.37244918402127136,-0.6776033614319923,128700.0,150444.22967595226,0.053388090349075976,0.34209445585215603
CRVS,0.0007389056482471385,-0.0026168112548891824,0.06565989369483258,1.0423184989647896,-0.9773630223206554,302300.0,997257.1347356453,0.27002053388090347,0.9745379876796715
CRWD,0.0016215228257831003,0.0022278617640131273,0.03449658375206398,0.5476162901356364,-0.7491367117578059,13306800.0,16689180.613985218,0.97782340862423,0.6903490759753593
CSCO,0.0005602835098436249,0.0005952319436145395,0.017729975519042828,0.281454635847904,-0.3906122122209573,18369100.0,20904085.957930643,0.9860369609856263,0.12238193018480492
CSGP,-0.00042653955487924463,0.0,0.02295844995241772,0.3644540943697198,-0.8010696131208137,2286000.0,3066440.3638430927,0.817659137577002,0.32607802874743325
CSIQ,-0.0003499349252096158,-0.000617337880210647,0.04445296194179577,0.7056688940292631,-0.9605595974238152,1298800.0,1678236.213757817,0.6940451745379876,0.8517453798767967
CSL,0.0005080251295948042,0.0010418291076951878,0.021272724723902424,0.3376940359690858,-0.41893821859708236,342800.0,394268.84593519045,0.30882956878850104,0.25503080082135526
CSQ,0.0005870037410729565,0.001540425111366485,0.016298184113555964,0.25872565191847663,-0.5227140918358197,213500.0,246902.38772029564,0.17453798767967146,0.07761806981519508
CSTL,0.00033361943479706506,0.0,0.0464362637681143,0.7371528344725774,-0.9673349380552816,239600.0,309560.7731665719,0.20349075975359343,0.8747433264887063
CSTM,0.0003564858033497528,0.0,0.03667483283226001,0.5821949222941597,-0.8179421261077108,986000.0,1208454.1785105173,0.615605749486653,0.7338809034907597
CSWC,0.0005010658990955079,0.0012922539613691312,0.019515390638557353,0.3097972222074045,-0.6402969039507791,235100.0,322813.3030130756,0.19671457905544149,0.18809034907597535
CSX,0.00045324478948329986,0.0005664512075369485,0.017401945287900105,0.2762473173632159,-0.4376258857797455,12126100.0,13391392.495736213,0.975770020533881,0.11211498973305954
CTAS,0.000663629629971703,0.0012390021993960564,0.018310936277846482,0.29067710198359503,-0.5163598460508608,1620800.0,1869583.1154064809,0.7408624229979466,0.14414784394250513
CTMX,-0.0005905463776009997,0.0,0.06449472855600977,1.0238220758029064,-0.9976852669560583,724900.0,1850997.3280272882,0.5365503080082136,0.968788501026694
CTO,0.00039076911101213667,0.0008010545901309861,0.01790390327526681,0.28421565338226473,-0.5212257794855378,139200.0,193869.34906196702,0.07022587268993839,0.1273100616016427
CTOS,0.0002996734690566524,0.0,0.03830563175422943,0.6080830526094596,-0.8203547510590986,360500.0,486317.11199545197,0.3190965092402464,0.7650924024640657
CTRE,0.0004584145968848429,0.0010236832214984778,0.024455953110636423,0.38822622003480284,-0.7266524029675728,938100.0,1260916.3729391699,0.6024640657084189,0.3864476386036961
CTRN,0.0005570769083805615,0.0005434910859551817,0.04042327991125734,0.6416996749364402,-0.9340660918211485,120900.0,174568.05002842523,0.040451745379876794,0.7991786447638604
CTS,0.00036297803816444607,0.00029166899636436593,0.023850269081102667,0.37861128414342393,-0.5237309230461127,141200.0,169292.0409323479,0.07433264887063655,0.3564681724845996
CTSH,4.1029077541192234e-05,0.0002305648003884301,0.02033336541748998,0.32278216927007713,-0.6285118437666579,3298900.0,4034638.6583285956,0.8718685831622177,0.22053388090349077
CTVA,0.0006427975167850777,0.000895336642781495,0.020136660554926123,0.3196595763819505,-0.3768245511847418,3422100.0,3850647.981807845,0.8772073921971253,0.2106776180698152
CUBE,0.0002134447455534014,0.0006835544421574055,0.017424777469506433,0.27660976700973233,-0.42605421788013836,1476900.0,1644911.1426947128,0.7203285420944558,0.11293634496919917
CUBI,0.0007362706535504161,0.00042756175796494045,0.03493752496095757,0.5546160148248321,-0.8405290367416522,274400.0,338533.8260375213,0.2427104722792608,0.704312114989733
CUZ,2.4500739477687352e-05,0.000981980769871695,0.021359565599904737,0.33907259213830854,-0.6388021290273072,1125700.0,1265898.23763502,0.6521560574948665,0.259958932238193
CVBF,0.00019986722124252975,-0.00041080467993530144,0.02212382516295032,0.35120483658383755,-0.6375260508926698,703400.0,871903.467879477,0.526488706365503,0.2874743326488706
CVE,0.0007392084690159673,0.0016382230422891898,0.03608121574357588,0.5727715431502214,-0.925966277713684,8365600.0,9313709.4940307,0.9581108829568789,0.7227926078028748
CVGI,-0.0004994211367090083,-0.0013298325673519714,0.04595562197514966,0.7295228825492456,-0.973189879276608,192600.0,287387.1517907902,0.15236139630390144,0.8685831622176592
CVI,0.00037743437558938355,0.0002678245542411811,0.03836493686701871,0.60902449208895,-0.8429694119873298,828500.0,967911.0289937465,0.5683778234086242,0.7663244353182751
CVLG,0.0007977855275750508,0.0006978428505838542,0.030748636471404616,0.48811947154600355,-0.6539969868016703,156600.0,202649.11881750994,0.10041067761806982,0.5872689938398358
CVLT,0.0006745512109467088,0.001528494934233242,0.027413802138758388,0.4351806176993117,-0.6788851820670306,335300.0,440253.7805571347,0.30143737166324436,0.4915811088295688
CVNA,0.0008877654431110446,0.001729778474621811,0.06525992508098757,1.0359691940579991,-0.9977299357769303,15353500.0,32488070.43774872,0.9811088295687885,0.9724845995893224
CVS,0.0003376122465449754,0.0007285375557923928,0.019470675630610022,0.30908739346199904,-0.6223703745930569,7125500.0,8230471.688459352,0.9453798767967145,0.1864476386036961
CVSA,0.0006546568583321495,0.0017090571003974607,0.027860438536564853,0.44227075070970545,-0.6072396399019467,361200.0,436452.18874360435,0.3203285420944558,0.5034907597535935
CVX,0.0004758065747630182,0.0009512209311777097,0.02077109488554844,0.3297309091541208,-0.5888560672586445,8572400.0,9673263.55884025,0.9589322381930184,0.24147843942505134
CW,0.00082924333750315,0.001333058159672894,0.02129766509260363,0.33808995204822373,-0.5178652217836212,204700.0,235552.98465036953,0.1675564681724846,0.25790554414784395
CWEN,0.0004784607439351862,0.000688614484097653,0.020859874207295386,0.33114023719556523,-0.5412553228272767,747700.0,865326.3217737351,0.5462012320328542,0.24517453798767966
CWH,-6.240376235065672e-05,-0.0006118841951464416,0.0422649434232866,0.6709351768453876,-0.9436307978992644,1230800.0,1568572.4275156339,0.6784394250513347,0.8246406570841889
CWK,-0.00024541556904436314,0.0,0.03103340419406242,0.4926400189994281,-0.8244542081978773,1388800.0,1641800.966458215,0.7071868583162217,0.5954825462012321
CWST,0.00035953634118404584,0.0005185308442958107,0.019423259614837044,0.30833468754661814,-0.40239735843739594,271500.0,359478.1125639568,0.23983572895277208,0.18357289527720738
CWT,-2.0397268852332074e-06,0.00033277037330302676,0.018183613241083637,0.2886559114349309,-0.4370549953088974,254500.0,306601.30756111426,0.2246406570841889,0.1371663244353183
CX,0.0005289969090587476,0.0,0.02898053940233184,0.460051800714471,-0.6864269425311157,6861400.0,8146910.176236498,0.9425051334702259,0.5379876796714579
CXT,0.0003689215885017238,0.000926037119601059,0.023443751277975593,0.3721580140798566,-0.5936289220641074,571194.0,687481.864127345,0.4685831622176591,0.34168377823408624
CXW,0.0003852917494217127,0.0,0.03218633201167671,0.5109421807095232,-0.7315266257394435,962200.0,1223173.2802728824,0.6098562628336756,0.6299794661190965
CYH,-0.00010080001931025317,0.0,0.05326565936136444,0.8455661285402991,-0.9742143683496388,1661800.0,2123712.166003411,0.7482546201232033,0.922381930184805
CYPH,-0.0006998416887680329,-0.005908767398512354,0.0872479723325536,1.385018623119485,-1.0022421180668848,121820.0,1800479.1074474133,0.04353182751540041,0.9975359342915812
CYRX,1.7585498046375058e-05,-0.0003855181295988405,0.04676588804243733,0.7423854576082706,-0.9839591009596816,442600.0,547291.1313246163,0.38275154004106776,0.8772073921971253
CYTK,0.000972928947295255,0.000501837405924714,0.042739951860881524,0.6784757020245887,-0.7725511695150235,1097100.0,1475733.3712336554,0.6439425051334702,0.8328542094455852
CZR,-0.0001640260133114891,0.0,0.042869498963724335,0.6805321985277346,-0.9493332984027457,3436200.0,4317641.557703241,0.8780287474332649,0.8340862422997947
D,9.873997926696332e-06,0.0003832184895033292,0.016652114679134602,0.26434412546590974,-0.5674763076780214,3894600.0,4458921.83058556,0.8919917864476387,0.08542094455852156
DAC,0.0017258578464594578,0.00029111064614039035,0.03466074520256974,0.5502222723730477,-0.8331738643537042,128400.0,206110.68789084707,0.05277207392197125,0.6956878850102669
DAKT,0.0004769098212235248,0.0,0.03256190139101492,0.5169041597762019,-0.8619775140706495,265700.0,355908.4138715179,0.23572895277207392,0.6406570841889117
DAL,0.00023765474556070878,-0.00022545129964507762,0.029993742979172983,0.47613590886528767,-0.7487185038870331,9760000.0,13166253.098351335,0.9655030800821355,0.5655030800821356
DAN,0.00045527777466818,0.0012508133962929506,0.03488231692647262,0.553739614447113,-0.8138567969125454,1238800.0,1444004.8322910746,0.6804928131416838,0.7030800821355236
DAR,0.0006552282091523959,0.00031259322017919693,0.02742514079254757,0.43536061324808234,-0.7580840720636884,1571100.0,1824363.786242183,0.7330595482546202,0.4924024640657084
DAVA,-0.0017572713466644594,-0.0002675755798793315,0.037648430054574106,0.5976502990584779,-0.9970035068940027,241700.0,375538.60147811257,0.20903490759753593,0.7498973305954826
DB,0.0009894402156298283,0.0014461979227072207,0.02558795953638911,0.4061962649452151,-0.5849238219323323,3007400.0,3781440.8754974417,0.8574948665297741,0.43162217659137575
DBI,-0.0004844146209963201,-0.0013674907353761158,0.05348804547048605,0.8490963985789255,-0.9849619724768476,1339100.0,1548773.3939738488,0.7002053388090349,0.9248459958932238
DBRG,-0.00016984742767595253,0.0,0.037765429594381214,0.5995076091735095,-0.8986532637644591,1596400.0,2074309.664582149,0.7371663244353183,0.7515400410677618
DBX,0.00027102393436171854,0.0011343442700127325,0.023583533687254375,0.37437699103553523,-0.4813158091239069,3470100.0,4174270.6651506536,0.8796714579055441,0.3457905544147844
DCH,-0.00019109714957865875,0.0,0.040753916746533815,0.6469483719789542,-0.9130039660256586,1643900.0,2167599.545196134,0.7435318275154004,0.8028747433264887
DCI,0.0003605195929734429,0.0010559088084859444,0.017108574404614895,0.27159019896873576,-0.4503732710538062,444100.0,514028.7663445139,0.3835728952772074,0.10225872689938398
DCOM,0.00032274955474896887,0.00012380413625732805,0.026039666985920803,0.4133668984061118,-0.6399028127374113,151200.0,188440.59124502557,0.0919917864476386,0.4464065708418891
DD,0.00030655238819166146,0.0,0.021291933176268582,0.33799896069727353,-0.6281724185839317,2145503.0,2816106.1472427514,0.8069815195071869,0.25667351129363447
DDD,-0.000450376758419053,-0.0034016064769966247,0.05424663162388485,0.8611385804383874,-0.9940941486766712,2096600.0,3090540.5912450254,0.8016427104722793,0.9301848049281314
DDOG,0.0012014105624708333,0.0010062475539717082,0.03741749612449382,0.5939843365688026,-0.7772571667836802,3777500.0,4386626.662876635,0.8899383983572895,0.7449691991786448
DDS,0.0015274214354086487,0.0015906936540792853,0.03940656815122668,0.6255598761039848,-0.8000398938541792,162100.0,243736.27060830017,0.11149897330595483,0.7839835728952772
DE,0.0008644035763715811,0.0007743455751551909,0.02029668837482436,0.3221999392677659,-0.41060102917019137,1410400.0,1589181.9783968164,0.7108829568788501,0.2188911704312115
DEA,-0.0002090142169885514,0.0,0.016941478825702166,0.268937638886847,-0.6791862434954546,315400.0,365513.14383172255,0.28316221765913757,0.09650924024640657
DECK,0.0006896783966178915,0.001017018985277787,0.0286188390347993,0.4543099853848004,-0.7254810118787254,2188800.0,2541602.3877202957,0.8106776180698152,0.5260780287474333
DEI,-0.000648250420153167,-0.0005983748809208246,0.0239120251635696,0.3795916315603425,-0.8332075019946229,1530200.0,1740680.8413871517,0.7277207392197125,0.3593429158110883
DELL,0.0017944102619636584,0.0012572947112765294,0.031142876846015195,0.4943778434740067,-0.6529257313600099,4846600.0,6107702.33996589,0.915400410677618,0.5983572895277207
DEO,-0.0002536309701252179,-9.43148634682736e-05,0.016830353730419568,0.26717358268763036,-0.6830404092457308,506000.0,711289.1415577033,0.4283367556468172,0.0944558521560575
DFIN,0.0007702567280807501,0.001659645648117517,0.03193281849370747,0.506917778374285,-0.7114363271945882,198900.0,239422.91074474133,0.15770020533880905,0.6213552361396304
DG,-8.278396960524684e-05,0.0001009618079894425,0.022164668237116002,0.3518532002859681,-0.7875582391310043,2208700.0,2659184.422967595,0.8123203285420945,0.2899383983572895
DGII,0.0009907241184365604,0.0010534147538777882,0.030075264944475794,0.4774300299447705,-0.6946928227536713,190600.0,232833.54178510516,0.151129363449692,0.5671457905544148
DGX,0.0005323759558952512,0.0003110078872840368,0.016100895603426733,0.25559379391248227,-0.3899340536289228,959900.0,1096942.0125071064,0.6082135523613963,0.06981519507186858
DHC,3.561513881657159e-06,0.0,0.046084355465625934,0.7315664633564787,-0.9763307114397664,1251400.0,1770284.6503695282,0.6825462012320328,0.8706365503080082
DHF,0.00016749090142973317,0.0,0.012769110680189813,0.2027033479394464,-0.4558355167818127,345800.0,601306.9926094372,0.3096509240246407,0.02505133470225873
DHI,0.0006069696845633122,0.0010846158088173015,0.02492337221604882,0.39564626830057176,-0.5657695554723657,2871400.0,3219458.8971006256,0.8484599589322382,0.40739219712525665
DHR,0.0003438666758127088,0.0008197693631959296,0.018229764750590335,0.2893885439356407,-0.5341752091447923,2930300.0,3636922.8902785676,0.8533880903490759,0.1408624229979466
DHT,0.0010868087881808677,0.00029682462360315626,0.026858509712614952,0.4263656237123523,-0.447758704202935,2188900.0,2596545.5372370663,0.811088295687885,0.47638603696098564
DHX,0.0001156189136728083,0.0,0.0423480545031334,0.6722545243361996,-0.9126406894009015,147200.0,210736.44115974987,0.08685831622176592,0.8271047227926078
DHY,0.00011226497290154274,0.0,0.012617138210599881,0.20029085977546668,-0.43960694887707846,485800.0,806319.1586128483,0.4135523613963039,0.023408624229979465
DIN,-0.00038887655959987037,-0.00040840040005948815,0.03958237106738505,0.6283506608794747,-0.9395533654197721,321400.0,404633.0301307561,0.2887063655030801,0.7860369609856263
DINO,0.0005274718623197771,0.0002822957425873987,0.029626089953283464,0.47029959801370336,-0.7621601123416146,2062200.0,2384482.092097783,0.7987679671457906,0.5535934291581108
DIOD,0.0004974692223508324,0.0012992021400097544,0.030525841649396743,0.48458271339144915,-0.7828600423145197,292600.0,347509.9488345651,0.26036960985626284,0.5786447638603696
DIS,-9.984084987136926e-05,-0.00047273610336153685,0.020369421723701587,0.3233545453866662,-0.6555039193828811,9682100.0,11593664.695849914,0.9650924024640657,0.22299794661190966
DK,0.0004791519592905802,-0.0005258447883778774,0.03920853790117846,0.6224162433418117,-0.8873798907687117,1187100.0,1365086.5264354746,0.6681724845995893,0.7811088295687885
DKNG,0.00045761072705983373,0.0,0.040014640820069516,0.6352127304688657,-0.9171637446257691,11303400.0,13594032.234223992,0.973305954825462,0.7930184804928131
DKS,0.0008234379178391604,0.0002353637977602243,0.03134824493163955,0.49763796076475547,-0.6860314657650389,1369500.0,1784778.1125639568,0.7039014373716632,0.6061601642710472
DLB,6.360546104086995e-06,0.0003943101890684724,0.018047003283586018,0.2864872955900081,-0.5689081047591612,399600.0,487465.77600909607,0.35523613963039014,0.13018480492813142
DLR,0.0003209630167873912,0.000701822606955473,0.019369638769397932,0.3074834830138926,-0.526349788833566,1681000.0,1976110.3467879477,0.7498973305954826,0.18234086242299793
DLTR,8.085721070151178e-06,0.00024447351862882255,0.02563931154323465,0.4070114527818394,-0.7193761088657523,2432500.0,2958704.6617396246,0.8287474332648871,0.43367556468172486
DLX,-0.0001851971410437088,0.0,0.02885223830068268,0.4580150838670752,-0.8186364626453336,247400.0,307298.2944855031,0.21745379876796714,0.5318275154004107
DMC,-1.759992151295416e-05,0.00028531195264770183,0.022771874614821545,0.36149230270537547,-0.568121305361857,201100.0,253069.9260943718,0.16180698151950718,0.3182751540041068
DMRC,-0.0012146660578829123,0.0,0.048812309632535626,0.7748713932382313,-0.9874311776963652,112900.0,142632.97328027288,0.02648870636550308,0.895687885010267
DNLI,0.0001443513149052874,-0.0009622863773498449,0.041041775791233026,0.6515179926484426,-0.9488086100691943,728100.0,942827.6861853326,0.5383983572895277,0.8053388090349076
DNN,0.0009601305713313783,0.0,0.0429819668696176,0.6823175711845534,-0.7107851755481379,10665800.0,21418906.935758956,0.9700205338809035,0.8349075975359342
DNOW,0.00018190479422647502,0.0010772106240322273,0.031573814404398236,0.5012187651344802,-0.7492045952320909,863700.0,1221518.7038089824,0.579876796714579,0.6106776180698152
DNP,0.00014127982140236945,0.0,0.012137073280465854,0.19267006526567726,-0.4185464517081856,517100.0,588084.4229675953,0.43408624229979464,0.02053388090349076
DOC,-0.00010362466624770933,0.0,0.02055618009618296,0.3263192426397355,-0.6283088291227431,4356200.0,5003536.895963616,0.9043121149897331,0.23080082135523614
DOCU,4.477963682516096e-05,0.0005425493755898404,0.03715036143977066,0.5897437049147798,-0.9504714290339277,2909800.0,3760026.321773735,0.8525667351129363,0.7404517453798768
DORM,0.00026641641946219903,0.00040063055733720337,0.022549369052397832,0.35796013640436525,-0.5495389761224178,126400.0,155948.09550881182,0.04969199178644764,0.3059548254620123
DOV,0.0004269574387350333,0.0005479474792041217,0.018108030484889976,0.28745607237717136,-0.4828659431327227,831200.0,925716.9414440023,0.5694045174537987,0.13305954825462013
DOW,-8.077565954707391e-05,-0.00018677417974957223,0.02457523454156932,0.39011975404846105,-0.7015747963055263,5292500.0,6725805.173393974,0.924435318275154,0.39383983572895276
DOX,6.975660732342068e-06,0.0002844644084980696,0.015073572692503288,0.23928554828170792,-0.4985217619101538,667900.0,772067.0835702104,0.5141683778234086,0.04763860369609856
DOYU,-0.000702859890508387,-0.0010449204308352487,0.0445287233342291,0.7068715688494145,-0.9876454566726462,109300.0,175863.06992609438,0.018480492813141684,0.8521560574948666
DPZ,0.00016505166420332316,0.0,0.019869276995985116,0.3154149939721988,-0.5629260751271744,578600.0,675653.837407618,0.4722792607802875,0.19753593429158112
DQ,0.00012174680378074876,-0.0026264375555505506,0.048281918264539,0.7664516912947048,-0.9789132868054933,1121400.0,1409123.536100057,0.6509240246406571,0.8887063655030801
DRD,0.0011245421343533146,0.0,0.036197271528130084,0.5746138716150669,-0.7686013942805336,259700.0,339962.1375781694,0.23039014373716632,0.724435318275154
DRH,0.0001937588818925083,0.0,0.03331286746223848,0.5288253765812304,-0.8601507641724097,2042700.0,2374633.5986355883,0.7967145790554415,0.6607802874743326
DRI,0.0004204567609494775,0.00036208518098139366,0.02535646145392053,0.402521346814014,-0.7588407086708618,1224500.0,1494843.3200682206,0.6772073921971252,0.4209445585215606
DRS,0.0011387427483304864,0.00043719277073159854,0.03223887432331634,0.5117762640489647,-0.7081714675994365,504700.0,668099.0903922684,0.42669404517453796,0.6328542094455852
DSGX,0.0003867340628012884,0.0008131748974589618,0.020499195208010187,0.32541463558417155,-0.5243581696999678,153300.0,232974.189880614,0.09425051334702259,0.22915811088295687
DSL,4.7346751423976465e-05,0.0,0.014646090279133203,0.23249947534792217,-0.5289437114314343,381800.0,452551.27913587267,0.34291581108829566,0.045174537987679675
DSM,-8.374252628429005e-05,0.0,0.009302145846177516,0.1476669874094292,-0.40056826588751965,106700.0,126099.20409323479,0.013552361396303902,0.007392197125256674
DSU,0.0002729162485090704,0.0008535437914467751,0.012058850789179782,0.1914283217124281,-0.4922200230966237,159800.0,191487.37919272314,0.1080082135523614,0.019301848049281315
DSX,0.0002048692384129982,0.0,0.033371529182983535,0.5297566025286536,-0.7794593286465444,519100.0,695830.2546901648,0.43737166324435317,0.6616016427104723
DT,0.0006040103874002164,0.0010993340920171747,0.028896607407190408,0.4587194215973567,-0.7201843873383885,2453800.0,3082838.1466742465,0.8308008213552361,0.5342915811088296
DTE,0.00017236561459800347,0.0011359954765238793,0.015774461789072887,0.2504118177586673,-0.45974405947246844,1165100.0,1297582.318362706,0.6632443531827515,0.06242299794661191
DUK,0.0002499299270661202,0.0007245516419947137,0.01423215480210025,0.22592845336158568,-0.39980486749498967,3033600.0,3300753.2689027856,0.8587268993839836,0.039014373716632446
DVA,0.0006593110557295783,0.0012716747529691488,0.023768637717036866,0.3773154264124174,-0.5753748054648365,736100.0,898460.7731665719,0.5408624229979466,0.35236139630390145
DVN,0.0005678506490778104,0.0006979129418758427,0.034180977867685,0.5426062020413841,-0.8442066274408669,8926300.0,10084464.752700398,0.9618069815195072,0.6813141683778234
DX,0.00033818405806149523,0.0007990004638466488,0.021402222678503613,0.3397497522680835,-0.6139177021427579,931900.0,1833358.2148948265,0.6002053388090349,0.2624229979466119
DXC,-0.0005672256618068099,0.00046610259942187664,0.03567514753116415,0.5663254101180015,-0.9254093340754075,2022600.0,2658602.217168846,0.7946611909650924,0.7154004106776181
DXCM,0.00047663449428001766,0.0014297265341950342,0.03113386956695812,0.4942348573517605,-0.8187072405183006,3285200.0,3942835.1335986354,0.8714579055441478,0.5975359342915811
DXLG,-0.000654477846848937,0.0,0.054956868147032316,0.8724132357120875,-0.9800592761375836,320300.0,665977.8851620238,0.28706365503080084,0.9355236139630391
DY,0.0009554545091053912,0.0008937581146398503,0.034755683321998174,0.5517293682967344,-0.8136508695082281,322300.0,399932.5753268903,0.2901437371663244,0.6977412731006161
E,0.0005628437529776998,0.0012897395220245289,0.0199488447948374,0.31667809362099053,-0.608326356649731,299700.0,364287.72029562254,0.26611909650924026,0.2028747433264887
EAD,0.00018805288687588365,0.0,0.011745502987771958,0.18645407957406435,-0.44766007642743183,165600.0,195121.091529278,0.11745379876796715,0.01642710472279261
EAF,-0.0013824999561699045,0.0,0.05154940194735269,0.8183213867208237,-0.9964866151980201,197900.0,248362.59238203525,0.15687885010266941,0.9125256673511294
EARN,2.7485580239323645e-05,0.0007983074857751407,0.027449476810805645,0.4357469355613567,-0.7596558006243002,150600.0,231394.42865264355,0.09117043121149897,0.4928131416837782
EAT,0.0009198970157564219,0.0007982622328807205,0.0397127130623827,0.6304197759043856,-0.8804063957338918,1096200.0,1339526.4354747015,0.6431211498973306,0.7872689938398357
EBAY,0.0006452419535091007,0.0010309453065268422,0.02107253502078512,0.3345161229521804,-0.565792483273306,5578600.0,6658573.450824332,0.9277207392197125,0.2513347022587269
EBF,0.000319731684061775,0.0,0.01623962520733754,0.25779605810106526,-0.3769303212834271,108900.0,128906.87890847072,0.017453798767967144,0.07597535934291581
EBS,-0.0011439513689434442,-0.0017959132600922072,0.05680943583115696,0.9018218359867396,-0.9978244047778118,813400.0,1265488.1182490052,0.5646817248459959,0.9449691991786447
EC,0.0004124141364066987,0.0010568758478330074,0.027602981165347294,0.43818374164505286,-0.7274285720975264,1527500.0,1770232.4616259239,0.7268993839835729,0.497741273100616
ECC,-0.000127475043608067,0.0,0.028007346203635177,0.4446028376262459,-0.8202722199083677,455000.0,691367.8226264924,0.3921971252566735,0.5100616016427105
ECHO,0.00045885479995744997,-0.00039153974599765356,0.03766679946036174,0.5979419043351546,-0.8603072934236442,609900.0,1751709.5508811825,0.4887063655030801,0.7507186858316222
ECL,0.00023730389058321908,0.000690991174471189,0.01780859004792075,0.2827026028049889,-0.47258227252745955,1088500.0,1316461.1711199544,0.6406570841889117,0.12361396303901437
ECPG,0.0006060480719487555,0.0006684443391834406,0.032193837697309435,0.5110613297751425,-0.7016284059811185,227300.0,288743.7180216032,0.19014373716632443,0.6303901437371663
ECVT,-6.149819569163033e-05,0.0,0.026769048409507935,0.42494546955244267,-0.7477801789732952,553200.0,764531.495167709,0.45811088295687885,0.47268993839835727
ED,0.00019112614890955584,0.0008301919791652858,0.014510637869969497,0.2303492350131318,-0.3429522427729367,1865500.0,2130340.989198408,0.7765913757700206,0.04271047227926078
EDD,0.00024686584351730334,0.0,0.012519249129010404,0.1987369187797411,-0.45728683046548796,202400.0,247188.17509948835,0.16365503080082136,0.022587268993839837
EDIT,-0.0012372104359734911,-0.0032806277344357036,0.055098924366255714,0.8746683082816187,-0.9978995922664615,1544200.0,1887164.6958499148,0.7293634496919917,0.9371663244353182
EDU,-0.0003856334664622398,-0.00012545902936383641,0.04402465748409148,0.6988697715462274,-0.987358833809907,1373500.0,2100703.837407618,0.7051334702258727,0.84435318275154
EEFT,-0.00046690670831497374,-8.350563938837088e-05,0.025453245864838173,0.4040577517064698,-0.7822234129120982,382300.0,473065.5486071632,0.3433264887063655,0.42587268993839833
EFC,0.000250730002274796,0.0009284127860327946,0.029740709517401858,0.4721191271859427,-0.8588830593603946,740000.0,885944.2296759522,0.5437371663244354,0.5552361396303901
EFOR,-0.0003715938860689267,-0.0003237828487523771,0.032167341927146535,0.5106407224632655,-0.9484972817194524,273000.0,389491.1881750995,0.24147843942505134,0.628747433264887
EFSC,0.00030834566265921143,-0.0002841236990377932,0.022699202629559247,0.3603386707036631,-0.5573052070519859,131500.0,155308.186469585,0.05872689938398357,0.31457905544147846
EFX,5.186159226858268e-05,0.0007568392523513533,0.021893691737843307,0.34755158171665756,-0.6130119095961921,824200.0,979761.9101762365,0.5671457905544148,0.2813141683778234
EG,0.0002715540856921193,0.0007275146830671966,0.018915349535010516,0.30027186498899444,-0.48857626569748325,294100.0,330361.1711199545,0.2620123203285421,0.1675564681724846
EGBN,-0.00011101036040727334,0.0,0.02781231061948921,0.4415067437114953,-0.7968223611863302,199400.0,254966.74246731098,0.15852156057494868,0.5026694045174538
EGHT,-0.0012977785673466552,-0.0013487499207337048,0.04616353758353882,0.732823440510164,-0.989968309970544,1238400.0,1511978.6242183058,0.680082135523614,0.8714579055441478
EGO,0.0009553737275017137,0.0008914798842891889,0.033083972230679284,0.5251917774272654,-0.7046187165996918,1816000.0,2105640.7617964754,0.7700205338809035,0.6562628336755647
EGP,0.00037666729908341343,0.0006907434191516821,0.018593747240074895,0.2951665868281906,-0.4248357587644584,254000.0,292017.11199545197,0.22381930184804927,0.15687885010266941
EGY,0.0007284149350697726,0.0,0.03935322012859632,0.624713002499083,-0.7612998671310235,775700.0,954690.6196702672,0.5552361396303901,0.7823408624229979
EHC,0.0005683123870670036,0.00012343976578929795,0.01832602178617579,0.29091657700423706,-0.41808128001635986,707565.0,817644.0636725412,0.5285420944558522,0.14455852156057494
EHTH,-0.0026120923348753834,-0.0028490213687969385,0.0531630524572647,0.8439372944340222,-0.9995671229714826,375200.0,558722.3990903923,0.33798767967145793,0.9219712525667351
EIG,0.00017763811623727716,0.0005952263261426558,0.0175862442928041,0.2791729733663318,-0.43542823379562173,133700.0,160571.8590108016,0.060574948665297744,0.11991786447638604
EIM,-1.4573587883908682e-05,0.0,0.008171548065638532,0.1297193040485428,-0.3272415702583976,135500.0,162347.0722001137,0.06386036960985626,0.002874743326488706
EIX,-2.840002479380642e-05,0.0009564264355422333,0.01973411421154512,0.3132693512873632,-0.4665961507648361,2047700.0,2479974.0761796474,0.7975359342915811,0.19301848049281314
EL,-0.00036117470223852907,0.00017294601220209447,0.026668299262504785,0.4233461264258094,-0.8998999124167033,1998900.0,2496581.2393405344,0.7921971252566735,0.4702258726899384
ELAN,-0.00010217782108891494,-0.0003950270375648533,0.028608860713051857,0.4541515844377273,-0.8570035962724426,4505900.0,5223748.834565094,0.9075975359342916,0.5252566735112937
ELF,0.000973580489482229,0.0007405104978264994,0.036149394772550275,0.5738538516819981,-0.8765665425262493,961500.0,1378719.8976691302,0.6094455852156058,0.7236139630390144
ELME,-0.00035863394895192406,0.0,0.02220751244152859,0.35253333094594486,-0.7765227208545283,517700.0,760889.1984081864,0.4353182751540041,0.2915811088295688
ELS,2.771999105042587e-05,0.0002667106565480262,0.017221953270253384,0.27339003266319606,-0.45481648400566066,1021400.0,1170879.7043774873,0.6254620123203285,0.10882956878850103
ELV,0.00034390688866834046,0.000436955453688142,0.021393251950084433,0.339607346369226,-0.5412107240332228,1192500.0,1382371.4042069358,0.6694045174537988,0.26160164271047226
EMBJ,0.0008601650870089291,0.0009540745759021774,0.034479001549621746,0.5473371813246587,-0.8574995297225144,1516800.0,1924189.4258101194,0.7264887063655031,0.6887063655030801
EMD,0.0001982496598106112,0.0007790229638871013,0.013685654686993844,0.21725303298534734,-0.497844700839037,179600.0,214935.07674815235,0.13942505133470226,0.03285420944558522
EME,0.0012521827399297994,0.0016642900079443293,0.02373250801610124,0.3767418851907046,-0.5162065574030134,315000.0,367920.8641273451,0.2813141683778234,0.3507186858316222
EMN,0.00010289628358865508,0.00011407566883596697,0.022189100321722045,0.352241047605239,-0.5999688068534638,986800.0,1150863.1040363843,0.6160164271047228,0.29034907597535936
EMR,0.0005996908475674201,0.0009903760365628845,0.020283652266916755,0.3219929974702396,-0.5463747936182654,2678600.0,3019875.895395111,0.8418891170431212,0.2184804928131417
ENB,0.0004038243701241127,0.0008336298267927558,0.01593169545974819,0.2529078249006634,-0.48321471534413457,3751600.0,4343704.775440591,0.8887063655030801,0.06694045174537988
ENIC,0.0003016627288896969,0.0,0.02472852698037941,0.3925531960742096,-0.8110498748778153,517800.0,686245.650938033,0.4357289527720739,0.40123203285420944
ENOV,-0.000550502584970055,-0.0006665398929920382,0.030287352536638147,0.48079681609491504,-0.8809458981942895,610980.0,750009.5105173395,0.4895277207392197,0.5716632443531827
ENPH,0.00019023736950865645,0.0011280663220396532,0.0478188977437222,0.7591014683946997,-0.9645716393530817,3726200.0,4693159.465605457,0.8874743326488707,0.886652977412731
ENR,-0.0002444467839421053,0.0003453996702262488,0.02437901825561323,0.3870049170735378,-0.7630335126138934,635300.0,750758.1580443433,0.49938398357289526,0.382340862422998
ENS,0.0005925997845302492,0.0008170208699047204,0.024925072564740327,0.39567326049925067,-0.5412100366462285,246200.0,294203.80898237636,0.21560574948665298,0.4078028747433265
ENSG,0.0007857418198763032,0.0007873737729560088,0.023541776860154427,0.3737141219552617,-0.5651609937186418,273100.0,332085.450824332,0.24188911704312116,0.3445585215605749
ENTA,-0.0009260251930193334,-0.0009784678002797732,0.039179058451814616,0.6219482715909885,-0.9778835872820477,178400.0,239659.1813530415,0.13737166324435318,0.7806981519507187
ENTG,0.0006749876507049449,0.001619074499144636,0.03303977319807157,0.5244901395364474,-0.74077459100693,1315600.0,1696229.6191017623,0.6981519507186859,0.6546201232032854
ENVA,0.0011866613083659605,0.0018153136095815337,0.033586748108596694,0.5331730970562952,-0.744974601313147,238000.0,289804.1500852757,0.20082135523613964,0.6673511293634496
EOD,0.000493390341126719,0.0016792291812170277,0.01351864465284061,0.21460183088441617,-0.49640719804983424,117800.0,140834.90619670268,0.03572895277207392,0.030800821355236138
EOG,0.0005265326451450934,0.0005065693021232866,0.02737427227156579,0.43455310051160556,-0.7177006663562248,3558100.0,4049622.6833428084,0.8817248459958932,0.49075975359342916
EOLS,-0.0004048878578853598,-0.0006779593838380441,0.046168141433789625,0.7328965243671861,-0.9620892208891733,554300.0,748150.5969300739,0.4591375770020534,0.8718685831622177
EOS,0.0004417829507533964,0.0009024911183278538,0.014303935765157465,0.22706794082429432,-0.43474658409008105,104400.0,120499.71574758386,0.00944558521560575,0.04106776180698152
EPAC,0.0002850748931037922,0.0005065613871075398,0.02260117940818952,0.3587826003049407,-0.5347576741583929,285000.0,342083.28595793067,0.2548254620123203,0.3096509240246407
EPAM,-0.00030075010963234933,0.0008237924367189484,0.03484205460442766,0.5531004698990912,-0.960748974689339,459400.0,650943.5474701535,0.39609856262833676,0.7002053388090349
EPC,-2.6002049210339006e-05,0.0,0.025719105349820044,0.40827814019216824,-0.7400564832714199,453500.0,541777.9988629903,0.39137577002053386,0.43737166324435317
EPD,0.00044406600158340904,0.0010526292408553238,0.01663160129220736,0.26401848554376695,-0.5999777098942701,4873000.0,5630147.697555429,0.9162217659137577,0.08459958932238193
EPM,1.920123653255745e-05,0.0,0.03422565426186277,0.5433154178122009,-0.7400691756368034,206400.0,261200.51165434907,0.16960985626283367,0.682135523613963
EPR,6.711792328112574e-05,0.000258149617559837,0.031394859969151465,0.4983779515444303,-0.873994498318503,610400.0,753388.5730528709,0.4891170431211499,0.6069815195071868
EPRT,0.00024966450354398567,0.0011959233213852786,0.026257988803142826,0.4168326498110069,-0.8025450766655621,1029800.0,1274707.2768618534,0.6283367556468172,0.4574948665297741
EQ,-0.0004839100086564296,0.0,0.08632479649712858,1.3703636610579717,-0.999385329083537,102900.0,694157.0210346788,0.007392197125256674,0.9971252566735113
EQH,0.0006011621162842801,0.001052646352378186,0.025331951603656862,0.40213226500319943,-0.6489869677985812,2627600.0,3086610.0625355314,0.8402464065708419,0.42053388090349075
EQIX,0.0003859776328803695,0.0004965178850051993,0.01858058559285386,0.2949576521558457,-0.45037930462808534,447700.0,505524.50255827175,0.3872689938398357,0.15523613963039015
EQNR,0.0007084152827060723,0.0006550227931556267,0.024163982192251698,0.3835913253941481,-0.6062695905292655,3142300.0,3625037.691870381,0.864476386036961,0.3700205338809035
EQT,0.0009210257013088424,0.0,0.0325272521443047,0.5163541200367361,-0.5960696856824838,6520200.0,7260409.323479249,0.9359342915811089,0.6394250513347023
EQX,0.00040722337804044656,0.0,0.03565862901271344,0.5660631867669146,-0.8626045295507284,2143700.0,4557296.873223422,0.8061601642710472,0.7145790554414785
ERIC,0.00021941397547717363,0.0,0.022909957361669016,0.363684298356418,-0.717412780618184,8911700.0,11114757.873791927,0.9613963039014374,0.32238193018480493
ERII,-0.00017725956138187174,0.0010520377024183733,0.03218415009860309,0.5109075439132722,-0.8703061085599634,330600.0,434921.83058556,0.2969199178644764,0.6295687885010267
ES,-1.8978495019431814e-05,0.0006883602889561847,0.01732475534814752,0.27502196505740745,-0.497255159392498,1818800.0,2068811.1426947128,0.7712525667351129,0.11129363449691992
ESE,0.0007208533602810752,0.0007797879305242662,0.02100475822112439,0.3334401996128076,-0.5014186706606775,108900.0,135814.89482660603,0.017453798767967144,0.248870636550308
ESI,0.0007464360845179152,0.0003937686238091486,0.02422736529355745,0.3845975009344223,-0.5283927481218156,1482000.0,1909688.5162023876,0.7215605749486653,0.37412731006160166
ESNT,0.00021583106601050328,0.000763760318236767,0.02753079613433826,0.43703783980246447,-0.7562802176438493,548700.0,682187.606594656,0.4562628336755647,0.4952772073921971
ESRT,-0.0006286124338435855,0.0,0.026203832592593124,0.41597294662062184,-0.8330558908037959,1313700.0,1628812.905059693,0.6973305954825462,0.45544147843942506
ESS,2.8262125506914538e-05,0.0009757007998918452,0.018229323976557757,0.28938154686479317,-0.4852905908602564,390900.0,436045.0824332007,0.3494866529774127,0.14045174537987679
ESTA,0.0007092540746297642,0.0005573946088950449,0.0441376450734984,0.7006633939230718,-0.8653837905979784,172000.0,271311.5406480955,0.12854209445585216,0.8464065708418891
ESTC,2.070607833962577e-05,0.00040526856935396564,0.03677383043309742,0.5837664604874067,-0.8981365832442465,1178500.0,1424201.023308698,0.6665297741273101,0.7351129363449692
ET,0.0005920754176816702,0.0010261310297817912,0.022604191387499112,0.35883041399418425,-0.7079523771457064,14733600.0,17169427.97043775,0.9806981519507186,0.31006160164271046
ETD,0.00043092230247621837,0.0,0.02498232497641142,0.3965821143586931,-0.5919566775012051,256000.0,308297.78283115407,0.22669404517453798,0.40944558521560576
ETG,0.0005077975046546492,0.00150208353256173,0.015091776239801914,0.23957452063649612,-0.5411318509140103,125200.0,144976.12279704376,0.04722792607802875,0.04804928131416838
ETJ,0.00029715230220560247,0.0,0.012546988850093874,0.19917727320029202,-0.35727167912624336,162000.0,187438.94258101194,0.11047227926078029,0.02299794661190965
ETN,0.0010231281255923563,0.001341797482988708,0.021564196569722718,0.34232100807839055,-0.47544526362946427,1943400.0,2203989.994314952,0.784394250513347,0.26899383983572894
ETON,0.001256888665622417,0.0,0.04134301081606435,0.6562999504197589,-0.8546533151562952,143800.0,246331.26776577602,0.07967145790554415,0.8082135523613964
ETR,0.0004334437091088172,0.0008411822105659295,0.01697865322167907,0.2695277641282106,-0.4506800426764237,2607600.0,2874554.2922114837,0.8386036960985627,0.09856262833675565
ETSY,0.00013059914834190117,0.00018381421074015783,0.03660786988812949,0.5811319185108033,-0.9245254330297744,3124300.0,3688190.108015918,0.8628336755646817,0.7318275154004107
ETV,0.0003780475380044781,0.0006959003734469788,0.013779085626032223,0.21873620316207606,-0.45571605921761305,222100.0,255660.71631608868,0.1837782340862423,0.034086242299794664
ETW,0.00036037037651975433,0.0010419177629232019,0.014048023647190275,0.22300546189452025,-0.5053692845962854,276100.0,318329.61910176236,0.24435318275154005,0.038193018480492814
ETY,0.0004257505161816988,0.0008333207570539022,0.01389514014309215,0.2205785115060737,-0.45427992769422315,246900.0,282730.98351335985,0.2160164271047228,0.03572895277207392
EU,0.0008072151034683594,0.0,0.05433044818490813,0.8624691270956849,-0.965549405589661,292400.0,1169069.2251279135,0.259958932238193,0.9314168377823409
EVC,0.0006856983381512319,0.0,0.044298902300754325,0.7032232730456578,-0.9223096131854089,274800.0,509606.13985218876,0.2433264887063655,0.8501026694045175
EVER,-0.00010477673748046465,0.00046901877030984805,0.04536595937828568,0.7201622790168137,-0.9614309494760797,362400.0,447428.4820920978,0.32299794661190967,0.8611909650924024
EVH,-0.00042195986706692495,0.00016450450954436237,0.043743985169382035,0.6944142366784952,-0.9782962539238608,1127500.0,1615659.5793064241,0.6525667351129364,0.8414784394250513
EVR,0.0007576704769084906,0.001581778183850959,0.02536142808754843,0.40260018967860955,-0.5980438450116983,395100.0,450788.51620238775,0.3519507186858316,0.42176591375770023
EVRG,0.0002367565935417082,0.0012704549652861588,0.01608745291678327,0.25538039787761524,-0.4251390273211173,1694200.0,1898120.1250710632,0.7527720739219712,0.06899383983572896
EVT,0.00039595653278964865,0.0008886628260732351,0.014751030669125954,0.2341653523943639,-0.5533759475101037,111300.0,129119.95451961341,0.02217659137577002,0.04681724845995893
EVTC,-4.609633794814594e-05,0.0005382724243685232,0.02147729754971309,0.3409415289016664,-0.6382308940766414,312700.0,376819.3291642979,0.2767967145790554,0.264476386036961
EVV,0.00016431744933656877,0.0007614115946760597,0.011453850819495707,0.18182424493451402,-0.4371969311541127,307500.0,347591.3587265492,0.27351129363449694,0.015195071868583163
EW,8.842550249268744e-05,0.0002518535760897957,0.021679389244445756,0.3441496350994317,-0.6409136302424187,3185800.0,3731177.885162024,0.8661190965092402,0.27227926078028747
EWBC,0.0007024291517670007,0.0005712290621890546,0.025933638352820552,0.4116837460358996,-0.6027507223513198,828400.0,1004981.86469585,0.5679671457905544,0.4431211498973306
EXC,0.00022170131014456965,0.0008842970972839069,0.016697408865606986,0.2650631483853672,-0.4335244276142462,6834100.0,7567107.204093235,0.942094455852156,0.08829568788501027
EXEL,0.0006568024874358953,0.00045393687049569695,0.025536405948470148,0.405377877108255,-0.5674491061121727,2156600.0,2496595.9067652076,0.8082135523613964,0.42874743326488707
EXG,0.0004439449795791336,0.001196277227234423,0.013765317860624057,0.21851764666180157,-0.48035026456957025,547200.0,623611.3132461626,0.45564681724845996,0.03367556468172485
EXK,0.0007459761310305597,0.0,0.04531954713192389,0.7194255074468469,-0.881503637467644,3728700.0,5520374.1330301305,0.8878850102669404,0.8607802874743327
EXLS,0.0005437510976109875,0.000810940005866771,0.02260867833062879,0.3589016420081923,-0.5562771311795763,942500.0,1213040.989198408,0.6047227926078029,0.3108829568788501
EXP,0.0004035811020198431,0.001066047965007803,0.024269295969441093,0.3852631297785802,-0.5926902802348788,324000.0,358877.9420125071,0.2924024640657084,0.3757700205338809
EXPD,0.0005840503660289524,0.0008610908912909203,0.01703678288365284,0.27045054390448364,-0.3792993040882951,1114300.0,1268702.274019329,0.6480492813141684,0.0997946611909651
EXPE,0.0004028773456402645,0.0006136573384085537,0.03185335889169729,0.5056563962971142,-0.7186184751410162,2100400.0,2583500.6822057986,0.8020533880903491,0.6180698151950719
EXPO,-3.927741823054651e-06,9.586004553987636e-05,0.019612114497657512,0.3113326658695574,-0.6326567189921253,227800.0,288786.0716316089,0.19055441478439425,0.1893223819301848
EXR,0.0002229652920121194,0.000692480907809878,0.01867495421256237,0.29645570755174855,-0.5568217087081074,922500.0,1054117.8510517338,0.5991786447638604,0.1597535934291581
EXTR,0.0006003492546042798,0.0006653636825159244,0.03590276000435573,0.5699386461141691,-0.8022598916853695,1274100.0,1512482.8880045481,0.6870636550308008,0.7199178644763861
EYE,-0.00021564699142801326,0.00043508035412987865,0.03628843544848431,0.5760610539858608,-0.9192699377763126,989200.0,1265985.9010801592,0.6164271047227926,0.7260780287474332
EYPT,-0.00091234230015472,-0.0015530977227604242,0.06651277579689217,1.0558575826030359,-1.0035245620905193,377200.0,702101.989766913,0.33880903490759756,0.97782340862423
EZPW,0.0008709188425143025,0.0,0.025900352566102167,0.41115535055279967,-0.54224415562863,465800.0,613947.9818078454,0.4004106776180698,0.44188911704312117
F,0.0003828342158862793,0.0,0.026399255989402452,0.41907519687054773,-0.6674473896644761,59356900.0,69076456.16827743,0.9987679671457905,0.46160164271047227
FAF,0.00019261037809080705,0.0005584734217429451,0.020426758423792966,0.32426473728329946,-0.532478136440076,643700.0,755218.3058555998,0.5039014373716633,0.22546201232032853
FANG,0.0005655374256028752,0.0015972202441089474,0.03493803610167452,0.5546241289321642,-0.893642121122382,2142800.0,2514092.8936895966,0.8057494866529774,0.7047227926078029
FAST,0.0007533261745788123,0.0010085588728272654,0.017177306029865898,0.2726812796944524,-0.33013834279526966,6304200.0,6999805.002842524,0.9342915811088296,0.10677618069815195
FATE,-0.0010799819410844973,-0.002090906086906523,0.059037182320604,0.9371862151577839,-0.9998357886595655,1372200.0,1810837.3507674816,0.704312114989733,0.9535934291581109
FAX,8.673120337039522e-05,0.0,0.011852682078499713,0.18815549489293437,-0.4174276789559626,129200.0,152038.94485503127,0.05420944558521561,0.018069815195071868
FBIN,-3.282126923249804e-05,0.0,0.025178878415749086,0.3997023034776244,-0.7309634627493833,1259271.0,1507634.0227401932,0.6837782340862423,0.4151950718685832
FBK,0.00025083538711806285,-0.00032873351028312776,0.02427064042051524,0.38528447227773266,-0.6463001359147538,143600.0,196507.27686185332,0.07802874743326489,0.3761806981519507
FBNC,0.0004082814870631438,-0.00020756484608692294,0.024833121302706384,0.3942135794667686,-0.6000585490134258,146700.0,178136.83911313248,0.08624229979466119,0.40492813141683776
FBP,0.000690152369413126,0.000493400658056105,0.02616243010790588,0.4153157025517662,-0.6973845723445364,1265700.0,1452543.66117112,0.6858316221765913,0.45297741273100617
FCEL,0.0003444422897356361,-0.004280459022518629,0.07223554794534232,1.1467037740911512,-0.9992897738557944,691810.0,1655631.725412166,0.5236139630390144,0.9893223819301848
FCF,0.00039419788160632955,0.0,0.021844173333933903,0.34676550142426676,-0.5715640457931794,496500.0,576882.2057987493,0.4213552361396304,0.2792607802874743
FCFS,0.0005355291420529986,0.0004891621066151406,0.021255513135337602,0.33742081047102057,-0.5075196890612854,229600.0,268941.7282546902,0.19322381930184804,0.25420944558521563
FCN,0.00012853160748644538,0.0008893044810505729,0.019887657976967055,0.31570678299938854,-0.4961780005910423,250900.0,313450.0852757248,0.21991786447638603,0.19917864476386038
FCPT,6.723715759632447e-05,0.0003826065742459425,0.022726803955662383,0.36077682817201007,-0.6603572020778367,479100.0,578596.5889710062,0.4102669404517454,0.3154004106776181
FCX,0.0011838552170837366,0.0005453278545766794,0.031840737359492395,0.5054560356848418,-0.6420664827301157,15706800.0,17403268.163729392,0.9827515400410678,0.6172484599589322
FDS,0.00010189555284741494,0.0012535139723886955,0.01993501928251044,0.31645862041679934,-0.6532029620170431,256700.0,371955.0312677658,0.22731006160164272,0.20164271047227927
FDUS,0.0005923191432094798,0.0005158873507797191,0.02448421246558817,0.3886748233872834,-0.7612543021857059,140800.0,178207.2200113701,0.07351129363449692,0.38809034907597534
FDX,0.0005804863951670656,0.0006418895940058426,0.022770736786872758,0.3614742402466518,-0.5844217133349415,2312604.0,2853735.2490051165,0.8197125256673511,0.317864476386037
FE,9.680476275885822e-05,0.001076603675207751,0.01721458104190135,0.27327300216622885,-0.5485683595151415,3559500.0,4206322.910744742,0.8821355236139631,0.10841889117043121
FELE,0.0004471622260540813,0.0005145224213521025,0.020047166568590825,0.31823890339187644,-0.35501236875409964,163300.0,197143.09266628767,0.11334702258726899,0.20657084188911704
FF,0.0001328146475076451,0.0,0.031231285394117902,0.49578128566631907,-0.8050440984119689,211300.0,277288.4593519045,0.17412731006160165,0.6016427104722792
FFBC,0.0003210264312726223,-0.00041103786862082734,0.02439616645735345,0.3872771363369573,-0.6356553025438157,355900.0,451275.95224559406,0.3166324435318275,0.3839835728952772
FFC,0.00011117387013362982,0.000654312966234052,0.017191912530704796,0.2729131507069199,-0.604188237719532,108000.0,129227.06083001706,0.016016427104722793,0.10759753593429158
FFIN,6.200102684477843e-05,-0.0006841325906073992,0.021759064271487275,0.3454144369429569,-0.6025808929075972,460700.0,541201.5918135304,0.3971252566735113,0.275564681724846
FFIV,0.0006563831644539298,0.0008012960012004131,0.020062825505372285,0.318487481306993,-0.515562002614231,525200.0,628470.3808982376,0.44127310061601643,0.20780287474332648
FHB,0.00013684101018983467,-0.00034718666700263686,0.022452940164100182,0.3564293752585372,-0.5771360501226522,734600.0,933537.7487208642,0.5404517453798768,0.3010266940451745
FHI,0.0005027642925289574,0.000864993579843595,0.022195586258279533,0.35234400865614174,-0.6883289783703808,635500.0,725896.532120523,0.4997946611909651,0.291170431211499
FHN,0.0003546227840419728,0.0004363945202670729,0.028166524483222717,0.4471297144777164,-0.6694682278864404,5254400.0,6511620.466173963,0.9236139630390143,0.5137577002053388
FIBK,0.00017211976316414837,0.0,0.02300167004296091,0.3651401920370337,-0.581023618184832,533300.0,643588.0613985219,0.44722792607802875,0.3277207392197125
FICO,0.0005686904282882592,0.0013918562289587533,0.027809673307101438,0.4414648776752495,-0.723356654431294,203600.0,241625.86696986924,0.16550308008213552,0.502258726899384
FINV,0.00020479927338276294,0.0,0.04122411769392127,0.6544125806170392,-0.7899316534893528,841200.0,1160971.688459352,0.5720739219712526,0.8065708418891171
FIS,-0.0006664862763518325,0.00010346695036924077,0.022219188164889225,0.352718677308279,-0.8363276142235585,3693500.0,4284061.6827743035,0.8862422997946612,0.2924024640657084
FITB,0.000519983123719113,0.0007032710522011789,0.025387599799599446,0.4030156527274402,-0.6643927951283664,5105500.0,5925383.285957931,0.9203285420944558,0.42217659137577
FIVE,0.00031435913140371734,0.0008495732375681142,0.031854431248219864,0.5056734194291674,-0.854742376031824,908200.0,1125672.6549175668,0.5942505133470226,0.6184804928131417
FIVN,-0.0002563930568790884,-0.0005632182922720734,0.034813663618944155,0.5526497769766988,-0.9690130318167635,1175700.0,1476372.4275156339,0.6657084188911704,0.6993839835728953
FIX,0.00208554487110805,0.00206273924138819,0.029881064798831597,0.47434719820508814,-0.5080427071576106,261500.0,310971.17680500285,0.23326488706365503,0.5597535934291581
FIZZ,0.0003417795352444961,-0.00010556131826560011,0.024801523124423585,0.39371197393705476,-0.7119315116667095,220000.0,352573.450824332,0.1815195071868583,0.40369609856262834
FLEX,0.001520870956406899,0.0009460192466307101,0.029892968455767485,0.4745361629007557,-0.6038797211585974,4369500.0,5240586.370665151,0.9047227926078029,0.5613963039014374
FLG,-0.00047365617104182337,0.0,0.0322601711124605,0.5121143400957625,-0.880227398028997,2962800.0,3972976.8447981807,0.8558521560574949,0.6340862422997947
FLGT,0.00039684975996589545,-0.0003128850892088048,0.04738448035243768,0.752205306099458,-0.9688374474835564,286700.0,472186.46958499146,0.2562628336755647,0.8813141683778234
FLL,-0.00013093151248178862,-0.000521660393800513,0.04519172969357108,0.7173964685162537,-0.9413570865890979,142900.0,206885.9579306424,0.07720739219712526,0.8591375770020534
FLNA,-0.00029510454257470107,-0.004639411732541978,0.09419727487473584,1.4953353809912637,-3.830024914862551,1079900.0,2677119.6702671973,0.6394250513347023,0.9983572895277207
FLNG,0.001066020629631188,0.001141753789607763,0.029396348816703957,0.46665257053383913,-0.7046804847198782,263700.0,307686.2421830586,0.23408624229979466,0.5482546201232033
FLO,-0.000604184548283567,0.0,0.016667084579927983,0.26458176527381333,-0.7959877549699076,1373100.0,2127365.548607163,0.7047227926078029,0.08706365503080082
FLR,0.000585451056931067,0.0002543488756829858,0.039383149338551825,0.6251881139779564,-0.8698793888198688,1952500.0,2347754.064809551,0.7852156057494867,0.7835728952772074
FLS,0.0003481529949437074,0.000793930087098527,0.025516002030052738,0.40505397494483275,-0.6456257241211241,1027100.0,1279020.9778283115,0.6271047227926078,0.4275154004106776
FLWS,-0.0009662249658657667,0.0,0.04038873281681968,0.6411512568140287,-0.9795347424156012,506200.0,654832.8595793064,0.42874743326488707,0.7983572895277208
FMC,-0.0011462664247676737,-0.00023955371828294762,0.03192779280978089,0.5068379981152584,-0.9678463254792731,1115600.0,1677817.1119954519,0.648870636550308,0.6209445585215606
FMS,-0.00012008757940088312,0.0008474520786125412,0.019742518082187566,0.31340275859798483,-0.7347757667952616,368200.0,483613.0756111427,0.33203285420944556,0.19342915811088296
FMX,0.00024659652152585627,0.0001614699915434396,0.017942190468861103,0.2848234437381592,-0.48775879766919744,490300.0,556509.9488345651,0.41683778234086244,0.12772073921971253
FN,0.0011722997372698215,0.001611532515273732,0.032710303662124046,0.5192599727963134,-0.5552898932510509,284500.0,401165.0369528141,0.25420944558521563,0.6455852156057494
FNB,0.00039377872011135646,0.000587044516394145,0.024641414278904657,0.39117032480938635,-0.5982364479014851,2377300.0,3142772.2569641843,0.8242299794661191,0.3971252566735113
FND,-4.89604134074355e-05,-0.0004121360317566287,0.030831600538565235,0.4894364852827723,-0.8153698780748537,1314600.0,1555241.5008527571,0.6977412731006161,0.5893223819301848
FNF,0.00015471602163825938,0.0011837085982989697,0.020029857462633718,0.3179641298532002,-0.593068660588627,1511013.0,1809868.6532120523,0.7256673511293634,0.2057494866529774
FNGR,-0.0017544925722292584,-0.004194734875362374,0.10243097677272822,1.626041346540434,-0.9999983724644942,117900.0,1374577.3166571916,0.036139630390143736,0.9987679671457905
FNKO,-0.0007360521408830216,0.0,0.05179247864264623,0.8221801096323965,-0.9950681204617032,641400.0,884582.2057987493,0.502258726899384,0.9145790554414784
FNV,0.0006099959152001197,0.0010139868684320155,0.0203364581468418,0.3228312648265012,-0.43242562170928506,617400.0,704863.7293916998,0.49363449691991784,0.22094455852156059
FOR,0.00022010879374513573,-0.0004710211381207132,0.025202469708843826,0.40007680364543513,-0.6526519126707311,121100.0,139667.25412166002,0.04147843942505133,0.41683778234086244
FORM,0.0010931520120074068,0.0005019435453373444,0.03715984761723254,0.5898942933135204,-0.7413304238198188,505700.0,675653.7237066515,0.4275154004106776,0.7412731006160165
FOSL,-0.000374206075421329,-0.0027818557469615982,0.06175562713821766,0.9803401887993324,-0.9959988059720972,583900.0,876339.1131324617,0.47433264887063653,0.9630390143737166
FOX,0.00038801058798993094,0.0007028671402353482,0.02036537463514157,0.3232902998474842,-0.49872813087930995,1098100.0,1318437.748720864,0.6447638603696099,0.22258726899383985
FOXA,0.0004468935696598097,0.001028825327816767,0.020969881591810634,0.3328865502864133,-0.49923341578392094,3281200.0,3808645.7646389995,0.871047227926078,0.24804928131416837
FOXF,-0.0006717951806023377,0.0007135416411587203,0.034518221043089874,0.5479597714822343,-0.9633538074213166,309400.0,407466.7993177942,0.2751540041067762,0.6915811088295688
FPF,0.00011126732475117427,0.0009021823291982731,0.018635695274911122,0.2958324912371778,-0.6141016740545788,125400.0,148436.27060830017,0.04763860369609856,0.15852156057494868
FPH,-0.0002872090044603815,0.0,0.0317706345373551,0.5043431878833673,-0.8700372348041956,117600.0,171099.3746446845,0.03429158110882957,0.6164271047227926
FPI,0.0004669989899621629,0.0,0.02102273960817931,0.3337256452830595,-0.4294038705693973,308600.0,360342.4104604889,0.2743326488706366,0.24969199178644763
FR,0.0003466983670428273,0.00039236022802714265,0.016987006123763738,0.26966036233806084,-0.4456491160588773,905900.0,1027159.6361569073,0.5930184804928131,0.09897330595482547
FRA,0.00027556866769100444,0.0007564030904950018,0.01169217389942867,0.18560750654165156,-0.45983291387500186,131000.0,156552.07504263785,0.05831622176591376,0.015605749486652977
FRHC,0.001517194671890642,0.0009080580449012711,0.02450427942217571,0.38899337644748677,-0.47975151935168786,116800.0,224902.21716884593,0.0324435318275154,0.3893223819301848
FRME,0.00017814056921109669,-0.0002307359182287875,0.022531614602565832,0.35767829325084377,-0.5467020504129531,202800.0,242364.4684479818,0.164476386036961,0.3055441478439425
FRO,0.0012959589226078615,0.0012705443735778897,0.0335135754317625,0.5320115168222861,-0.6177150601643253,2278500.0,2700777.146105742,0.8172484599589322,0.6661190965092403
FRPT,9.666154737277834e-05,0.00017754031831955584,0.032737570545325154,0.5196928211481813,-0.8637258980311335,535000.0,757952.4729960205,0.4486652977412731,0.6459958932238193
FRT,4.302926370589208e-05,0.00020729082668115883,0.020769249089635344,0.32970160805237864,-0.5796246444977948,574400.0,657180.8413871517,0.4698151950718686,0.24106776180698153
FSK,0.00017105205878227436,0.0006352834768700679,0.019878214268113606,0.31555686876890654,-0.6403650360778589,1113500.0,1439110.9721432633,0.6476386036960986,0.19876796714579056
FSLR,0.0005940538562619659,-8.446315351537524e-05,0.03391356628538671,0.5383611747746267,-0.6445671581544935,1937600.0,2369343.3200682206,0.7835728952772074,0.6767967145790554
FSLY,1.314068237672165e-05,0.0,0.055447542393069864,0.8802024478906444,-0.9918384075019747,3146400.0,4705009.550881183,0.8648870636550308,0.940041067761807
FSM,0.0007177392306523309,0.0,0.039558258687785876,0.6279678887198503,-0.8505352076498114,4614000.0,6163791.586128482,0.9096509240246407,0.7856262833675565
FSP,-0.0016367625471932605,-0.0018050414245296717,0.03300848678793991,0.5239934831727014,-0.9812577621304277,428000.0,607382.8311540649,0.3724845995893224,0.6529774127310062
FSS,0.0007468072834389623,0.0005836421007970376,0.02089558103927751,0.33170706558074925,-0.3406220372882293,299800.0,359393.803297328,0.26652977412731005,0.2464065708418891
FTAI,0.0016465590795271667,0.0013323210928443806,0.03784932429341012,0.6008393962331922,-0.7570697101386682,807600.0,1029726.0250142126,0.5638603696098563,0.7527720739219712
FTDR,0.00020512062676411575,0.0007159829725791574,0.024215647987287998,0.384411494463875,-0.7062663177506922,567400.0,701050.5400795906,0.46652977412731006,0.3728952772073922
FTF,0.00013383316715373438,0.0,0.009839008392628407,0.15618941612623272,-0.3797710011287063,135300.0,158944.7413303013,0.06324435318275154,0.01026694045174538
FTI,0.0008060305901375245,0.0013177239176107266,0.03359962887347251,0.5333775728596414,-0.8481330051711827,5012700.0,6238261.1807845365,0.9190965092402464,0.6681724845995893
FTNT,0.001363885567755147,0.0022362583215731714,0.028304779488663938,0.4493244446491605,-0.4780380836015748,5133700.0,6083870.608300171,0.9211498973305955,0.5178644763860369
FTS,0.0002693361147081306,0.0005041853552487643,0.013033449990587722,0.20689960440175345,-0.37108914746300814,523800.0,599218.13530415,0.4394250513347023,0.025872689938398356
FTV,0.0001696552039888868,0.0003972842011540623,0.018282348916386734,0.290223291689223,-0.49225820272298343,2757900.0,3180361.2774303583,0.8451745379876797,0.1437371663244353
FUL,9.14313274690556e-05,0.0001718999199618911,0.021295124308254046,0.3380496183470795,-0.5429714974935946,336500.0,402178.16941444,0.3032854209445585,0.2574948665297741
FULC,-0.0004100313862241595,0.0,0.07046162115532509,1.118543559308627,-0.9998117455543518,438500.0,851107.7885162024,0.37946611909650924,0.9864476386036961
FULT,0.00036746440717045747,0.0,0.023175240648971904,0.3678955399875289,-0.5613360080210437,1092600.0,1293555.088118249,0.6422997946611909,0.3338809034907598
FUN,-0.0008241060568720386,-0.0011116098791329933,0.03413781306411655,0.5419209820275857,-0.92397453698145,503600.0,1068869.9260943718,0.42525667351129365,0.6804928131416838
FURY,-0.0007383583892597475,-0.0015425754702795811,0.04186840596943502,0.6646403399149035,-0.9705825074625305,161000.0,260502.65548607163,0.10924024640657085,0.8193018480492813
FUTU,0.0013319300073324344,0.0004605255013068324,0.047390732713804576,0.7523045592591603,-0.925967228895628,1943300.0,3032736.7822626494,0.7839835728952772,0.8817248459958932
FVRR,-0.00043719621264705144,-0.0004354410539687196,0.04246015703522177,0.6740340968636784,-0.9921086373297376,666800.0,815328.7094940307,0.5133470225872689,0.8295687885010267
FWONA,0.0004732451580046789,0.0007659215015778442,0.02122736020840382,0.33697389661094834,-0.6408141112133351,117607.0,145174.47754405913,0.03490759753593429,0.253388090349076
FWONK,0.0004908174701009122,0.00043452852184004166,0.021354865960311036,0.33899798767260914,-0.6158097846358964,1023429.0,1228420.6145537237,0.6258726899383984,0.2595482546201232
FWRD,-0.0008138099490759623,0.00030781653227359394,0.03822090838857974,0.6067381108749869,-0.9788634550506078,243400.0,442032.68902785674,0.21190965092402464,0.7605749486652977
G,-4.202564357421607e-05,0.00044779378693610334,0.020361643960923215,0.323231077230258,-0.5523043829481786,1092500.0,1379360.7163160888,0.6418891170431211,0.22217659137577003
GAB,0.0003574053148007713,0.001415405885074146,0.015427393547899503,0.2449022802339871,-0.4955419429980859,529900.0,645392.3348493462,0.44435318275154007,0.05462012320328542
GAIN,0.0005447198929469931,0.0008011644841104156,0.01748443115897273,0.2775567399724241,-0.5894596727704434,134700.0,163462.19442865264,0.06242299794661191,0.11498973305954825
GALT,4.2379171424700236e-05,-0.002857147906913286,0.055253312979211405,0.8771191515324644,-0.9715001858579607,165000.0,407600.6253553155,0.1162217659137577,0.9392197125256674
GAP,0.00027726257698574663,-0.0005967028009494697,0.0384997839434976,0.6111651230652736,-0.8401709190802322,7302600.0,8607342.069357589,0.9478439425051335,0.7675564681724846
GASS,0.0006122664835414316,0.0,0.03139536795491676,0.4983860155684575,-0.6313722139912334,100100.0,146462.99033541785,0.0012320328542094457,0.6073921971252567
GATX,0.0005668815971019484,0.0010952679785338924,0.019413010598003638,0.3081719894482735,-0.4251925812484666,156800.0,185028.02728823194,0.10143737166324435,0.18316221765913757
GAU,0.00041681244666950777,0.0,0.03950222500224965,0.6270783815380228,-0.8765889754575431,642200.0,1151515.1222285389,0.5026694045174538,0.7848049281314169
GBCI,0.00018649974694917007,0.0,0.024353449478627304,0.3865990253221408,-0.6198210710033842,469700.0,593060.6026151222,0.40328542094455855,0.38028747433264887
GBDC,0.00016478756349128305,0.000643735002026242,0.01588182899646823,0.25211621933705675,-0.5249233667724628,800300.0,1000063.7328027288,0.5613963039014374,0.06570841889117043
GBX,0.0003329334650089762,0.0,0.029751160434650856,0.47228503035402286,-0.6510667200035624,307200.0,380092.8936895964,0.27227926078028747,0.5560574948665298
GCO,-6.659561528692842e-05,-0.0010765487409065248,0.045843167392870324,0.7277377213982409,-0.93331441544421,172700.0,221358.38544627628,0.1297741273100616,0.8652977412731007
GD,0.0004283935073386801,0.0008472362057827886,0.015244091873760322,0.2419924563659427,-0.4552231105529595,1123000.0,1266137.464468448,0.6517453798767967,0.052566735112936344
GDDY,0.00022028236504258736,0.0012021271282366794,0.02422717575779713,0.3845944921475042,-0.6870579907218747,1283200.0,1526126.7197271176,0.6899383983572895,0.3737166324435318
GDOT,-0.0004136819158672199,0.0,0.03500109500674106,0.5556251580166888,-0.9444368786566816,470100.0,593390.7333712337,0.4041067761806982,0.7051334702258727
GDS,-0.00014305114744734567,0.0,0.04773737082134623,0.75780726862412,-0.9853517207111301,1267800.0,1598131.2109152928,0.6862422997946612,0.8854209445585216
GDV,0.00041701368738653245,0.0009582055354917548,0.01561224905609438,0.24783677045297176,-0.5722308084062365,153500.0,182386.75383740762,0.09486652977412731,0.060369609856262836
GDYN,-0.00015121283032332045,0.0,0.0375043400639749,0.5953629413692431,-0.9462548348058188,408600.0,643781.9783968164,0.3603696098562628,0.746611909650924
GE,0.001146711782763952,0.0013758282399940023,0.023810529650817987,0.377980440244764,-0.6254193754760462,7828800.0,9836611.01534963,0.9531827515400411,0.3540041067761807
GEF,0.0005802151007225616,0.0003146338930521773,0.02219032999762043,0.352260568104961,-0.4754380329849361,170800.0,194129.73280272883,0.126694045174538,0.29075975359342915
GEL,2.339823445794652e-05,0.0,0.037648728277451124,0.597655033199885,-0.917972568140091,468800.0,669007.9022171688,0.4024640657084189,0.7503080082135524
GEN,0.0003432253642325066,0.0,0.02049031333053836,0.32527364015037674,-0.5219518829887304,4247900.0,5202470.835702104,0.8993839835728953,0.22833675564681724
GEO,0.0004395596706562873,-0.0006248346761025857,0.0346368992861761,0.5498437301856757,-0.7822617850702556,2032500.0,2622005.7418988063,0.795482546201232,0.6948665297741273
GERN,-1.7777311941507272e-05,0.0,0.04605832820567411,0.731153293413633,-0.8938290734970036,4384900.0,6886726.2080727685,0.9055441478439425,0.8702258726899385
GEVO,-0.0005030476295484807,-0.004938397420549555,0.07094881124950572,1.1262774622911236,-0.9943591117731831,4942700.0,8482404.150085276,0.9182751540041068,0.9868583162217659
GFF,0.0010188411043215832,0.001650958919442475,0.030409200422405424,0.4827310913160303,-0.6705448319563526,313300.0,364048.89141557703,0.2780287474332649,0.5765913757700205
GFI,0.0012875249415683849,0.0009111805255370888,0.03677821571276639,0.583836074644008,-0.6105308849185062,4619500.0,5648890.335417851,0.9100616016427104,0.7359342915811088
GGAL,0.0008083015977415153,-0.0003860153233859289,0.03845609750948383,0.6104716224248675,-0.7847936055800006,873200.0,1085942.978965321,0.5831622176591376,0.7671457905544148
GGB,0.0006255117336904498,0.0,0.02934415506471929,0.46582402040738224,-0.721959669701622,10817982.0,12749424.511654349,0.9708418891170432,0.5457905544147844
GGG,0.00035251737556748575,0.0008192884877043084,0.016198295837623115,0.25713997469642075,-0.3307883235177048,673100.0,804004.1500852758,0.5180698151950719,0.07474332648870637
GGN,0.0005025685118679198,0.0,0.01618620761444356,0.2569480801024663,-0.5510132786805969,561100.0,696288.2888004548,0.4634496919917864,0.07351129363449692
GH,0.0005848107394206861,0.0,0.04064478865657443,0.64521601725645,-0.959854032202852,1376100.0,1643104.0363843092,0.7059548254620123,0.8020533880903491
GHY,0.00024657351505534683,0.0006835530265691281,0.011339959408498124,0.1800162748347189,-0.4370255140725653,130100.0,153367.02671972712,0.056673511293634495,0.014373716632443531
GIB,-7.938640715732859e-05,0.0005867091953112262,0.015973200804658326,0.25356670182493646,-0.5238580635025544,169800.0,219130.24445707788,0.12464065708418891,0.06776180698151951
GIII,4.692916633578834e-05,0.0,0.043904104124448645,0.6969560462902579,-0.9203679076450269,504300.0,648961.284820921,0.42587268993839833,0.8431211498973306
GIL,0.00014893859629495906,0.0006524633652547168,0.02544985007017692,0.4040038451374071,-0.7502655661192563,591500.0,801929.505400796,0.4804928131416838,0.42505133470225875
GILD,0.0006415726194038756,0.0004040608232945689,0.016530905016545375,0.2624199817236549,-0.32211233984111015,6869000.0,8140511.540648095,0.9429158110882957,0.0813141683778234
GILT,0.00019288991676357452,-0.001537314477385987,0.03383322770647244,0.5370858393716778,-0.8604404102692423,269800.0,460260.48891415575,0.23819301848049282,0.6735112936344969
GIS,-0.00012942806741647744,0.0003564965467343257,0.014733242753483582,0.2338829779875724,-0.623914286686762,3889800.0,4724734.735645253,0.8915811088295688,0.046406570841889115
GKOS,0.00048028731905136213,0.000965261642707341,0.033373933904625695,0.5297947763012786,-0.7118045987578399,501600.0,633567.3678226265,0.424435318275154,0.6620123203285421
GL,0.0003485045469561724,0.0011515567355207005,0.026602654670918793,0.4223040508402917,-0.8107576701292272,508200.0,663977.0892552587,0.4295687885010267,0.46899383983572895
GLDG,3.6320519147775175e-05,0.0,0.03756827569576991,0.5963778880591155,-0.892243230828528,481400.0,863454.1785105173,0.4114989733059548,0.7478439425051334
GLNG,0.0008221221033081113,0.0005703208299324303,0.03581640668977918,0.5685678297426351,-0.7912227476550232,1137300.0,1361180.2160318363,0.655441478439425,0.717864476386037
GLO,0.0001626533417700842,0.0007779316590852748,0.015399234923439836,0.24445527592849547,-0.6108757148364106,160900.0,191315.17907902217,0.10882956878850103,0.05420944558521561
GLOB,-0.0005643175165035506,0.0005344014112769455,0.033816610947756176,0.5368220565047226,-0.9612311510845629,385300.0,624711.0858442297,0.34661190965092403,0.6722792607802874
GLPI,0.00024183077688731645,0.00042947323123582876,0.022422789573108483,0.3559507494646632,-0.7716731542319046,1262500.0,1549710.2330869813,0.6850102669404518,0.29938398357289525
GLRE,0.00020305052679527158,0.0,0.02018291269530002,0.3203938063481532,-0.5551866633487461,102500.0,144101.81921546333,0.006570841889117043,0.21232032854209446
GLW,0.0010778646500148998,0.0013048069710663568,0.0258290440361849,0.4100233627336875,-0.5363508526116849,4636500.0,5846612.166003411,0.9104722792607803,0.43983572895277206
GM,0.00048481034439467105,0.0006344375847597383,0.02571657829910293,0.4082380245056807,-0.647981977067742,12775500.0,14258179.02217169,0.9770020533880903,0.43655030800821354
GMAB,0.0003069646408674454,0.0012900585618812117,0.021881024910322316,0.3473505020635334,-0.6995222732958526,598500.0,885875.0426378624,0.4829568788501027,0.28090349075975357
GME,0.0016351972572052483,-0.001516215378788021,0.07798419376852192,1.2379606974322916,-0.9987279146405184,7979700.0,19846832.973280273,0.9540041067761807,0.9942505133470226
GMED,0.00021238723741829468,0.0002564281372933061,0.0239088775630905,0.3795416649517768,-0.5455197986280417,810000.0,1009238.8288800454,0.5642710472279261,0.3589322381930185
GNK,0.0008852152960524713,0.0002356274682549318,0.03169708060460177,0.5031755553992708,-0.6555583578560196,561100.0,645828.1978396816,0.4634496919917864,0.6135523613963039
GNL,-1.4568971560623769e-05,0.0,0.023536132821618063,0.37362452562111803,-0.6726946701876673,931900.0,1175061.739624787,0.6002053388090349,0.34414784394250514
GNRC,0.0005372598166475676,0.0007162646476589426,0.03301422527997573,0.5240845789096653,-0.8940784277352408,832300.0,1028590.1080159182,0.5704312114989734,0.653388090349076
GNTX,-4.707587790965915e-05,0.0003017588048579294,0.017638093121987806,0.2799960480130715,-0.49638505811437933,1474600.0,1656304.491188175,0.7195071868583163,0.12073921971252567
GNW,0.0004259086202630741,0.0010513947831186955,0.029821146026523252,0.47339601718273505,-0.6721391904699541,3353100.0,4183399.1472427514,0.8743326488706366,0.5581108829568788
GO,-0.0006662070630351497,0.0006703223569791063,0.029689762822469684,0.4713103734764755,-0.9358786823808324,1207900.0,1658456.9641841955,0.6731006160164271,0.5544147843942505
GOF,9.79227763828543e-05,0.0010358877310266443,0.01447811732429506,0.2298329873550037,-0.4076600159597336,527700.0,734637.0665150654,0.4431211498973306,0.04188911704312115
GOGO,-0.0005758766336179022,-0.0012465570438719132,0.045955673969452625,0.729523707933217,-0.955805770309988,1135500.0,1696405.45764639,0.6550308008213552,0.868993839835729
GOLD,0.0013102812358274816,0.000443764298999324,0.03194234094085905,0.5070689425364999,-0.6394080163310257,196600.0,267516.31608868676,0.15503080082135523,0.6217659137577002
GOLF,0.0007061789319728791,0.0004501773914214409,0.020708403603402547,0.3287357159025419,-0.3747384308520288,276300.0,318819.7271176805,0.24476386036960984,0.23942505133470227
GOOD,-1.6033105356460935e-05,0.000454276222515209,0.02348528730429976,0.3728173780564781,-0.725824434973769,222500.0,278081.4667424673,0.18480492813141683,0.34291581108829566
GOOG,0.0009745673793591711,0.0014754704981102876,0.020010254898474376,0.3176529487942514,-0.4823052336857957,23080000.0,26081932.461625922,0.9909650924024641,0.20451745379876796
GOOGL,0.0009788967302382945,0.0014178066151584539,0.02013355027064693,0.3196102021496937,-0.4795457091467523,29528000.0,33074698.18078454,0.9942505133470226,0.21026694045174538
GOOS,-0.0009915061864537353,-0.0005718696727640537,0.034096672790825254,0.5412679004355977,-0.940196070016915,937900.0,1235757.5895395111,0.602053388090349,0.680082135523614
GOTU,-0.0010188178141835383,-0.002736304958519668,0.06500488854743405,1.0319206145998874,-1.0000371635913292,2460800.0,4115914.7242751564,0.8312114989733059,0.971252566735113
GPC,0.0002796665984141829,0.0009296546435623687,0.020212069848473815,0.3208566618055721,-0.5506346807488134,872300.0,1022779.7043774872,0.582340862422998,0.21560574948665298
GPI,0.0006165384018614373,0.000359834219056068,0.030753455867991105,0.488195977095027,-0.7344134376869469,159300.0,185188.91415577033,0.10636550308008214,0.5876796714579056
GPK,-0.00015425861949358468,0.0,0.020495145293062247,0.3253503451774723,-0.7273393208870048,2906000.0,3466309.0392268333,0.8517453798767967,0.22874743326488706
GPMT,-0.0013245832059795143,0.0,0.04703129405404894,0.7465986474273857,-0.9858478931549065,361900.0,528194.2581011938,0.3215605749486653,0.8792607802874743
GPN,-0.0003164778076337561,0.00010419445132524772,0.02452379848030949,0.3893032318893759,-0.8096392136242218,1983800.0,2290703.8089823765,0.7907597535934292,0.3909650924024641
GPRE,0.0002091298772146042,-0.0004666866686881259,0.043280536267833083,0.6870572134451877,-0.9578287391302542,940400.0,1130952.3024445707,0.6032854209445585,0.8381930184804928
GPRK,-0.00017139561905254742,0.0,0.0332691305121512,0.5281310740230181,-0.8590829430316176,258000.0,408658.84025014215,0.22854209445585216,0.6595482546201232
GPRO,-0.0007330238250554564,-0.0011353023500162468,0.04847120855468117,0.7694565814945975,-0.9885208339505523,2395200.0,4739237.123365548,0.8262833675564681,0.8907597535934292
GRBK,0.0010681343276585447,0.000707410470030414,0.029743149771021635,0.47215786501122586,-0.5684900491922945,307100.0,390407.6179647527,0.2718685831622177,0.55564681724846
GRFS,-0.0005341010474592677,-0.0008562912034210917,0.0288535646800885,0.4580361394873867,-0.8637312726281952,761800.0,1028596.5889710062,0.5507186858316222,0.5326488706365503
GRMN,0.000796964895584098,0.0009141761623108473,0.01944738800583514,0.30871771387932073,-0.5699798934040476,767700.0,887025.6395679363,0.5515400410677618,0.18562628336755646
GRPN,-0.000527057119505167,-0.0013097369025467046,0.05935521869841434,0.9422348861391315,-0.99289110108948,973100.0,1250396.938601478,0.6135523613963039,0.9540041067761807
GRWG,-0.0005633667208729204,-0.005347639444729119,0.05452069174529998,0.8654891499916549,-0.9974505126450494,822600.0,1350086.8675383742,0.5667351129363449,0.9330595482546201
GS,0.0009471955822284812,0.0007379849144867614,0.020464980679049106,0.32487149677503413,-0.4902115480535396,2276600.0,2578392.6662876634,0.8168377823408625,0.2271047227926078
GSAT,0.0014657816164385948,0.0,0.05470665149766355,0.868441169543382,-0.8928990998953064,367780.0,747207.6094371802,0.3314168377823409,0.9351129363449692
GSBD,5.272754638454595e-05,0.0007475213093620426,0.0214791278066236,0.34097058332938973,-0.6619142946773969,484600.0,603640.3638430927,0.4125256673511294,0.2648870636550308
GSHD,5.661073482886188e-09,0.0007677550073809556,0.037944721106219714,0.6023537736885664,-0.9165804315054766,222100.0,274276.57760090963,0.1837782340862423,0.7544147843942505
GSK,0.0002643350651582227,0.0009105931046954662,0.015497549023469389,0.24601596388279143,-0.38819647247390265,3820900.0,4416813.246162592,0.8903490759753594,0.057494866529774126
GSL,0.0012080128959473903,0.0013183756563181358,0.029928374032042793,0.475098208999852,-0.7330106208768637,397300.0,467976.8050028425,0.3535934291581109,0.5630390143737166
GSM,0.0007396675859086909,0.0,0.046914319923979,0.7447417406794266,-0.8420066673139441,1049400.0,1363736.6685616828,0.6336755646817248,0.8780287474332649
GT,-0.000566023025421929,-0.0010934447588249409,0.03519541182112451,0.5587098418151902,-0.9010964035146026,4322500.0,5217952.472996021,0.902258726899384,0.7075975359342915
GTE,-0.00018425471944664553,0.0,0.050156972698738096,0.7962172576603032,-0.965166536654537,358910.0,530208.8345650939,0.3182751540041068,0.9055441478439425
GTES,0.0005626016177867827,0.0010071533926956405,0.02538841267568606,0.40302855673527155,-0.594108652415022,1047700.0,1466588.4025014213,0.633264887063655,0.42258726899383986
GTN,-0.0005579793144937055,-0.001276643439119099,0.03899614117884796,0.6190445499023812,-0.9457499125417176,875100.0,1025426.6060261512,0.584394250513347,0.7774127310061602
GTX,0.0005572361940645207,0.0,0.0410169392800989,0.6511237252570702,-0.9529602873646305,705600.0,1194803.0699260943,0.5273100616016427,0.8049281314168378
GTY,0.00017240889346757944,0.00014266276324206975,0.019362913792454136,0.30737672731449706,-0.5333496135834368,247000.0,292110.11938601476,0.2166324435318275,0.18193018480492812
GUT,0.00024233895634297032,0.001257631931072493,0.016946392030824743,0.2690156336002146,-0.4505051493757462,140254.0,173780.7515633883,0.07268993839835729,0.0973305954825462
GVA,0.0007865390272401983,0.000644611924430119,0.027338047830520993,0.43397805533728445,-0.7724447921186801,403600.0,517954.34906196705,0.3581108829568789,0.48993839835728953
GWRE,0.0001882382826549234,0.0008341823242601368,0.025718876181919318,0.40827450226452544,-0.6491342696270633,643200.0,817935.1335986356,0.5032854209445585,0.4369609856262834
GWW,0.0008684380467929093,0.0010026894947482551,0.017443710329542124,0.2769103168453021,-0.417622329501775,260500.0,287905.2302444571,0.23080082135523614,0.1137577002053388
H,0.0004516757388022219,0.0005646554908875138,0.02517601083262867,0.39965678200682186,-0.6319529806818615,714700.0,815080.3297328027,0.531006160164271,0.41478439425051333
HAE,-0.00010177062077340583,0.00034599956098487877,0.028447183056012296,0.45158503119923366,-0.8098078487514273,466600.0,579000.9664582149,0.40082135523613965,0.5215605749486653
HAFC,0.0004755410698897144,0.0006747533378353623,0.027611404248008137,0.43831745393701166,-0.7233055139014307,168100.0,200318.70380898236,0.12073921971252567,0.49815195071868584
HAIN,-0.0021450057578380993,-0.0005897246506987868,0.03910940251163486,0.6208425178206644,-0.9975260888740908,896600.0,1202468.6185332576,0.5893223819301848,0.7802874743326489
HAL,0.0003770311273868811,0.00035619225804657366,0.032997664680119346,0.523821687536973,-0.8638784685940673,10079200.0,11800575.15633883,0.9663244353182752,0.6525667351129364
HALO,0.0011433935398149433,0.0008416986642735401,0.026024267770919707,0.4131224434464407,-0.5103473581001637,1159800.0,1447062.535531552,0.6616016427104723,0.4455852156057495
HAPN,4.691992308523039e-05,-0.001236300830199342,0.04169554927227919,0.6618963249161455,-0.933575865109753,1439600.0,1777143.1495167708,0.7141683778234086,0.8139630390143737
HAS,-1.4058625201787717e-05,0.0003797085336961723,0.022896292845307878,0.36346738088395275,-0.7031801239075122,1282300.0,1492057.5895395111,0.6895277207392198,0.3215605749486653
HASI,0.00030527461470259624,0.001003172930105099,0.030626654686120997,0.48618307073596273,-0.8436804663503701,779500.0,957226.549175668,0.5564681724845996,0.5831622176591376
HBAN,0.0002353132174842618,0.0,0.023878504288594497,0.37905950416686207,-0.5822014985815426,14247100.0,17074304.775440592,0.9802874743326488,0.35852156057494866
HBM,0.001139905838136595,0.0011457575586389613,0.03800090802637148,0.6032457133945036,-0.7154533358858772,2019100.0,3021844.400227402,0.793429158110883,0.7564681724845996
HBNC,0.00022562909481928177,0.0,0.026001352092403805,0.41275866832757646,-0.6967412103286721,144000.0,204227.9704377487,0.08049281314168377,0.44476386036960985
HCA,0.000774738235039431,0.0011713773603724172,0.02259615092804188,0.358702775657281,-0.5747986649526529,1283500.0,1521789.823763502,0.6903490759753593,0.30924024640657083
HCAT,-0.001650087040858989,-0.0012130040680866025,0.04305823051150705,0.6835282189676468,-0.994901542154768,505100.0,646575.9522455941,0.4271047227926078,0.8357289527720739
HCC,0.0009464225769949623,0.001100794654376926,0.034864792200847164,0.5534614180523154,-0.6341010487145873,707100.0,796498.4081864696,0.5281314168377823,0.7014373716632444
HCKT,-0.00019973890477610696,0.0,0.024196170654268878,0.3841023013876468,-0.7478252551145276,122200.0,163775.83854462762,0.04435318275154004,0.3712525667351129
HCM,-0.00016098313814194045,0.0,0.03955666312666999,0.6279425599723649,-0.9176141978282721,128000.0,208174.4172825469,0.0513347022587269,0.7852156057494867
HCSG,-2.1777372676874856e-07,0.0,0.02762664599509561,0.4385594091710492,-0.7937369260351888,565100.0,704938.3740761797,0.46570841889117043,0.4989733059548255
HD,0.00023700540406524858,0.0005592083116891809,0.017492880522030498,0.27769086945275057,-0.41663422606883366,3526100.0,3985476.7481523594,0.8800821355236139,0.11581108829568788
HDB,-9.957616954146932e-05,0.0004317416647464543,0.020400480649721758,0.32384759055209494,-0.562342549048278,3633600.0,4620967.424673109,0.8841889117043121,0.2246406570841889
HDSN,0.001169767892006493,0.0,0.039889144286158994,0.6332205347540987,-0.757918840412142,388700.0,520130.01705514494,0.3482546201232033,0.7901437371663245
HE,-0.0008305343411877133,-0.00023130645590745266,0.03115389047399899,0.49455267939807296,-0.9192855344882138,672200.0,1684164.241046049,0.5174537987679672,0.5987679671457905
HEI,0.000507585079469917,0.0011076507700137686,0.020857844399780043,0.33110801500019565,-0.5630693465854576,361800.0,431240.0795906765,0.32114989733059546,0.24476386036960984
HELE,-0.0009660303531351884,-0.00027349071581497586,0.031857016105114745,0.5057144527602787,-0.973699626613222,282800.0,394703.1267765776,0.253388090349076,0.6193018480492813
HESM,0.0007024840192119435,0.0009742296005562877,0.02679610418884144,0.4253749667343037,-0.8132009132217499,524000.0,744086.2990335418,0.43983572895277206,0.4735112936344969
HFRO,-4.525737814751055e-05,0.0,0.01569309526755577,0.24912016427278322,-0.5722245623908122,214700.0,276857.6463899943,0.17638603696098562,0.061601642710472276
HFWA,0.0001938304576288693,0.0,0.022591908780514,0.35863543365297934,-0.5574829542376315,167100.0,201078.22626492326,0.11991786447638604,0.3080082135523614
HGV,5.892578090248313e-05,-0.0005496168331680759,0.02925117987553519,0.46434808503530045,-0.7503788346312338,722500.0,845304.1500852758,0.535523613963039,0.5449691991786447
HHH,-0.00033382320138102,0.00014458036451823076,0.02457720031407637,0.39015095971958774,-0.7478431796022984,281132.0,342290.62990335416,0.2513347022587269,0.3942505133470226
HIG,0.0004942891213778377,0.0011866656311300882,0.020619301339358048,0.32732126131105455,-0.6138477506102392,1649300.0,1935505.685048323,0.744558521560575,0.2349075975359343
HII,0.0002053276454794723,0.0006155520486253419,0.02136615726151648,0.3391772315224167,-0.5398407394696211,340400.0,397102.5014212621,0.30677618069815193,0.26036960985626284
HIMX,0.0012609889615727023,0.0,0.042180933779305554,0.6696015650911581,-0.7783864216242278,1257700.0,1968695.8499147242,0.6833675564681725,0.8229979466119096
HIO,0.00013913751852441327,0.0,0.011906557733808979,0.1890107444069481,-0.44302629738120947,278700.0,361535.1904491188,0.24784394250513347,0.018480492813141684
HIVE,0.0008181195262868082,0.0,0.06811314193838412,1.08126260750525,-0.9930795081048781,1679540.0,5979278.578737919,0.7494866529774127,0.9831622176591376
HIW,2.788041443988442e-05,0.0003747976561677559,0.022349842840404626,0.3547927559825286,-0.7017535322115738,899400.0,1013927.7998862991,0.5905544147843943,0.2948665297741273
HIX,0.00010258437517864591,0.0,0.013444117522913709,0.2134187493741323,-0.4809676656151372,234400.0,301602.3308698124,0.19548254620123204,0.02997946611909651
HL,0.0013000515518138717,0.0,0.04179028395991091,0.663400191460175,-0.7545544071732158,9072700.0,12360492.097782832,0.9626283367556469,0.8164271047227926
HLF,-0.0006392438255452088,0.0,0.03600428267719616,0.5715502685827912,-0.9552718192279539,1281800.0,1558958.2148948265,0.6887063655030801,0.7215605749486653
HLI,0.0006865714596984909,0.0015244674429702823,0.018025668358008704,0.2861486141461022,-0.42714047200682886,347300.0,414077.20295622514,0.31006160164271046,0.1293634496919918
HLIO,0.00032996023269037784,-0.0002785236945686768,0.02812055414565849,0.4463999579924326,-0.827886767118598,135600.0,183445.25298465037,0.06447638603696099,0.5121149897330596
HLIT,0.00030328478260723294,0.0,0.03149094653703135,0.49990327852209376,-0.6611075310922193,879500.0,1177430.8698123933,0.5856262833675565,0.6094455852156058
HLNE,0.0002935734189050986,0.0006568308919106423,0.024499289595371676,0.3889141654026342,-0.675137680249436,227100.0,328534.11028993747,0.188911704312115,0.38891170431211497
HLT,0.0007077706608869249,0.0008546044507149301,0.01981585053019262,0.3145668751207025,-0.5363383327151868,1762600.0,2139399.8862990336,0.7638603696098563,0.19589322381930185
HMC,0.0002316213666319879,0.0006482058895656579,0.017848945081569405,0.28334321910409277,-0.39821233205930284,913900.0,1024339.1131324617,0.5963039014373717,0.12525667351129363
HMN,0.0001225769701487918,0.0005610242963328242,0.01837300696798969,0.2916624436425455,-0.4524865346472801,202800.0,225679.02217168847,0.164476386036961,0.1457905544147844
HMY,0.0010768204122467314,0.0,0.03986541521345739,0.6328438474028351,-0.8040121286768428,4883100.0,5556085.844229676,0.9166324435318275,0.7897330595482546
HNI,0.0003021153719012443,0.00023874240889863453,0.024263129894863702,0.38516524637919664,-0.5878437600049861,221500.0,325210.5173393974,0.18275154004106775,0.3753593429158111
HNRG,0.000838580302263671,0.0,0.04859664492193296,0.7714478220932671,-0.8890544773469381,305700.0,426552.01819215465,0.27104722792607805,0.8940451745379877
HOG,-0.00010078030773783601,-0.000535852333604366,0.02987605816420724,0.4742677203443596,-0.7667959571134451,1696300.0,2146221.7737350767,0.7544147843942505,0.5589322381930185
HOMB,0.0003668610961366606,0.0,0.023053421914661972,0.3659617275314525,-0.5395266473689615,841900.0,983605.4007959068,0.573305954825462,0.3301848049281314
HON,0.00022527483693068938,0.0006663468632624246,0.0168144209020595,0.2669206568784947,-0.4533727679658639,2938579.0,3319591.10233087,0.8537987679671458,0.09363449691991786
HOPE,0.00017099236396623342,0.0,0.02374284150498425,0.3769059242412651,-0.5897199334011737,741400.0,833968.9027856736,0.5441478439425051,0.351129363449692
HOS,-2.9107636387752456e-05,0.0,0.044789461248705115,0.7110106549238294,-0.9465852631840527,1616100.0,2016331.3246162592,0.7396303901437372,0.8554414784394251
HP,0.00015123033976182452,0.00024265485168709398,0.03665499811732362,0.5818800559558744,-0.8567353160195683,1363000.0,1596835.0767481523,0.7034907597535934,0.7330595482546202
HPE,0.0009500238249761767,0.0018246575443801208,0.02650456898254299,0.42074698880859,-0.5707052918564768,11685600.0,14402912.50710631,0.9741273100616017,0.46611909650924027
HPK,-0.00014509590581843223,0.0,0.045943192208320174,0.7293255661179335,-0.9523524303481609,235800.0,322120.46617396246,0.19753593429158112,0.8673511293634497
HPP,-0.0015807448648969373,-0.001528968202721658,0.03581646025457156,0.5685686800573531,-0.9908409601871043,307471.0,470451.46446844796,0.2731006160164271,0.7182751540041068
HPQ,0.0004454737971481358,0.0016437803119194344,0.02473844381698469,0.3927106209749098,-0.5866273151312296,8807800.0,10664333.712336555,0.9609856262833676,0.4016427104722793
HQH,0.0004936271877552092,0.0010647707390839724,0.013879555675251723,0.22033111574874736,-0.4016156179718414,145100.0,165498.0670835702,0.08336755646817248,0.035318275154004104
HQY,0.0002546669569139956,0.0007735009612596438,0.028853492042863166,0.45803498640718177,-0.6862859081811002,687800.0,789717.3962478681,0.5219712525667352,0.5322381930184805
HR,6.864324528377455e-05,0.0,0.01874383990088654,0.29754923395293215,-0.5373420627258061,2336000.0,2667921.7737350767,0.8205338809034908,0.16344969199178644
HRB,0.00048590656891689995,0.0007744604793036242,0.024036110811469547,0.38156143015403604,-0.5820243770764796,1714800.0,2074748.2092097783,0.7560574948665297,0.36344969199178645
HRI,0.0006512309675096429,0.0011522316421822575,0.03818238516985793,0.6061265737363488,-0.8026000599074802,271100.0,326120.0682205799,0.23921971252566734,0.7597535934291582
HRL,-0.0003306944718712649,0.00023961307581640308,0.015773038992176025,0.25038923155813575,-0.6375128142441554,2217400.0,2741586.355884025,0.8139630390143737,0.06201232032854209
HROW,0.0010020906230116828,-0.0010668751075113081,0.04340914981693799,0.6890988902421775,-0.7789962934865865,278100.0,374603.18362706085,0.24722792607802874,0.8390143737166325
HRTG,0.0005012537167281246,0.0,0.040004660681012306,0.6350543006728944,-0.9404604420122836,200000.0,269173.9056281978,0.1601642710472279,0.7926078028747433
HRTX,-0.0023745092826549575,-0.0006866148296996064,0.05447151696429094,0.8647085245436992,-0.999410444936697,1561700.0,2037276.2364980103,0.7318275154004107,0.9326488706365503
HRZN,-4.0072078090271444e-05,0.0014023826393578624,0.02677431133195885,0.42502901585628994,-0.7075581293091638,214400.0,331711.7111995452,0.1757700205338809,0.4731006160164271
HSBC,0.0007714175612936282,0.0013423517686986753,0.017871443974637472,0.2837003779590868,-0.5568093234262781,1959400.0,2391031.6088686753,0.7860369609856263,0.12566735112936345
HSIC,0.00019206709286562115,0.00012831388598461872,0.018170175337506644,0.28844259132889016,-0.4299266123247785,1017200.0,1210037.8624218307,0.6242299794661191,0.13634496919917866
HST,0.000321086303807124,0.0005840836419361336,0.023727999690404785,0.37667031773897197,-0.5419432370029662,7570800.0,8371357.134735645,0.9515400410677618,0.35030800821355235
HSTM,6.973743422685627e-05,0.00033630490764187534,0.020007199032350972,0.3176044384234368,-0.49779661452640844,117700.0,145615.57703240478,0.035318275154004104,0.20410677618069814
HSY,0.00013833948368963895,0.00023432319046389464,0.015787621872324263,0.2506207276037636,-0.4750199753520188,1157800.0,1332463.3882888004,0.6611909650924025,0.06283367556468172
HTGC,0.0005706656711947162,0.0014250359547133876,0.01974863718142629,0.31349989628698516,-0.6172059585807281,900300.0,1113381.9783968164,0.5909650924024641,0.19383983572895278
HTH,0.00034201302020428606,-0.0004641378043421592,0.023175682107586575,0.36790254792578014,-0.579358941993282,361000.0,456944.172825469,0.31991786447638604,0.33429158110882956
HTHT,0.0002192168647127567,-0.0007009755913800712,0.030623604496499274,0.4861346504768187,-0.7231744830539327,1484600.0,1729239.5679363275,0.7227926078028748,0.582340862422998
HTLD,-0.000318784975294562,0.0,0.019509078576395923,0.3096970213269698,-0.7426554168622878,321300.0,388595.16770892555,0.28829568788501025,0.18767967145790554
HTO,4.3485624718660294e-05,0.00043920468525365385,0.018926850833448132,0.30045444244151603,-0.4862534203585521,149100.0,209430.58555997725,0.08973305954825463,0.16837782340862423
HTT,-0.0005991711220594062,0.0,0.04899690490977876,0.7778017524189255,-0.9785092974769108,743000.0,1986964.1841955658,0.5445585215605749,0.897741273100616
HUBG,0.00017126670765641282,0.00020940551555616288,0.022920073911380373,0.36384489360439165,-0.5166612229298309,452400.0,538805.7418988062,0.3909650924024641,0.32320328542094456
HUBS,0.00018569112365769656,0.0014322244791812216,0.035746319540799446,0.5674552307448236,-0.9043341290231091,591100.0,763987.6634451393,0.48008213552361395,0.7162217659137577
HUCK,-0.0009026913499075588,0.0,0.04971640371568423,0.7892234418731283,-0.9961181238302161,420300.0,644736.4411597499,0.36817248459958934,0.9018480492813141
HUM,0.00026980062847660826,0.0010227371564759842,0.024510429808242872,0.3890910107994912,-0.7734640984936424,1065700.0,1307238.0329732802,0.6369609856262833,0.39055441478439423
HUN,-0.00038950678654522405,-0.0008256814342551597,0.027095080982996157,0.4301210762049801,-0.834270551378809,2189500.0,2757389.7669130187,0.8114989733059548,0.4813141683778234
HURN,0.0005373907454444295,0.0007334517539010352,0.026222283452530384,0.4162658449418375,-0.5471820346745832,119800.0,149277.60090960772,0.037782340862423,0.4566735112936345
HUT,0.001423681022485052,0.0,0.07242535043380871,1.149716795187371,-0.9814735911195795,2144780.0,2965823.1836270606,0.8065708418891171,0.9897330595482546
HUYA,-0.000837645429770033,-0.0017618541797260565,0.04431457237154418,0.7034720277076782,-0.9742086996176864,1719200.0,2137032.6321773734,0.7568788501026694,0.8505133470225873
HVT,0.0004599781693797826,0.0002367324196062075,0.026089297482336515,0.41415475811187574,-0.6710292520004358,129800.0,158898.12393405344,0.05626283367556468,0.448870636550308
HWC,0.0004896204686689349,0.000191666002219116,0.027101194706250227,0.4302181285528697,-0.6992073713481207,497600.0,586611.3700966458,0.4219712525667351,0.4817248459958932
HWM,0.0013999294108600767,0.0016336561119776457,0.02583573854350661,0.4101296347428276,-0.6734930784814723,2593300.0,3056638.1034678794,0.837782340862423,0.4402464065708419
HXL,5.179057420347073e-05,0.00036014300594853246,0.026663025321165153,0.4232624052025265,-0.7310233394978991,727900.0,883374.8152359294,0.5379876796714579,0.4698151950718686
HYT,0.0001965635280860046,0.0,0.012384187041650624,0.19659287461149752,-0.45580840666873146,459600.0,569774.8152359294,0.3967145790554415,0.020944558521560575
HZO,0.0006878263595543494,0.0,0.03714236415930579,0.5896167520231305,-0.8392263183882599,300500.0,366100.6253553155,0.2673511293634497,0.740041067761807
IAG,0.0009466498496601656,0.0016077819029333084,0.037986551396058686,0.6030178089536684,-0.8685178488363493,6164700.0,7284523.308698124,0.9326488706365503,0.7560574948665297
IART,-0.0007552295122725954,0.0,0.028746923883606047,0.45634326932474817,-0.9322305951498404,558600.0,694126.549175668,0.4611909650924025,0.5281314168377823
IBKR,0.0011244537531390404,0.0015453078847491284,0.022952448089504328,0.3643588177496882,-0.4057569583663155,3527200.0,4116336.3843092667,0.8804928131416838,0.324435318275154
IBM,0.00044747577878699905,0.0010389676954164504,0.019873684295260496,0.31548495767921536,-0.4151755255511982,4325900.0,5202056.389994315,0.9026694045174538,0.19794661190965093
IBN,0.000475528438426061,0.0,0.01980912231294386,0.3144600679830603,-0.5740269007225807,5629000.0,6615053.439454235,0.9285420944558521,0.19548254620123204
IBOC,0.00044592377800541886,0.00017270089598650344,0.02382058505165124,0.37814006478439116,-0.6717041217748558,205300.0,248454.57646389995,0.16837782340862423,0.35523613963039014
IBP,0.0007526807673626707,0.0012053298188869745,0.03355944083304457,0.5327396074957333,-0.6739200653515177,239900.0,278831.72256964183,0.20410677618069814,0.6665297741273101
IBRX,0.0011298565906301859,-0.0037152061370428068,0.07391236940210742,1.1733224894970964,-0.998568344633326,2368400.0,5504094.3718021605,0.8229979466119096,0.9905544147843942
ICE,0.0003321283379154324,0.0006734248843550054,0.015346653398006291,0.24362057008937402,-0.36544869902984767,2586600.0,2893808.925525867,0.8365503080082135,0.053388090349075976
ICFI,1.664420811076425e-05,0.0004250991979812049,0.022142082307333392,0.3514946597659644,-0.6994854841739531,100000.0,133767.82262649233,0.0006160164271047228,0.28952772073921973
ICHR,0.000475168174334147,0.0006230722035949619,0.04485463584847497,0.7120452696205646,-0.9172259908615685,265000.0,394330.2444570779,0.2353182751540041,0.8570841889117043
ICL,0.0001964018076299782,0.0,0.023953123052566513,0.38024404032251596,-0.7003605652295068,684900.0,771413.871517908,0.5207392197125257,0.36057494866529777
ICLR,8.396755275957973e-05,0.0003139250326082396,0.02795608661177786,0.4437891168320791,-0.8495856605398249,534500.0,709093.6327458783,0.4480492813141684,0.5071868583162218
ICUI,3.0822008280415854e-05,-0.00016406882835152075,0.02464498120072487,0.3912269479378801,-0.7365347481115423,184700.0,217662.08072768617,0.14702258726899384,0.39753593429158113
IDA,0.00019412669921896734,0.0006845503436298349,0.015071183167516978,0.2392476157485158,-0.3746593205809362,277000.0,324022.79704377486,0.2464065708418891,0.04722792607802875
IDCC,0.0011234823416349596,0.0004615363328026082,0.024387337956721464,0.38713698823422643,-0.5390120324061516,240000.0,302380.2728823195,0.20451745379876796,0.38316221765913755
IDT,0.001051014221945054,0.00044516741984722524,0.03280215087127026,0.5207180020404107,-0.7238432929157748,112500.0,144341.38715179078,0.02484599589322382,0.6476386036960986
IDXX,0.0003614422600187202,0.0009052088384154434,0.022036044006890056,0.3498113539314383,-0.5836702843786153,459000.0,520789.36895963614,0.3946611909650924,0.28542094455852157
IDYA,0.0007567567321340548,0.0006116683841728123,0.044735631388765344,0.710156132388769,-0.7601011254625393,449600.0,606326.0375213189,0.39014373716632444,0.8542094455852156
IEP,-0.0005330103801175043,0.0,0.024951645528656398,0.3960950932239696,-0.8459702418773528,478200.0,683628.6526435475,0.4090349075975359,0.4086242299794661
IESC,0.001959959322028871,0.0019201110187485348,0.034614521199224896,0.549488489068334,-0.582662684982142,108000.0,184931.72256964183,0.016016427104722793,0.6940451745379876
IEX,0.0002426466699288507,0.0004887857456214826,0.016494293210711615,0.2618387873239442,-0.38393373621200716,439500.0,506813.53041500854,0.3806981519507187,0.08049281314168377
IFF,-8.663424467408627e-05,0.0,0.021291566331322162,0.33799313721428587,-0.6573702925482762,1454300.0,1775274.701534963,0.7154004106776181,0.2562628336755647
IFN,0.00015678646781444215,0.0006183658106735123,0.012709933924190458,0.20176394606082734,-0.4292728035264198,107400.0,134747.4701534963,0.014373716632443531,0.024640657084188913
IFRX,-0.00017922697444224984,-0.003921585063888573,0.06543272166159858,1.0387122547361933,-0.9983845052660381,242100.0,722964.1273450825,0.20985626283367556,0.973305954825462
IGC,-0.00074091265416384,0.0,0.06614204300839861,1.0499723820357671,-0.9910036414313489,342100.0,1608815.8044343377,0.3084188911704312,0.9765913757700205
IGD,0.0004102549362459634,0.0015532196180929598,0.01133523431817611,0.1799412663512327,-0.4043500853393848,241400.0,297002.7856736782,0.2082135523613963,0.013963039014373716
IHG,0.0005900354286373187,0.0009491441854889425,0.021527432882936466,0.3417374026433048,-0.6158449911336572,154100.0,194820.63672541216,0.09609856262833676,0.26611909650924026
IHRT,-0.0010545157255892241,-0.0011337769335154992,0.052311253283299934,0.8304154017463361,-0.9923987970766722,719800.0,909458.1011938602,0.5338809034907598,0.9190965092402464
III,0.000531592072923573,0.0,0.031654527952071056,0.5025000529819363,-0.7368277123346875,144400.0,198697.2143263218,0.08090349075975359,0.6123203285420945
IIIV,-0.0001607673409070776,0.0004118550610107139,0.03037879067888737,0.4822483516033382,-0.8206109757714386,166200.0,216282.2057987493,0.11827515400410678,0.575359342915811
IIM,4.3282482623542764e-05,0.0006116032799640567,0.009420851635418311,0.14955138339451793,-0.3711659400487985,113000.0,132449.85787379192,0.027104722792607804,0.00862422997946612
IIPR,-7.885843550546389e-06,0.0009022215635639088,0.029455446390629955,0.46759071543601183,-0.8526060043112216,259400.0,323546.2194428653,0.2297741273100616,0.551129363449692
ILMN,-4.171536491877286e-05,-0.0001369339625115904,0.028174599460552625,0.4472579007688609,-0.9058744575645301,1319100.0,1614278.776577601,0.6985626283367556,0.5141683778234086
ILPT,-0.0004694843307425171,0.0,0.03284466585816281,0.5213929065342758,-0.9531771432520152,364800.0,558255.088118249,0.3277207392197125,0.648870636550308
IMAX,0.0005240097562002275,0.0,0.03121019648762024,0.4954465096542284,-0.7182529075351632,689900.0,823106.708357021,0.5227926078028747,0.6008213552361397
IMMP,-0.0009968935112369488,0.0,0.0710370277274331,1.1276778554639268,-1.0504002829377026,138900.0,1141568.5616827742,0.06981519507186858,0.9872689938398357
IMMR,3.7139306693509115e-05,0.0,0.03123570482887712,0.4958514420181692,-0.779934503007071,374500.0,539470.3808982376,0.3375770020533881,0.602053388090349
IMO,0.0009837356477609808,0.0015469575295681758,0.025444870433867853,0.4039247958616471,-0.7433603341108934,456900.0,531298.2944855031,0.39342915811088297,0.4246406570841889
IMVT,0.0006831480277210408,0.0,0.04618837219663535,0.7332176777711237,-0.9712983897725388,807300.0,1056379.0790221717,0.5634496919917864,0.8722792607802875
IMXI,-0.00012399012722785549,0.0,0.028539955292245463,0.4530577447930994,-0.7501719672543185,235500.0,311310.40363843093,0.1971252566735113,0.524435318275154
INCY,0.000294981491462365,0.0,0.020037784801094197,0.31808997244995063,-0.599504158228825,1477200.0,1734634.6219442866,0.7207392197125256,0.20616016427104722
INDB,0.00017463263630266933,-0.00047378094054620194,0.022477827412301785,0.35682444807588626,-0.5708309717914755,207800.0,245462.59238203525,0.17145790554414783,0.30184804928131415
INFY,7.271383345136879e-05,0.0004562575644150987,0.019953426141711583,0.3167508202479834,-0.6292927796851725,9041000.0,11079544.570778852,0.962217659137577,0.2032854209445585
ING,0.000932752328534391,0.001536065107688974,0.023973670101040775,0.38057021460515167,-0.6505944975733431,3090100.0,3907650.426378624,0.8616016427104722,0.3618069815195072
INGN,-0.0012394909524432304,-0.0007213615550251836,0.038715902086261626,0.6145958922226501,-0.9831092065912459,202400.0,265006.13985218876,0.16365503080082136,0.7704312114989733
INGR,0.0002204079254449429,0.0004490114865292321,0.016715437106704503,0.26534933784048687,-0.4126515176100806,402900.0,470342.8084138715,0.35728952772073924,0.08952772073921972
INMB,-0.0005942185996896446,-0.0019099362647804702,0.05991266527692562,0.9510840762347996,-0.997572859450181,135500.0,365752.7003979534,0.06386036960985626,0.9568788501026694
INMD,4.221609659559297e-05,5.110692497040498e-05,0.0370730571102783,0.5885165367281475,-0.9283033143035445,1196900.0,1526041.955656623,0.6702258726899384,0.737987679671458
INN,-0.00027558445113918926,-0.001119255308329718,0.03297029755914925,0.5233872479598528,-0.8673747377277453,755100.0,958980.3297328027,0.5482546201232033,0.6513347022587269
INO,-0.0017386554713856909,-0.00183853967349394,0.06658491361041907,1.0570027348913327,-0.9999120386117525,524700.0,1063565.7367822626,0.4406570841889117,0.9786447638603696
INOD,0.0022479899733359975,0.0,0.05977983472811693,0.9489754566428396,-0.8271349612207571,234600.0,671233.2006822058,0.19630390143737167,0.95564681724846
INSE,-0.0002569886898083535,0.0,0.04048829142072532,0.6427317006548954,-0.8633510164877692,105500.0,141809.2097782831,0.01190965092402464,0.8
INSG,-0.0014753049528284838,-0.003771015294436685,0.0572036597088834,0.9080799460348258,-0.9985259704412758,137930.0,197070.2956225128,0.06899383983572896,0.9470225872689938
INSM,0.0010630948906310415,0.0005190227844278292,0.04030876758310319,0.6398818480823589,-0.7426933855721379,1251600.0,1679354.4059124503,0.6829568788501027,0.7967145790554415
INSP,6.714960416412639e-05,0.0004421758100828705,0.039024828779952586,0.6194999514517844,-0.9459908655205379,370200.0,536940.2501421262,0.33305954825462014,0.7782340862422998
INSW,0.0013180237345893635,0.0014049637187533329,0.02992516528470559,0.4750472717150063,-0.6681791226996735,480900.0,528175.8953951108,0.411088295687885,0.5626283367556468
INTC,0.000576152607056831,9.185886398096507e-05,0.0327428202662408,0.5197761578841531,-0.8294187010485053,40499700.0,56197554.803865835,0.9963039014373717,0.6464065708418891
INTU,4.1283770940660226e-05,0.0007677860284017607,0.024423127146083537,0.3877051240022863,-0.7330799463225183,1454600.0,1820593.4621944285,0.7158110882956878,0.38521560574948666
INVA,0.00041211122769165687,0.0,0.02057688005947876,0.32664784436990857,-0.49764535340321203,616300.0,734912.5071063105,0.4919917864476386,0.2324435318275154
INVH,5.8424088507624246e-05,0.0,0.017825596137703785,0.28297256611102617,-0.5401138615897569,3406100.0,3966533.7691870383,0.8763860369609856,0.124435318275154
INVX,-0.00034096401154584807,0.0004480037153882856,0.03170647002997002,0.50332460790614,-0.8790063237889874,281500.0,333199.88629903353,0.25174537987679674,0.6139630390143738
IONS,-0.00016351383558189445,0.0,0.027538965030398644,0.4371675170072348,-0.76086321370395,1118300.0,1417890.6765207504,0.6505133470225872,0.49568788501026695
IOSP,0.00012310935149438906,0.00032118476827856205,0.020672300864522923,0.3281626026901992,-0.5311050095211627,102000.0,129234.33769187039,0.005749486652977412,0.2373716632443532
IOVA,-0.00028766877093257465,-0.001286029950567688,0.05755441948757081,0.9136480849008114,-0.9976436222426447,3880300.0,6471655.940875498,0.891170431211499,0.9482546201232033
IP,0.00011682689320992042,0.00018165680551005968,0.022593956811095176,0.3586679451305508,-0.5455453674342418,3365000.0,4120271.2444570777,0.8747433264887063,0.3084188911704312
IPAR,0.00039737622686256493,0.0004666642608353894,0.025669037938429604,0.40748334467620106,-0.631130579304487,122400.0,152632.68902785674,0.04476386036960986,0.4353182751540041
IPGP,-0.00030727560251605775,0.0007292616998146945,0.030619658305875548,0.4860720066427201,-0.8655251769971096,276500.0,344762.99033541785,0.24517453798767966,0.5811088295687885
IPI,3.160970099924387e-05,-0.00022211720370161515,0.04422133628202924,0.7019919506712421,-0.8964878871371628,134300.0,186922.4047754406,0.06139630390143737,0.8484599589322382
IQ,-0.0016109552200897373,-0.00208822985342705,0.046251386677744276,0.7342180016471835,-0.9949274004393043,9332700.0,13223892.154633315,0.9634496919917864,0.8731006160164271
IQI,2.981489264715232e-05,0.0,0.00910465675550441,0.14453194528601326,-0.36475333566597284,116200.0,132572.2569641842,0.031211498973305954,0.006160164271047228
IQV,0.000328193437124604,0.00021254468775149947,0.022453701805593532,0.3564414659424147,-0.5938852871607375,1089800.0,1276492.1546333143,0.6410677618069816,0.30143737166324436
IR,0.0005575273088881011,0.00039095078929338395,0.021428683654072304,0.34016980723290097,-0.5282231764948948,2403500.0,2794615.1790790223,0.826694045174538,0.26283367556468173
IRD,-0.0003284770645588733,0.0,0.052227489174378895,0.8290856877403481,-0.9919155588130439,146000.0,454210.5599772598,0.08583162217659138,0.9182751540041068
IRDM,0.0004891720468500104,0.0,0.030178129915524952,0.47906296073686616,-0.810214170439214,801800.0,1141335.8158044342,0.5618069815195071,0.5700205338809035
IRM,0.0009043273907455426,0.0018680458747552988,0.020557017315470445,0.32633253308390053,-0.41117846807238184,1614500.0,2011371.972711768,0.7383983572895277,0.23121149897330595
IRT,0.00015608155919598365,0.0006635572471778365,0.020709929920364918,0.32875994543316767,-0.6060648026494003,1622200.0,1945515.4064809552,0.7412731006160165,0.23983572895277208
IRTC,0.00021168571719212798,0.0002685766963137653,0.042182746005878714,0.6696303332961494,-0.9298501184308725,363200.0,453575.8953951109,0.324435318275154,0.8234086242299795
IRWD,-0.0004198664322353757,0.0,0.04311102457463394,0.6843662987380532,-0.9877331534360585,1896900.0,2390038.2603752133,0.7802874743326489,0.8361396303901437
ISD,0.00022705508221207427,0.0007091241156848975,0.01072570439630049,0.1702652788116196,-0.4113771821540696,100900.0,119062.53553155201,0.0032854209445585215,0.011498973305954825
ISRG,0.0004580776157072554,0.0013916844885260623,0.022285962771240248,0.3537786913220733,-0.5415504132783974,1649600.0,1909445.5940875497,0.7449691991786448,0.2936344969199179
IT,0.0001517979291257677,0.0010017156383553992,0.024664196758264707,0.39153198545720325,-0.8139259941745504,489700.0,675101.250710631,0.41540041067761807,0.39835728952772076
ITGR,0.00028820567575323986,0.0007990300844124862,0.02557174474684899,0.40593886314110866,-0.6313661076069125,223400.0,338616.71404206933,0.18521560574948664,0.4308008213552361
ITRI,0.00011083993724706789,0.00012926270308329116,0.030173284525691565,0.47898604255784033,-0.724431006301154,353500.0,465651.27913587267,0.31457905544147846,0.5691991786447639
ITT,0.0007329095563727833,0.0009478540124398598,0.02132380809319563,0.33850495931677244,-0.5278494665485853,445900.0,538781.3530415009,0.3860369609856263,0.25831622176591373
ITUB,0.0003751071678068761,0.0,0.02437880577782955,0.3870015440932893,-0.6384632709921438,30268300.0,35296230.17111996,0.9946611909650924,0.38193018480492813
ITW,0.00041819455536253497,0.0008146837305572953,0.015807592321291464,0.2509377486529887,-0.40355182032164943,1009300.0,1128292.040932348,0.6217659137577002,0.06406570841889117
IVR,-0.0012139454663608242,0.0,0.04184731118320342,0.6643054705649302,-0.9905141423813978,942900.0,1212853.837407618,0.6053388090349076,0.8180698151950718
IVZ,0.000520842126568104,0.0012417270471770827,0.02778098987297359,0.44100954227455197,-0.698817510740003,4403300.0,5017169.584991473,0.9059548254620123,0.5018480492813142
IX,0.0005407222192801462,0.0003708200561093726,0.017493924869338564,0.27770744795230773,-0.4290354220127425,136500.0,178605.40079590675,0.06570841889117043,0.1162217659137577
J,0.000379961314407789,0.0009051635281905635,0.018232010499390227,0.2894241940926305,-0.4154427846644687,757903.0,869982.0289937465,0.5494866529774127,0.14127310061601642
JACK,-0.001009589645440012,-0.00024532411499329483,0.035362782284300766,0.5613667655494826,-0.9569846008921673,459300.0,580566.1739624786,0.395482546201232,0.708829568788501
JAZZ,0.0003509602121119502,0.00021470351372424832,0.021038623502960017,0.3339777942957047,-0.561733229532272,575700.0,701663.7293916998,0.4706365503080082,0.25051334702258726
JBGS,-0.0005951442310047426,0.0,0.022079845200950392,0.35050667633110627,-0.789880374348579,718900.0,923343.4337691871,0.5334702258726899,0.28706365503080084
JBHT,0.00042528619868383385,0.0003460135773067005,0.02084313247737385,0.3308744704722289,-0.49187582882175696,746200.0,852483.4565093804,0.5449691991786447,0.24394250513347024
JBL,0.0012649117865569856,0.0019598354908795953,0.02593211198453478,0.4116595156905401,-0.6038575385426087,1091000.0,1271381.0687890847,0.6414784394250513,0.4427104722792608
JBLU,-0.0007668220467302045,-0.00116419043711021,0.03972026102348518,0.630539596072282,-0.9504004345351543,11952400.0,14514089.76691302,0.9749486652977413,0.7876796714579055
JBTM,6.378084366327889e-05,-0.00019013789153209874,0.028130630099569492,0.44655990880205415,-0.5969689581996211,207700.0,291812.96191017627,0.17084188911704312,0.5125256673511294
JCI,0.0007825358899588186,0.00150025675261479,0.019188036398425437,0.3046006347473351,-0.4866590309932362,4105000.0,4558286.299033542,0.8960985626283368,0.17700205338809036
JD,1.2866959822447928e-05,-0.0011465725955799107,0.031669573498603415,0.5027388936287184,-0.8719120481948246,10254600.0,12083193.291642979,0.9679671457905544,0.6127310061601643
JEF,0.0006909207756295665,0.001705197041992429,0.024605310713643996,0.3905971984786513,-0.6074193513574683,1504600.0,1801862.4155770324,0.7248459958932238,0.3946611909650924
JELD,-0.0013366446442647558,-0.0006971557092917829,0.04511006961729911,0.7161001549931045,-0.9928562901629995,712800.0,944623.8772029562,0.5297741273100616,0.8583162217659137
JFR,0.00023685420161069577,0.0009666838403528857,0.012417379957289922,0.1971197958119219,-0.5134771345487993,383000.0,480922.0579874929,0.34435318275154003,0.021765913757700206
JKHY,5.337642903838397e-05,0.0007549939442525505,0.017000231893527572,0.26987031492421587,-0.45088198788481576,518100.0,627412.6776577601,0.43613963039014375,0.09938398357289528
JKS,-0.0002021300374776636,-0.001918191748877134,0.047560846736886084,0.7550050356567505,-0.9706007416789185,914500.0,1427787.3791927232,0.5967145790554415,0.8829568788501027
JLL,0.0004772132441497098,0.0008306183331352995,0.0248922409862481,0.3951520753482099,-0.608006093193519,313900.0,359833.48493462196,0.2792607802874743,0.406570841889117
JMIA,-8.933643148187478e-05,-0.002789122114515091,0.06353824245105431,1.0086383296057007,-0.9974872952564698,2734200.0,4110087.606594656,0.8439425051334702,0.9663244353182752
JNJ,0.0005324245283601104,0.0004264140918584829,0.012387491476911696,0.19664533089504338,-0.29019326769304343,7071300.0,8201326.94712905,0.9437371663244353,0.02135523613963039
JOB,-0.0006481423808533007,0.0,0.05641325551364261,0.8955326684198501,-0.9817326840371013,238400.0,1014172.71176805,0.20164271047227927,0.9441478439425052
JOE,0.0007932384681054836,-0.00019136487659026486,0.022422092484272762,0.355939683522457,-0.5032104730187433,183300.0,221713.3030130756,0.14476386036960986,0.29897330595482546
JOYY,0.0003182345239079499,-0.00016821031379091,0.03627350895475998,0.5758241032438164,-0.9018473954121727,538400.0,751240.1364411598,0.451129363449692,0.7252566735112936
JPC,0.00011146179856076334,0.0009423660697636992,0.015491289050020392,0.24591658988503196,-0.576536508606182,441400.0,609009.1529277998,0.382340862422998,0.05708418891170431
JPM,0.0007184424920345306,0.0011448549708413095,0.01894767099151652,0.3007849522045521,-0.47296791843689756,10159200.0,12079898.635588402,0.9671457905544147,0.17084188911704312
JQC,0.00021643528305130352,0.0,0.013396923373008464,0.212669565470214,-0.5246721583048017,588800.0,691090.4491188175,0.4784394250513347,0.028747433264887063
JRVR,-0.0014521005901735637,0.0,0.03310820919554432,0.5255765273166728,-0.9728761530607181,205900.0,326381.8078453667,0.16919917864476386,0.6574948665297742
KALU,0.0003876263772550233,0.0004149755277425121,0.03029034023657416,0.4808442443610516,-0.7226687770508878,113900.0,141957.5895395111,0.02751540041067762,0.5724845995893224
KB,0.0008024796137548224,0.0008749951668648311,0.022529820977022854,0.3576498203280524,-0.525479517253089,175800.0,204897.55542922116,0.13326488706365502,0.30513347022587267
KBH,0.0002785743243299895,0.0006092189296968743,0.030876394675599248,0.49014757016348676,-0.7644812390070957,1295400.0,1550974.985787379,0.6932238193018481,0.5905544147843943
KBR,0.00023453858141081626,0.0004758184030897987,0.023675200071210364,0.37583214976872786,-0.634613504032567,1200100.0,1374192.268334281,0.6710472279260781,0.3482546201232033
KDP,0.00018970345789569683,0.0006183920180993932,0.015364928287950422,0.24391067497354949,-0.38732029324476114,7119600.0,8522027.7998863,0.9449691991786447,0.05379876796714579
KELYA,-0.0001656746183647954,0.0002071974140702475,0.027866637866415436,0.44236916202018484,-0.8107298342564782,181600.0,247102.21716884593,0.14353182751540042,0.504312114989733
KEP,8.369744308064158e-06,0.0,0.024407693269198904,0.3874601188022723,-0.619476889278637,170800.0,282749.34621944284,0.126694045174538,0.3848049281314168
KEX,0.00025838329342412267,0.0006848707957219015,0.024157223832736937,0.38348403976286716,-0.6708878922045726,436800.0,514931.267765776,0.3786447638603696,0.36960985626283366
KEY,0.0002730513645340435,0.0005074000575450882,0.028241721113763125,0.4483234239807559,-0.7071985790615498,11101300.0,13115840.875497442,0.9720739219712525,0.5158110882956879
KEYS,0.0007361287515284318,0.001338012951674005,0.021795139562544547,0.3459871144346278,-0.4909843734651851,1047100.0,1231814.894826606,0.6328542094455852,0.2763860369609856
KFRC,0.00028368555267403435,0.0,0.026197356339120025,0.4158701392839184,-0.734329681440185,122700.0,150732.4047754406,0.045174537987679675,0.4550308008213552
KFY,0.00042153677221863325,0.00026959665652045615,0.02235478752890528,0.35487125047902907,-0.5322307687572203,315400.0,374463.55884025013,0.28316221765913757,0.29568788501026694
KGC,0.0009669823239883158,0.0016116975675116796,0.030836337138713935,0.4895116764790927,-0.7348209379995749,13893400.0,15405967.197271178,0.9794661190965093,0.5897330595482546
KHC,0.0001013584583218864,0.0005486254917582423,0.01713606817332914,0.27202664901646667,-0.47234841076533585,7385600.0,9082910.687890846,0.9498973305954825,0.10390143737166324
KIDS,-0.0002665624907647141,-0.0004451704425961203,0.03088729869133765,0.49032066604710123,-0.8821900843001009,121200.0,146675.83854462762,0.04188911704312115,0.5913757700205339
KIM,0.00022767402812720237,0.00047990908349161053,0.0232852041973272,0.3696411572009109,-0.6645274916772865,4374800.0,4879908.129619102,0.9051334702258726,0.3371663244353183
KIO,0.00020411420521919635,0.0007778942405521812,0.0118133135088349,0.18753053822410187,-0.4651624212770442,112900.0,147152.5298465037,0.02648870636550308,0.017659137577002052
KKR,0.0007173854643741234,0.0010274068862520585,0.025428103144498525,0.4036586233946557,-0.5546210970011032,3192400.0,3795263.55884025,0.8669404517453799,0.4238193018480493
KLAC,0.0014400662278126663,0.0016536888680158852,0.030177004668877593,0.47904509800011097,-0.472885763698227,10793000.0,11908377.885162024,0.9704312114989733,0.5696098562628337
KLIC,0.0008318642321232934,0.000663269706166428,0.030469453567227345,0.4836875803374805,-0.7167860243182623,533900.0,647808.0159181353,0.44763860369609854,0.5774127310061602
KLXE,-0.0018975929933244574,-0.002818953667342598,0.06415834231184386,1.0184821097237502,-0.9992103170986325,156400.0,230944.02501421262,0.09938398357289528,0.9683778234086242
KMB,-5.420470991248404e-05,0.00021965643688702475,0.014100591365763597,0.22383994855653053,-0.3644133765060642,1875300.0,2369327.6293348493,0.7778234086242299,0.03860369609856263
KMI,0.000458495241401775,0.0006105697122804833,0.018935157851495337,0.3005863122648526,-0.5853382400518033,13323300.0,14480756.907333713,0.9782340862422998,0.16919917864476386
KMPR,-0.0005453502692261497,0.0002730471631240151,0.02385242992355239,0.37864558645389007,-0.7965423210555048,322500.0,449429.90335417853,0.29075975359342915,0.3568788501026694
KMT,0.00010391771634324583,0.0003881980549156369,0.027520002939511932,0.4368665031462905,-0.6788128902769199,724200.0,857801.4212620808,0.5359342915811088,0.4944558521560575
KMX,-0.00023437283473181999,0.0006127054128339333,0.02924819379285168,0.4643006824422513,-0.8730302931844524,1658000.0,2147154.7470153496,0.7462012320328542,0.5445585215605749
KN,0.0003406593067873054,0.0,0.02233466133635108,0.354551757077007,-0.5944513545390153,640600.0,754473.5076748152,0.5018480492813142,0.2940451745379877
KNDI,-0.0012201586240317007,-0.0026823571383230516,0.0478291493323473,0.7592642073189717,-0.9879401853158385,187100.0,1240801.989766913,0.1486652977412731,0.8870636550308009
KNOP,-6.561842264985627e-05,0.0,0.027978176206678005,0.4441397782800868,-0.8073192890120738,101400.0,144796.1341671404,0.004517453798767967,0.5092402464065708
KNSA,0.0012603187653450686,0.000650251723016612,0.03761533463377646,0.5971249255406843,-0.7959351472449019,350500.0,443757.13473564526,0.31211498973305957,0.7486652977412731
KNSL,0.0006739140567732169,0.0018964021665427246,0.026484488823054955,0.42042822615883885,-0.5498443566553861,145800.0,179239.28368391132,0.08542094455852156,0.4648870636550308
KNTK,0.0005761458908634743,0.0008909013208466478,0.04424734310976208,0.7024047962626669,-0.9137972937928599,240900.0,476652.60375213186,0.20636550308008214,0.848870636550308
KNX,0.0003586018027202826,-0.00047136649926961434,0.02111631667737032,0.3352111352040456,-0.4588045694606331,1976200.0,2282374.701534963,0.7893223819301848,0.25256673511293637
KO,0.0003923441433351276,0.0006607102859866921,0.012634170839689129,0.2005612443799292,-0.38601214441841303,14110800.0,15514969.130187606,0.9798767967145791,0.02381930184804928
KOD,0.00046795678554355463,0.0,0.07205798927053457,1.1438851175111704,-1.1667356488375844,399700.0,598690.1080159182,0.3558521560574949,0.9880903490759754
KODK,0.0007162071160147184,-0.002369670405978159,0.06517980515529358,1.0346973296673152,-0.9698797557820971,848500.0,2724166.1739624785,0.575359342915811,0.9720739219712525
KOF,0.0004992882832862118,0.0008228484993392925,0.016700960433311943,0.26511952777483755,-0.4499916408295556,143700.0,163399.3746446845,0.07864476386036962,0.08870636550308009
KOP,0.0002803853565936698,0.000852136946068854,0.03277688597626416,0.520316934265893,-0.8465617513332439,121400.0,144469.07333712338,0.04291581108829569,0.6468172484599589
KOPN,0.0011091730392856524,0.0,0.060779525390534744,0.9648450539273453,-0.9908050158718097,1182500.0,2181549.7441728255,0.6669404517453799,0.9593429158110883
KOS,-0.0005000073077182517,0.0,0.05685395122076553,0.9025284958892561,-0.9964142647781297,7469100.0,9312803.752131892,0.9507186858316222,0.9457905544147844
KPTI,-0.0025706304642757307,-0.003100928480224635,0.06485041058795624,1.0294683530169733,-1.0003670237597844,108753.0,224813.12563956794,0.016837782340862424,0.9708418891170432
KR,0.0005541843580084255,0.0005828602700565712,0.017727395884473817,0.2814136854186458,-0.32932449334127695,5923300.0,7044968.675383741,0.9310061601642711,0.1215605749486653
KRC,-0.00028155965792368875,0.0,0.02273124492508105,0.3608473263759811,-0.7419086581084926,991600.0,1123597.3280272882,0.6172484599589322,0.3158110882956879
KREF,-0.00023026687176852105,0.0005614755189414971,0.022127384678487932,0.3512613421412399,-0.6537769794151251,445400.0,583345.5372370665,0.3848049281314168,0.28788501026694047
KRG,0.0004144982362073888,0.0007850564475757177,0.02610622268194788,0.41442343732624654,-0.687939352068672,1283800.0,1408360.545764639,0.6907597535934291,0.45010266940451743
KRNT,-0.0004019073178865146,0.0,0.03797091012184205,0.602769511423076,-0.9721420179931254,289000.0,378328.7663445139,0.25790554414784395,0.7552361396303902
KRNY,4.300858322967463e-06,0.0,0.022386147337729454,0.3553690720108968,-0.6662381367806739,302500.0,353226.03752131894,0.2706365503080082,0.2969199178644764
KRO,3.0171230063075993e-06,0.0,0.028950752288631365,0.4595789449437158,-0.8110997076029508,207800.0,250885.3894258101,0.17145790554414783,0.5363449691991786
KRP,0.00042209561095588836,0.0006538373660342975,0.02682116383528541,0.42577277628890736,-0.7996834259561119,316800.0,409255.54292211484,0.28501026694045173,0.4747433264887064
KRUS,0.000392384345073349,-0.0008336002348267407,0.04879739221196142,0.7746345865279799,-0.8663315489242956,105400.0,153054.51961341672,0.011498973305954825,0.8952772073921971
KRYS,0.00121321632424095,0.0010875093923123635,0.04061207308400041,0.6446966736422703,-0.6550908799960072,199800.0,250082.8311540648,0.1597535934291581,0.8012320328542094
KSS,-0.00036091217979373206,-0.0013541134873333695,0.04469468153840514,0.7095060736670985,-0.9624070776425528,4497400.0,6016815.463331439,0.9071868583162218,0.8537987679671458
KT,0.0004158169795723543,0.0006631032975373888,0.015548513064148221,0.24682499294745044,-0.4492644336428451,860300.0,1036321.7737350768,0.5790554414784395,0.05872689938398357
KTB,0.0005021102776890807,0.0010555129557170693,0.031142075002592723,0.49436511460428906,-0.7229372150212547,491800.0,615682.7174530984,0.4188911704312115,0.5979466119096509
KTOS,0.0005205266200213503,0.0007493191973232461,0.03373436073820301,0.5355163749061588,-0.7812886447241117,1029000.0,1726225.810119386,0.6275154004106777,0.6710472279260781
KURA,-0.0001870737833181617,-0.00107492647865414,0.039996982515730015,0.6349324135777212,-0.9475625291266292,730900.0,992102.3877202956,0.5392197125256674,0.7917864476386037
KYN,0.00036186680788658204,0.0011466856721005156,0.029987068031887516,0.4760299473620968,-0.9151568113292847,491600.0,643503.979533826,0.41827515400410675,0.5650924024640657
L,0.00042407417434309094,0.0009772775911544365,0.01813173861923112,0.2878324273422672,-0.5427109917190722,759300.0,862729.7328027288,0.5498973305954825,0.13388090349075976
LAB,-0.0010551935645237332,0.0,0.05823255152930526,0.9244130973317743,-0.9958709185036675,1075700.0,1661698.749289369,0.6386036960985626,0.951129363449692
LAD,0.0005299871949273106,0.0001961959585256161,0.02831078763824295,0.4494198210669149,-0.6404103953109482,271100.0,317568.5048322911,0.23921971252566734,0.5182751540041067
LADR,-4.646375100879052e-05,0.0008318953676204287,0.03234197867343554,0.5134129948659907,-0.8863637102625695,655700.0,837016.37293917,0.5100616016427105,0.6353182751540041
LAMR,0.0005088140244173665,0.0008604665961274815,0.024694411461182585,0.39201162899635367,-0.7094407044237172,438900.0,525771.6884593519,0.380082135523614,0.3995893223819302
LAND,2.476896904201122e-05,0.0006242302075604748,0.020584705156063695,0.3267720639272014,-0.8086264162760511,229600.0,299218.5901080159,0.19322381930184804,0.23285420944558521
LAR,0.0008587515265859869,-0.0019608299508604536,0.048520674478660736,0.7702418286939292,-0.9503123980286468,2884421.0,4940660.687890847,0.8505133470225873,0.8919917864476387
LASR,0.0005528217368782461,-0.000840498006979276,0.04272156697883776,0.6781838510699625,-0.9284404373647215,263500.0,445597.15747583855,0.23367556468172485,0.8324435318275154
LAUR,0.0008935494223368793,0.0009083173818792503,0.026174590861297354,0.41550874852714037,-0.7152912907156795,847900.0,1039919.6702671973,0.5749486652977412,0.45338809034907596
LAZ,0.00022872304799505662,0.00041981181423154945,0.025057593419399955,0.39777696384900535,-0.5552487488168696,734200.0,879925.5258669698,0.5400410677618069,0.4114989733059548
LBRT,0.00037975201124491555,0.0006811569595255409,0.04232798967151814,0.6719360050088855,-0.8390115638665843,2119100.0,2507941.7851051735,0.8036960985626284,0.826694045174538
LBTYA,-0.00016858354088022576,-0.00019006926673764522,0.020777149438221603,0.3298270221981584,-0.5462497100429049,2466235.0,2875072.568504832,0.8320328542094456,0.24188911704312116
LBTYK,-0.00016863365254676747,0.0,0.020625698297858513,0.32742280987909117,-0.5379744802845658,3321681.0,3791773.446276293,0.8731006160164271,0.23572895277207392
LCII,0.00010516005967599942,0.0003798466115385159,0.026586699391566358,0.4220507686327011,-0.6053532500237848,184600.0,229151.05173393973,0.14661190965092402,0.4681724845995893
LCTX,1.6813864883175684e-05,0.0,0.048474405204189844,0.769507326732369,-0.958650756763683,737100.0,1066647.413303013,0.5412731006160164,0.891170431211499
LDOS,0.0002516747292502509,0.000730037195402331,0.01920915056080261,0.30493581168408374,-0.536186971141295,842600.0,983357.9874928937,0.5737166324435319,0.17864476386036962
LE,-6.092909491342339e-05,-0.0012906880599806475,0.048913750623068346,0.7764817190404171,-0.9318420627722568,169000.0,221726.43547470155,0.12217659137577003,0.8969199178644763
LEA,0.0001059693818203036,0.0005101405861957926,0.024439370489694804,0.38796297908821975,-0.6769362255888982,525500.0,597052.0750426379,0.44209445585215607,0.38562628336755644
LECO,0.000719192110894747,0.0011350631418643768,0.018523281656321427,0.29404798036458657,-0.41096204033785627,272300.0,316367.993177942,0.24106776180698153,0.15441478439425052
LEN,0.0002966691017210154,0.0002800484130421441,0.02610933740853532,0.4144728820779605,-0.6262613580187522,2476200.0,2886232.590676521,0.8324435318275154,0.4505133470225873
LEO,-5.539605068830289e-05,0.0,0.009838261354573741,0.15617755726475743,-0.4279018054026469,140200.0,165518.362706083,0.07227926078028747,0.009856262833675565
LEU,0.0021428516803423028,0.0,0.05458253084773987,0.8664708153097873,-0.8359286249867555,180700.0,411989.08470722,0.14127310061601642,0.9338809034907598
LEVI,0.0001099241310182391,0.00040145038330733853,0.027209152613783795,0.43193190720525004,-0.6719303991649354,1722900.0,2066820.9778283115,0.7581108829568789,0.48459958932238195
LFCR,-0.0005330072245027306,0.0,0.04849677293168947,0.769862403398515,-1.1805566086852783,127600.0,207677.48720864128,0.05092402464065708,0.8915811088295688
LFMD,0.0007461350960527492,0.0,0.06735987115351436,1.069304804505315,-0.9926560696124531,407500.0,633108.6526435475,0.3591375770020534,0.9806981519507186
LFUS,0.0005432497635580917,0.0007146969549543531,0.023776861101751225,0.37744596859775387,-0.6136019651136009,107500.0,139193.40534394543,0.014784394250513347,0.3531827515400411
LGIH,-0.0003018831390067825,-0.0006777594102952356,0.03445267220301237,0.5469192159047913,-0.8931070682212998,245700.0,288057.6463899943,0.21498973305954824,0.6882956878850103
LGND,0.0009044062661887496,0.0013141987608858213,0.030625062429840092,0.4861577944511062,-0.7396070353237102,184100.0,288335.89994314953,0.1457905544147844,0.5827515400410678
LH,0.00046781427846322973,0.0007332512264413474,0.01843597098769769,0.2926619664686995,-0.5018854222470444,694675.0,787493.6293348493,0.524435318275154,0.14989733059548255
LHX,0.00013892750602484942,5.0862890469601446e-05,0.017153712765772124,0.27230674823800205,-0.41196333868934726,1114400.0,1242846.162592382,0.6484599589322382,0.1055441478439425
LII,0.0002974261758280687,0.0009109872488036531,0.021253326101371,0.3373860923831137,-0.5349581698403986,293700.0,340300.4548038658,0.26119096509240247,0.2537987679671458
LILA,-0.00014734747517519415,0.0,0.03116246643995982,0.49468881863718,-0.8832425587042558,372487.0,453181.7026719727,0.3351129363449692,0.5991786447638604
LILAK,-0.00015109183351837404,0.0,0.031054495476528905,0.4929748327288545,-0.8820674811602753,1248300.0,1477326.5702103467,0.682135523613963,0.5958932238193019
LIN,0.0005650924247428314,0.0005566185026450011,0.015203497223844472,0.24134803627652027,-0.34559103759244414,1717600.0,1971651.5065378055,0.7564681724845996,0.0513347022587269
LINC,0.0013426165380235318,0.0,0.034167307857928104,0.5423891973639646,-0.6315982571745301,103200.0,183901.7623649801,0.0078028747433264885,0.6809034907597535
LIND,0.00028791242094446866,-0.000598462099479999,0.04592421269585282,0.7290242756979703,-0.9233671712276493,299900.0,392967.48152359296,0.2669404517453799,0.8669404517453799
LITE,0.0016065120700834113,0.001773779197087553,0.037897782066586456,0.6016086395346675,-0.7454408977207541,1291700.0,1980916.5434906196,0.6928131416837783,0.7531827515400411
LIVN,-5.935477224703394e-07,0.0,0.026923247534157434,0.42739330476968124,-0.7646650226715751,449300.0,529669.3007390563,0.3893223819301848,0.4780287474332649
LKFN,0.0002825596284856167,-0.0003790100414055466,0.021432725173587873,0.34023396436624304,-0.5003369114866706,111000.0,137229.39169982946,0.021765913757700206,0.2632443531827515
LKFT,-0.0009477466738523328,-0.001067297817462492,0.024506323199588793,0.38902582040810785,-0.9469870098423436,156400.0,214672.99602046618,0.09938398357289528,0.39014373716632444
LKQ,-9.031355613032616e-05,0.0006415496001090492,0.023827275804805467,0.37824627719797,-0.6680649753474238,1817700.0,2154242.410460489,0.7704312114989733,0.35564681724846
LLY,0.0013891265970137608,0.0010732393005036915,0.021144267689899413,0.33565484377231225,-0.396548699008795,2882200.0,3356108.0727686184,0.8501026694045175,0.25297741273100616
LMAT,0.0005447693992554504,0.001171263121226874,0.026312918960486823,0.417704639025866,-0.49750578258695655,115100.0,146012.2797043775,0.030800821355236138,0.4591375770020534
LMB,0.001334388180091588,0.0012054698779066682,0.042430350571343776,0.673560933918378,-0.8206387807814195,101300.0,134033.3712336555,0.004106776180698152,0.8283367556468173
LMT,0.0002651722521020741,0.0004827006622357882,0.016638556668901003,0.2641288987258039,-0.39440931451257333,1206600.0,1403968.0500284252,0.6726899383983573,0.08501026694045175
LNC,-2.1669423770463777e-05,0.0013507590398237164,0.033869558329263263,0.5376625701289615,-0.8450351572081639,1684700.0,1986764.241046049,0.751129363449692,0.6751540041067762
LNG,0.0008529769961182294,0.0009922349844812624,0.02164936306937855,0.3436729843471298,-0.5798243974363778,1692500.0,1915741.0460488915,0.7523613963039014,0.27145790554414784
LNT,0.00021558900917681659,0.0006282535579483781,0.014579201838418003,0.23143765426961835,-0.35609116381389594,1461100.0,1643534.7924957362,0.7166324435318275,0.04353182751540041
LNTH,0.0007628069816284562,0.0008829199450486553,0.03523857342154138,0.5593950109805337,-0.688763374557548,746500.0,924637.1802160318,0.5457905544147844,0.7080082135523614
LOB,0.00041865799509567027,0.0,0.03257491233551617,0.517110702117036,-0.8475073725002951,226800.0,268326.9471290506,0.18809034907597535,0.6410677618069816
LOCO,0.000227288646227667,0.0,0.026324128186187765,0.4178825799674318,-0.645257528560689,224600.0,280197.1006253553,0.18603696098562628,0.459958932238193
LOGI,0.0005871661920013996,0.0014220875487422836,0.024036144061409363,0.38156195798046716,-0.7089399674177062,563700.0,695217.623649801,0.46529774127310064,0.36386036960985624
LOMA,0.0005277362644366682,-0.0008257322942489555,0.030923108265256568,0.4908891254099691,-0.6427927430853708,279900.0,359351.39283683914,0.24989733059548255,0.5921971252566736
LOPE,0.00022023057033470722,0.0008280933533770171,0.020208260953000195,0.32079619746441385,-0.4355334170582507,239100.0,304193.46219442866,0.2028747433264887,0.21478439425051335
LOVE,-0.00010064316808523931,0.00022148856187673033,0.04868992204264226,0.7729285504797209,-0.9625874703796182,310600.0,384699.88629903353,0.275564681724846,0.8944558521560575
LOW,0.0003789302794566106,0.0007556471599048562,0.019632348409097496,0.3116538692558792,-0.5286927194272373,2983800.0,3408963.3314383174,0.8562628336755647,0.19014373716632443
LPG,0.0013978481529489245,0.0022962985763428563,0.030485614987067595,0.48394413492386656,-0.6568398545201934,538400.0,615282.6037521319,0.451129363449692,0.57782340862423
LPL,-0.0003788024138338348,0.0,0.029357624969872424,0.4660378485226952,-0.8676515497117128,341200.0,576246.5605457646,0.30759753593429157,0.5462012320328542
LPLA,0.0007842519487830435,0.0021591905555105174,0.025853992866383964,0.4104194131349397,-0.6441180632615322,628900.0,748070.6083001705,0.4973305954825462,0.44106776180698154
LPTH,0.0013813517755311476,0.0,0.05515546654015455,0.8755658874659584,-0.9290510809825601,150200.0,692344.5139283683,0.09034907597535935,0.9383983572895277
LPX,0.0006124194164290274,0.0003368532690812586,0.028611476934624243,0.4541931156676583,-0.6500936297083839,997500.0,1152141.3303013076,0.6184804928131417,0.5256673511293635
LQDA,0.0016473761816617916,0.000695672424396182,0.05187069154754127,0.8234217010064059,-0.8800238058888207,625200.0,1007386.355884025,0.49568788501026695,0.9158110882956879
LQDT,0.0010036356796316414,0.0008224755298061961,0.03390861512229746,0.5382825774972186,-0.6680908128510311,163100.0,212382.71745309836,0.11293634496919917,0.6759753593429159
LRCX,0.0015055053079800838,0.0014918868201230155,0.03210718923409425,0.5096858280642227,-0.6100590920648794,12145000.0,13683843.888573052,0.9761806981519507,0.6271047227926078
LRMR,-0.0005812993896788725,-0.001489090402659095,0.0603084135297874,0.9573663849879631,-0.9948878339516423,134300.0,645031.8823194997,0.06139630390143737,0.9581108829568789
LRN,0.0006198756148960956,0.0008339473451895844,0.03616710663804299,0.5741350188300907,-0.834851130506454,562800.0,778386.6969869244,0.4648870636550308,0.7240246406570842
LSCC,0.0010758134377073722,0.00042415167584840307,0.034500691168134326,0.5476814933443557,-0.7320868243016014,1537900.0,1817764.980102331,0.7285420944558522,0.6907597535934291
LSTR,0.00028848246635443956,0.00017266169835183698,0.01854304394780088,0.294361697016135,-0.4271480114552892,285900.0,321818.30585559976,0.25544147843942505,0.15482546201232034
LTBR,-0.00013990175922894312,-0.0038813181613985806,0.06747768897421479,1.0711751044268247,-0.9853420930305946,117500.0,533361.9482660602,0.03367556468172485,0.9815195071868583
LTC,0.00014488277079527164,0.0007192287404110447,0.019171916608298447,0.3043447410121597,-0.5666703267287999,274900.0,312993.803297328,0.24394250513347024,0.17618069815195073
LTRX,0.00041743487196539345,0.0,0.04229275639950509,0.6713766941551557,-0.9161487242278245,170500.0,303042.7515633883,0.12607802874743326,0.8254620123203286
LULU,-0.0003623493672701126,0.0005658910521125222,0.027361413354347695,0.4343489715290737,-0.8769005125321203,1576400.0,2158489.368959636,0.73347022587269,0.4903490759753593
LUMN,-0.000304348651320855,0.0,0.04625098406247301,0.7342116103278927,-0.9664124986812991,12062400.0,15599853.8942581,0.9753593429158111,0.8726899383983573
LUV,-8.723444890198558e-05,0.0,0.026298568705793442,0.4174768357948513,-0.7305391123258298,7357000.0,8726917.566799318,0.9494866529774127,0.45790554414784396
LVS,-0.00015093045135502472,-0.0002741596488671215,0.02681594742255006,0.4256899683039057,-0.7446031237210412,5231600.0,6041000.682205799,0.9232032854209445,0.47433264887063653
LW,-0.00022802345693089847,0.0004075959715980135,0.02614686849426095,0.41506866959354605,-0.7581360358564909,1381400.0,1737765.8328595792,0.7063655030800822,0.4517453798767967
LWLG,0.0011525977164087019,0.0,0.06137172687150583,0.9742459609955071,-0.9888150950594857,613500.0,1177592.040932348,0.4903490759753593,0.9613963039014374
LX,-0.0013424595130120103,-0.002245486728161182,0.0468328910314454,0.7434490970843507,-0.9915435028527111,1320100.0,1860590.278567368,0.6989733059548254,0.8776180698151951
LXFR,0.00020413722070486518,0.0,0.026352416434802944,0.41833164199259976,-0.7032767302921135,104500.0,137495.9067652075,0.010061601642710472,0.46078028747433264
LXP,0.0002839494787578532,0.0006293023225388294,0.017756884843100236,0.28188180812433244,-0.5265788488679692,400380.0,473671.1881750995,0.3564681724845996,0.12279260780287474
LXRX,-0.0003600928975690435,-0.004184317467348738,0.063198261678703,1.0032413021605893,-0.9983683827013673,1465300.0,2814292.7231381466,0.717864476386037,0.9659137577002054
LXU,0.0004903011249203875,0.0,0.046360986953136264,0.7359578520810519,-0.884354519107572,403100.0,563600.8527572484,0.35770020533880903,0.8743326488706366
LYB,1.853867920833065e-05,-0.00019994753846740021,0.02556648824940666,0.40585541883111076,-0.6709607693778434,2214500.0,2843037.009664582,0.813141683778234,0.43039014373716633
LYFT,-0.0005894632663780177,-0.001371019631169652,0.043169702356967696,0.6852977796552926,-0.9576296607352249,11041100.0,12923155.770324048,0.9716632443531827,0.8369609856262834
LYG,0.000602178970939239,0.0,0.02444365819273627,0.3880310442638803,-0.7200233466735361,8698300.0,11218522.626492325,0.9597535934291581,0.3860369609856263
LYTS,0.0009062812062736756,0.0,0.030746858399097868,0.48809124552318306,-0.6880808936669954,112200.0,157226.15122228538,0.02381930184804928,0.5868583162217659
LYV,0.0005299170802801219,0.0003427845083382701,0.02676297491527041,0.4248490558203926,-0.648490011479214,1937400.0,2426946.389994315,0.7831622176591376,0.4722792607802875
LZB,1.422304603466231e-05,0.0,0.026067044508177536,0.4138015030985385,-0.5865909955224095,366100.0,437897.0437748721,0.3295687885010267,0.44845995893223817
M,0.00037602259019414686,0.0,0.038275579454653264,0.6076059871434347,-0.8112716926394061,10128100.0,13582152.529846504,0.966735112936345,0.7630390143737167
MA,0.0004371880359825344,0.0008777209442114822,0.018139680844350366,0.2879585062573993,-0.4351333803988114,2916900.0,3354237.407617965,0.8529774127310061,0.1351129363449692
MAA,8.642820344668422e-05,0.00010207144575124873,0.01682998980491234,0.26716780554930314,-0.48385003087189926,666900.0,745887.3223422399,0.5137577002053388,0.09404517453798768
MAC,7.689401378863547e-06,0.0005759180697879837,0.03540168023806157,0.5619842514224448,-0.8739876417578322,2249200.0,3201951.7907902217,0.815605749486653,0.7104722792607803
MAIN,0.0004364410917614519,0.0012014722185943673,0.020029167850538224,0.31795318260056554,-0.6830656785954972,358700.0,435157.077885162,0.317864476386037,0.2053388090349076
MAN,-7.67388245775691e-05,0.0003196153940467737,0.025665265355919724,0.40742345678547137,-0.8220512908934724,445300.0,595542.0693575896,0.38418891170431213,0.4349075975359343
MANH,0.0005210877879989245,0.001719662193447265,0.027523340488477252,0.4369194850935949,-0.6656375460200525,384500.0,478090.6196702672,0.3457905544147844,0.4948665297741273
MANU,0.0001460705385122071,0.0,0.026351429677174985,0.4183159777008725,-0.6347126436669047,302300.0,602419.3860147811,0.27002053388090347,0.46036960985626285
MAR,0.0006326142239211211,0.00061914849566,0.02293994045013,0.3641602651300505,-0.6460679487726495,1729100.0,2140167.1972711766,0.7589322381930185,0.32361396303901435
MARA,0.00113380391806203,-0.003560360067302156,0.076210846560054,1.2098096832216314,-0.9925897514160024,28309500.0,31500345.0824332,0.9930184804928132,0.9930184804928132
MAS,0.0003558965327955035,0.0006630288557855106,0.019889872059914986,0.3157419304765623,-0.467441803156291,1921500.0,2175691.9272313816,0.7819301848049282,0.1995893223819302
MAT,0.0001117269013375546,0.0,0.02513994001423055,0.39908417551641384,-0.6485371619419024,2993500.0,3598557.589539511,0.8566735112936344,0.41437371663244355
MATV,-0.0004650905338540592,-0.0010986206604572009,0.034252677863577594,0.543744404190201,-0.9385895646881086,298600.0,379255.20181921544,0.2648870636550308,0.6833675564681725
MATW,-0.00023400325385219346,-0.0003834836225680167,0.025639297547468645,0.40701123060594185,-0.667321367540493,137300.0,186104.54803865834,0.06817248459958933,0.433264887063655
MATX,0.001069763059653745,0.0010931812890145464,0.02726174393608726,0.4327667685648602,-0.5871028415219078,260900.0,305937.5781694144,0.23203285420944558,0.4862422997946612
MBI,4.611498118110452e-05,0.0,0.03763216167106449,0.5973920464764811,-0.7309500068234424,371300.0,492884.366117112,0.33408624229979467,0.7490759753593429
MBOT,-0.0009101358003053697,-0.004232811340977588,0.06215848187295982,0.9867353094550082,-0.9952791510818505,121000.0,1084259.8635588402,0.04106776180698152,0.9634496919917864
MBUU,-0.00011601165252285302,-0.00022144949918687483,0.03146216223202525,0.4994463418458459,-0.8571363610951588,171300.0,204089.08470722,0.1273100616016427,0.6086242299794661
MC,0.000590997046313833,0.0018183513532179843,0.024284679891659746,0.3855073419728561,-0.5586103930477767,572600.0,667745.1961341671,0.46940451745379874,0.37782340862423
MCD,0.00015424078045547337,0.00025040782102221394,0.014012779094568602,0.2224459719666802,-0.39233097271037937,2956300.0,3309790.7333712336,0.8554414784394251,0.037782340862423
MCFT,0.00019128440912619864,0.000500037098175681,0.03322695383837111,0.527461540083318,-0.7913880799598891,130700.0,168444.17282546902,0.057494866529774126,0.6587268993839835
MCHB,-0.00019487452045159094,-0.0003878699351864518,0.03442813847084326,0.546529754980481,-0.9436383546352086,157000.0,243560.60261512222,0.10184804928131416,0.6870636550308008
MCHP,0.00038009106692938975,0.0002638875105296529,0.02958358490469104,0.4696248512854617,-0.685518393712409,5135100.0,6273311.199545196,0.9215605749486653,0.553182751540041
MCK,0.0010665318135161727,0.0013537355384317493,0.018066307995908602,0.2867937483976313,-0.34678065076782394,882300.0,1140168.220579875,0.5864476386036961,0.13059548254620124
MCO,0.0004816478390550831,0.001273190151792467,0.019190583147361513,0.3046410631333546,-0.45607252573885476,721300.0,808426.6628766345,0.5347022587268994,0.17741273100616017
MCS,-0.00010758049441496036,0.0,0.03252794148050337,0.5163650629096445,-0.8921899372943778,236200.0,336225.5258669699,0.19835728952772075,0.6398357289527721
MCY,0.00047341327824774435,0.0009240215561068502,0.02163918092227885,0.3435113477728989,-0.5963569595897242,225000.0,286831.32461625925,0.1868583162217659,0.27104722792607805
MD,9.151770928466956e-05,0.00033199063493550115,0.03238731012931327,0.5141326094189165,-0.8801751059164719,636900.0,805715.3496304719,0.5010266940451745,0.635728952772074
MDB,0.0006687846421735361,0.0005398823784963248,0.04245012939445981,0.6738749130015214,-0.8987024542367089,1263300.0,1537255.7134735645,0.6854209445585215,0.8287474332648871
MDGL,0.0010218081078486778,-0.0007636470621023246,0.04666443707487926,0.7407749734257174,-0.6977041089828,240600.0,298384.02501421265,0.2053388090349076,0.8759753593429158
MDLZ,0.00014470837681251867,0.00029818887101707044,0.013922096100029905,0.22100642405652807,-0.32582910102215207,6742100.0,7431426.606026151,0.9392197125256674,0.036139630390143736
MDT,6.289628357432168e-06,0.0003778032610053754,0.01608856363625471,0.255398030002602,-0.48406917031909746,5684900.0,6287196.247868107,0.9297741273100616,0.06940451745379876
MDU,0.00042575356009984526,0.0009750774211259154,0.01908829265835531,0.303017251960969,-0.5479750229466096,2208418.0,2661235.7788516204,0.8119096509240247,0.17494866529774128
MDXG,-3.655904826435911e-05,0.0,0.042455421806711836,0.6739589274414484,-0.9769087354868304,533000.0,692723.7066515065,0.4468172484599589,0.8291581108829569
MED,-0.0010969900770047012,-0.0012318304793603769,0.03175507465274872,0.5040961823727832,-0.9814184833443226,174000.0,221909.03922683344,0.13141683778234087,0.6160164271047228
MEDP,0.0011370882956892154,0.0012437046413326447,0.0308589717675091,0.48987099007195434,-0.46936366174353145,251600.0,309957.6463899943,0.22094455852156059,0.5901437371663244
MEI,-0.0003943207027493536,0.0,0.03836493064483621,0.609024393314865,-0.9490569826873146,233100.0,327626.49232518475,0.1946611909650924,0.7659137577002053
MELI,0.000659384358547464,0.001811375077302018,0.03154117417146399,0.5007006175000047,-0.7708338072464664,436100.0,501034.3376918704,0.3782340862422998,0.6102669404517453
MEOH,0.0003631436716787947,0.0009112940038086242,0.03267295497163135,0.5186670807152879,-0.7952149588092929,364000.0,476444.9687322342,0.3250513347022587,0.6435318275154004
MERC,-0.001957457214367982,0.0,0.03455725812941914,0.5485794660162491,-0.990672565937827,316000.0,502087.8908470722,0.2841889117043121,0.6924024640657084
MET,0.0005470967194389146,0.001169930273869667,0.020681504998019826,0.32830871377979903,-0.5862691108270504,3965900.0,4428879.022171688,0.8944558521560575,0.237782340862423
META,0.0008181162862286534,0.0012208383753720188,0.027419016171551108,0.43526338790389535,-0.8175060684811646,17535500.0,21098241.444002274,0.9848049281314168,0.4919917864476386
METC,0.0005753395653503122,-0.00030070140855812674,0.04988582489167939,0.7919129196641961,-0.8875747292754909,468851.0,873673.6890278567,0.4028747433264887,0.9039014373716633
MFA,-0.000222210597316062,0.0,0.06285459006566074,0.9977856844358959,-3.263401601183359,1046000.0,1551219.3860147812,0.6324435318275154,0.9642710472279261
MFC,0.0006827746369205884,0.0009780749727616874,0.019339517211491623,0.3070053181059611,-0.6077727151329969,2410100.0,2892522.569641842,0.8279260780287474,0.1815195071868583
MFG,0.0007641385866812376,0.0,0.018818303263767055,0.2987313031927365,-0.38458911829419234,881900.0,1487149.0619670267,0.5860369609856263,0.16550308008213552
MFIC,0.00014374536010471883,0.0006679702467420346,0.021460077742851608,0.3406681729421861,-0.7168207367496424,335000.0,431815.4633314383,0.3006160164271047,0.26365503080082137
MG,0.00015733300667159316,0.0,0.03665731358006683,0.5819168127874059,-0.8916832236210678,100000.0,135029.56225127913,0.0006160164271047228,0.73347022587269
MGA,0.00025090466118812696,0.0006094849985363572,0.024462339031430642,0.3883275933846848,-0.7373043116512199,1139100.0,1344840.7617964752,0.6562628336755647,0.3868583162217659
MGM,9.977346504510428e-05,0.0,0.032514688776289775,0.5161546827523549,-0.8369078472820749,4884200.0,7086338.828880046,0.9170431211498973,0.6390143737166324
MGNI,0.0005661298600301569,-0.0006934534183388073,0.04940004369290445,0.7842013822029,-0.9629452186481677,1805100.0,2241385.332575327,0.7679671457905544,0.9002053388090349
MGNX,-0.0006868274907840509,-0.00123529507260426,0.06898134358885759,1.0950448814353018,-1.1094702873807092,582000.0,943644.6844798181,0.4735112936344969,0.9848049281314168
MGPI,-0.0007388906379083271,-0.00017807619959166345,0.027893026691831704,0.44278807163684014,-0.9245589186340962,144600.0,191374.07617964753,0.08151950718685831,0.5047227926078028
MGRC,0.0003618320175127019,0.00022836763344690739,0.020076784982327928,0.318709081133736,-0.4806129106441124,104500.0,133914.2694712905,0.010061601642710472,0.2082135523613963
MGTX,-0.00022064645799047393,-0.001907414455273313,0.04143017724284788,0.6576836745474188,-0.9376004381185834,156600.0,283088.0613985219,0.10041067761806982,0.8086242299794661
MGY,0.0005090583212780087,0.0010237869506482694,0.03175054647424371,0.5040242997674851,-0.7735404392965597,1890700.0,2228487.890847072,0.7790554414784394,0.6151950718685831
MHK,1.678846268323237e-05,-0.00039813068723179254,0.02884213430586182,0.4578546879218095,-0.725645119130981,636300.0,743866.1739624786,0.5006160164271047,0.5314168377823408
MHO,0.0007434587000764298,0.0013419228399387969,0.033192551389400866,0.5269154181365169,-0.8480769906796476,255600.0,285943.83172256965,0.22628336755646816,0.6583162217659138
MIDD,7.792099243767559e-05,0.0003526503717011667,0.02554895947340639,0.4055771581386063,-0.6819714159821456,645863.0,790248.7146105742,0.5047227926078028,0.42915811088295686
MIN,7.534779060731212e-05,0.0,0.007165207407412302,0.11374414135326488,-0.1976360102331471,247000.0,317339.34053439455,0.2166324435318275,0.0012320328542094457
MIRM,0.001270572552779464,0.0009579781362561118,0.04146909770939489,0.658301517799783,-0.6934532744904971,296200.0,408559.29505400796,0.26365503080082137,0.8094455852156057
MIST,-0.0017404073070839672,-0.0013762794015936314,0.07586843685852852,1.2043740977212378,-3.2253376752497913,158900.0,910555.4292211484,0.10513347022587269,0.9926078028747434
MITK,0.0003449482075322406,-0.0006310527009175331,0.03028793986699254,0.480806139675246,-0.7902672510922082,397200.0,505685.3325753269,0.3531827515400411,0.5720739219712526
MITT,-0.000780729410777058,0.0,0.04774609850572696,0.7579458163184772,-0.9895996675306891,179600.0,301901.66799317795,0.13942505133470226,0.8858316221765914
MKC,-0.0002122264846386752,0.00036192521954217055,0.016702367081304216,0.26514185761945613,-0.5840203947285663,1470600.0,1880811.7680500285,0.7186858316221766,0.0891170431211499
MKSI,0.0006087745968148457,0.0009519085108921333,0.03340090487528783,0.5302229271872188,-0.8045430082848254,607500.0,743062.1944286526,0.48767967145790553,0.6636550308008213
MKTX,-0.00035733229342040253,-0.0001406541861301738,0.023061047291439773,0.36608277663509586,-0.856436482101046,335200.0,423466.9130187607,0.3010266940451745,0.33059548254620125
MLCO,-0.0008176901080187989,-0.0015278498421810683,0.03550854550213051,0.5636806848975509,-0.9387910288808375,2812800.0,3302680.670835702,0.8464065708418891,0.7121149897330595
MLI,0.0012655114015506822,0.0008384016124154386,0.02434347153986915,0.3864406304548341,-0.5041917276345983,1177200.0,1391369.698692439,0.6661190965092403,0.3798767967145791
MLKN,-0.0003608356183992032,0.0,0.03173237799658895,0.5037358841260343,-0.8557049133273097,524100.0,675659.7498578738,0.4402464065708419,0.6147843942505133
MLM,0.00035191059755177026,0.000695947755201427,0.02050662020245702,0.3255325037169257,-0.5145410991582201,425600.0,475923.081296191,0.3712525667351129,0.2299794661190965
MLSS,-0.00044087843895182006,0.0,0.05427084394083726,0.8615229390543119,-0.990307792759342,131700.0,339618.4195565662,0.05913757700205339,0.9305954825462013
MMI,-5.2275150239238405e-05,0.0,0.022643480014468226,0.359454101612065,-0.6235630891836889,127100.0,153361.284820921,0.05051334702258727,0.3117043121149897
MMM,0.0002598043788365262,0.0002790259869200171,0.01817749562954423,0.2885587973624251,-0.5748759537797646,3272495.0,4083347.6657191585,0.8706365503080082,0.13675564681724847
MMS,-0.00016034778890411925,0.00011895837995663971,0.01868392639632124,0.2965981365534074,-0.5167719926310577,362300.0,444909.03922683344,0.32238193018480493,0.1601642710472279
MMSI,0.0005755734382204209,0.0005566973724771868,0.02408283731648262,0.38230319042543487,-0.4884695112188561,374300.0,476527.6861853326,0.3371663244353183,0.3650924024640657
MMYT,0.00038762864444058753,0.0,0.03429372523429033,0.5443960109994749,-0.7451268325981204,471100.0,635168.5616827743,0.4053388090349076,0.6850102669404518
MNKD,0.0005367500304340666,0.0,0.041963173016153904,0.6661447201435167,-0.8737265132152978,2744200.0,3485984.9914724277,0.84435318275154,0.820123203285421
MNRO,-0.0008525444997801924,-0.0006749729223434866,0.030122794093446186,0.47818453179398374,-0.9196238848145293,371000.0,500625.3553155202,0.33347022587268993,0.5679671457905544
MNST,0.0006220590138338256,0.0010500804607680536,0.01639929001140544,0.26033065828922636,-0.2944277582605866,9502000.0,10752319.215463331,0.9638603696098562,0.07926078028747434
MO,0.0006077923106569704,0.0010741743374121917,0.015223582298068397,0.24166687694528494,-0.40623401543242,8003800.0,9033872.2001137,0.9544147843942505,0.05174537987679671
MOD,0.001643809197397026,0.0019160746640885116,0.04170500139908579,0.6620463727774909,-0.8259961691928527,507200.0,671888.0613985219,0.42915811088295686,0.8143737166324435
MOH,0.0003174021053110889,0.0008704317230725894,0.026546097477038958,0.4214062332211455,-0.7816766619073,456800.0,664341.4440022741,0.3930184804928131,0.4669404517453799
MOMO,-0.0008009209753761925,-0.0012174123435117726,0.036118313086051984,0.5733604452051804,-0.9357656279139652,1661200.0,2229335.0767481523,0.7478439425051334,0.7232032854209446
MORN,0.00018517150778040708,0.0002648936697886421,0.019894789543340497,0.3158199931058834,-0.6654331243191434,120900.0,185451.5633882888,0.040451745379876794,0.2
MOS,0.00016440713138373566,0.000230994985852388,0.031171424519431994,0.49483102374022875,-0.8023373242623788,4681300.0,5509061.6827743035,0.9117043121149897,0.5995893223819302
MOV,0.0003801727726495221,-0.00030524398901544535,0.030056314457134872,0.4771292002844052,-0.7441252116507889,150800.0,183915.29277998864,0.09158110882956878,0.5663244353182751
MPC,0.0011795931614402592,0.0020117505648666943,0.02792150238346855,0.44324010922773005,-0.7919927085862236,3677900.0,4657427.060830017,0.8854209445585216,0.5059548254620123
MPLX,0.0007831855859957302,0.0009176434939602699,0.02039459626894917,0.32375417890323166,-0.7167318470463864,1807200.0,2165484.934621944,0.768788501026694,0.22422997946611908
MPT,-0.0006625182969045897,-0.0008532464871885651,0.030584876961645392,0.48551986992013496,-0.8973517583390819,6896500.0,9124214.326321773,0.9433264887063655,0.5802874743326488
MPWR,0.0012498213257973111,0.0016314624271072439,0.03405372535430558,0.5405861310167248,-0.5777991125974752,467900.0,558520.864127345,0.4016427104722793,0.6796714579055442
MQY,-1.4351479720185922e-05,0.0,0.00920241671608301,0.14608383654923598,-0.3745766474061789,144600.0,182678.79476975554,0.08151950718685831,0.006570841889117043
MRAM,0.0006301814570475689,0.0,0.049257626039666616,0.7819405720462637,-0.8304793749060713,111600.0,406600.1705514497,0.023408624229979465,0.8989733059548255
MRCY,-4.6187476032058946e-06,0.0001607600547854811,0.02995739442374967,0.4755588934362885,-0.8051531277020179,409000.0,534513.0756111427,0.3620123203285421,0.5638603696098563
MREO,-0.0011828450180203863,-0.0036036508946115054,0.08111090795902594,1.2875957464453933,-1.0662432197763447,835700.0,1938998.4650369529,0.5708418891170431,0.9946611909650924
MRK,0.000476238464179535,0.00027539726347377874,0.015825799521805996,0.2512267790007815,-0.4560790774112744,9518565.0,10854074.146105742,0.9642710472279261,0.06447638603696099
MRNA,0.0014215503717541478,-0.0010950536681938537,0.052082200529090815,0.8267793019978257,-0.9817920246203211,6561400.0,9568723.024445707,0.9363449691991786,0.9170431211498973
MRSH,0.0003676446667407668,0.0010561334815756807,0.014661063270608447,0.2327371642188793,-0.37669260483184286,1775100.0,2005640.1364411598,0.7650924024640657,0.045585215605749484
MRTN,2.5512860257456476e-05,0.0,0.021353299143864343,0.33897311523260093,-0.6313123353161513,349400.0,439680.2160318363,0.3104722792607803,0.25913757700205337
MRVL,0.0013551627489572099,0.0012815977702798217,0.03776903701874987,0.5995648752600271,-0.708445696540371,10589800.0,13505581.011938602,0.9691991786447639,0.7519507186858316
MS,0.0009899961644230669,0.0012561433139366284,0.021328991951872423,0.3385872505221154,-0.5491375279736789,7332000.0,8573197.214326322,0.9486652977412731,0.2587268993839836
MSA,0.00034372304924388435,0.0004320337410858109,0.01873828271812053,0.29746101641139816,-0.4213632414503259,137100.0,166820.6935758954,0.0675564681724846,0.16303901437371662
MSCI,0.0005552407487178027,0.000880979678863937,0.021672570882353318,0.3440413969567594,-0.4591387254358478,446400.0,515846.1057418988,0.3868583162217659,0.2718685831622177
MSFT,0.0007790929262306323,0.0009710543075815686,0.01881431279562779,0.29866795647486916,-0.40610047301442576,24918100.0,28129141.159749858,0.9913757700205339,0.16468172484599589
MSGS,0.0004581115963019532,0.00010691906426940388,0.018069686665054256,0.2868473831075619,-0.47885781667996746,149100.0,182230.9471290506,0.08973305954825463,0.13100616016427105
MSI,0.0006057246669504446,0.0010134287974473072,0.017062390583935664,0.2708570535440635,-0.357940884163672,772300.0,903730.4150085276,0.5535934291581108,0.10102669404517454
MSM,0.0005198504956987612,0.0005024951277663211,0.017281515098261927,0.27433554737045407,-0.3796317584438963,429700.0,503555.99772598065,0.3735112936344969,0.10965092402464066
MSTR,0.0013439175131101625,-0.0006986196628545682,0.05506050093466137,0.8740583552145206,-0.9611648267906472,8109000.0,10651383.115406482,0.9552361396303901,0.9363449691991786
MT,0.0009676315550501938,0.0008766689927337946,0.029437621361976366,0.4673077518784318,-0.666216339764744,2352800.0,2916295.6793632745,0.8217659137577003,0.5507186858316222
MTA,0.000487621155371957,0.0,0.03586320844127206,0.5693107845148695,-0.8928672047582854,252300.0,318127.85673678224,0.22176591375770022,0.7186858316221766
MTB,0.0003222059766256758,0.0006318754681980023,0.023034228572387013,0.3656570426685264,-0.5379496974871603,979000.0,1110060.2046617395,0.6147843942505133,0.32936344969199177
MTCH,-0.00029900112155701334,-0.0008465768646203928,0.028698802505703006,0.45557936613268496,-0.9006421500197164,3263800.0,3869504.0932347924,0.8702258726899385,0.5273100616016427
MTD,0.00043760699611709793,0.0007170734461804789,0.02060182728940846,0.32704386936767216,-0.5267931663710681,125600.0,139953.78055713474,0.048459958932238194,0.23367556468172485
MTDR,0.0007034763519125735,0.002600195107368597,0.048427555774718925,0.7687636150956971,-1.0808330369740513,1570800.0,2100496.47527004,0.7326488706365503,0.8903490759753594
MTG,0.0005324956700651803,0.0012082389771814611,0.025488882849898892,0.4046234713061505,-0.726087629240079,2160700.0,2785214.7811256396,0.8094455852156057,0.42669404517453796
MTH,0.0003886892010837811,0.00022462214881392828,0.02952599838533798,0.4687106936309937,-0.6880589853659048,760200.0,861822.2853894258,0.5503080082135524,0.5527720739219713
MTLS,-0.00046613249793357395,-0.0012700015685917032,0.03963390687444929,0.6291687664541166,-0.9782612276574392,134900.0,192997.6691301876,0.06283367556468172,0.7868583162217659
MTN,-0.00016242100732620542,6.0766478108377955e-05,0.022137025843789033,0.35141439089565335,-0.691425837558859,418500.0,507598.8061398522,0.366735112936345,0.2887063655030801
MTRN,0.0008593560809057238,0.00013084638940635037,0.028745390618252518,0.4563189294918323,-0.6041765016993246,100200.0,132109.83513359862,0.0016427104722792608,0.5277207392197125
MTRX,-0.000332008762127685,0.0,0.03818332770989981,0.606141536095658,-0.9355311454855184,169700.0,217892.83683911312,0.12402464065708418,0.760164271047228
MTSI,0.0014316390627051802,0.0023870313538512655,0.03125945787939108,0.4962285100054038,-0.5203227206134104,498000.0,648042.8652643547,0.42258726899383986,0.6036960985626283
MTUS,0.0006386732131002556,0.0,0.03859294372841749,0.6126439888038153,-0.7521838727808542,331900.0,473475.49744172825,0.29876796714579057,0.7679671457905544
MTW,0.00033899315336033246,-0.0007463770293547891,0.034858697783042146,0.5533646721689286,-0.8365671867886268,253300.0,310056.1114269471,0.22258726899383985,0.7006160164271047
MTX,0.000147513447398778,-0.0001634368345276379,0.023096444179005457,0.36664468480520296,-0.5421349964725924,148900.0,177786.58328595792,0.0891170431211499,0.3314168377823409
MTZ,0.0006740446020836602,0.001215293087478153,0.030535568733749623,0.4847371260685259,-0.708144593632879,746300.0,886830.2444570779,0.5453798767967146,0.5794661190965092
MU,0.0017795101444122027,0.0011189637758604798,0.03449591341095867,0.547605648800487,-0.6421337011088811,19132700.0,22746104.604889143,0.9876796714579056,0.6899383983572895
MUC,-4.8346195941177e-06,0.0,0.008509172278236696,0.13507892226731527,-0.39427721084946526,181400.0,210037.80557134736,0.14291581108829568,0.0032854209445585215
MUFG,0.0008994008812153282,0.0013828518105477787,0.0186488941685297,0.2960420171777535,-0.3948016945695485,2417100.0,2943371.404206936,0.8283367556468173,0.1593429158110883
MUR,0.00042905896834261113,0.0007327448524733326,0.03877694887542209,0.6155649799573956,-0.8843084116470612,1960400.0,2460977.7714610575,0.7864476386036962,0.7724845995893224
MUSA,0.00102912596811485,0.0011696007596019753,0.021293128919524264,0.33801794253299206,-0.39032351729028714,253600.0,287353.9511085844,0.22299794661190966,0.2570841889117043
MUX,7.059854390704483e-05,0.0,0.04150706329942633,0.6589042028573889,-0.9179336354714291,448900.0,616462.5582717453,0.38891170431211497,0.8098562628336755
MVIS,-0.0009729316598275661,-0.0029090255081317923,0.07559175751748706,1.1999819493454082,-0.9997873797614926,229473.0,464809.86355884024,0.19260780287474333,0.9917864476386037
MWA,0.00043837309145901423,0.0007730351447702283,0.02139260013481553,0.3395969991226124,-0.4739606112340879,920200.0,1094887.8908470722,0.5979466119096509,0.26119096509240247
MX,-0.0006545869421213176,-0.0016791103529364341,0.03677585736389445,0.5837986370162888,-0.9604157984514908,301500.0,512136.83911313245,0.2683778234086242,0.735523613963039
MXL,0.0008123298385152497,0.0016591943578501416,0.04836814983390358,0.7678205750209137,-0.9523983450362015,673100.0,1088972.0864127346,0.5180698151950719,0.8891170431211499
MYE,0.00045105144504411577,0.00044420759094807933,0.029189892328465163,0.46337517538722567,-0.7021916730960185,155900.0,205906.19670267196,0.09856262833675565,0.5437371663244354
MYGN,-0.00109884224756031,0.0,0.04531247767275433,0.7193132832616486,-0.9902256777177517,670500.0,943600.0,0.5170431211498974,0.8603696098562629
MYI,2.2414161987970793e-05,0.0006068690444414372,0.007957807961605922,0.12632628508571464,-0.32851439574106606,157300.0,188948.32291074476,0.1028747433264887,0.002053388090349076
MYO,-0.0014894414277997815,-0.002152845873047253,0.06783480940081857,1.076844215448194,-0.9994535125200226,203700.0,462877.4178510517,0.16591375770020533,0.9823408624229979
MYRG,0.001247031238958876,0.0011769701067683958,0.029500101730764297,0.46829959698425067,-0.5865477147905658,118300.0,150882.6037521319,0.03696098562628337,0.5519507186858317
MZTI,-0.00011304102531850603,5.602054634483841e-05,0.01921749294028065,0.3050682428527323,-0.5719167838649856,120700.0,153471.57475838545,0.03963039014373717,0.17905544147843944
NAC,2.4733445205982654e-05,0.0,0.008847166377167275,0.1404444122495813,-0.37374646712781295,307300.0,356160.0909607732,0.2726899383983573,0.004517453798767967
NAD,2.6461743944465015e-05,0.000660618724663931,0.00875579536837622,0.13899394245176794,-0.36716317875681526,559900.0,645388.345650938,0.4624229979466119,0.004106776180698152
NAGE,-0.00017243222963440782,0.0,0.04873125745876588,0.7735847298681356,-0.9677800097040354,330200.0,631589.1984081864,0.29650924024640657,0.8948665297741273
NAK,0.00046331513813617264,0.0,0.061328429531782094,0.9735586370354691,-0.9868114636499742,3057600.0,6820706.765207504,0.8603696098562629,0.9609856262833676
NAT,0.0010621733000074922,0.0,0.03705140288837382,0.5881727866121844,-0.8397205813504552,2845400.0,3710927.1745309834,0.8472279260780288,0.737577002053388
NAVI,-1.0926762632804206e-05,0.0010591380469663057,0.02831164608185347,0.44943344843676303,-0.7235465981192188,1140900.0,1474844.457077885,0.6570841889117043,0.5186858316221766
NBHC,0.0001837286221234233,0.0,0.021545876078234803,0.34203017929214957,-0.4697273293409348,174600.0,222697.38487777146,0.1322381930184805,0.2677618069815195
NBIX,0.00024289562278971417,0.0008094883276526007,0.02286517480641159,0.36297339733070705,-0.5266279340126795,783400.0,910520.5798749289,0.5572895277207393,0.32073921971252567
NBR,-9.062698125894076e-05,-0.0014071311812742827,0.055675881024717565,0.883827211294936,-0.9888889790535966,236800.0,309067.8590108016,0.19917864476386038,0.9404517453798767
NBTB,0.00031748938462866573,-0.00040884511231701357,0.020327677333217244,0.3226918737315449,-0.4197156905908712,158100.0,190572.82546901648,0.10410677618069815,0.22012320328542095
NCLH,-0.0007139957257840126,-0.0005954703219746255,0.04568444283035527,0.7252180470820068,-0.9648726276753884,15397600.0,18435250.028425243,0.9815195071868583,0.8632443531827515
NCMI,-0.0018965600141336045,0.0,0.055971343150688156,0.8885175271378757,-0.9980150945157941,162200.0,363112.728823195,0.11232032854209445,0.9429158110882957
NDAQ,0.0006331046269382922,0.001221165305955823,0.017188197916556878,0.27285418303540815,-0.4096891391347323,2464200.0,2819886.071631609,0.8316221765913757,0.10718685831622177
NDSN,0.0005050221932202263,0.000369398915978563,0.01872383508506652,0.2972316673468316,-0.4758092961228928,228800.0,281981.5804434338,0.1917864476386037,0.16057494866529773
NEA,2.1567400044867494e-05,0.0,0.008596138479716922,0.13645946791682295,-0.3762876736383748,729000.0,819864.5821489482,0.5388090349075976,0.003696098562628337
NEE,0.0002546887854663328,0.0008526953229999043,0.018169376508143858,0.2884299103058867,-0.4907048342208861,8598500.0,9656948.948266061,0.9593429158110883,0.13593429158110884
NEM,0.0007461840223531881,0.0008644317954956224,0.02428152921410926,0.3854573265172964,-0.6670206427044341,7806000.0,8905170.324047754,0.9527720739219713,0.3774127310061602
NEO,-9.629020298274013e-06,0.0009602928492558739,0.041671577430781634,0.6615157837297208,-0.9753007714674506,961100.0,1338238.20352473,0.609034907597536,0.8135523613963039
NEOG,-0.0005034084372925597,0.0,0.02978681314726249,0.4728509996208343,-0.9411386888628878,1298700.0,2083509.6077316657,0.6936344969199179,0.5564681724845996
NET,0.001639450482518055,0.0020681831277943236,0.04237043679067222,0.6726098321358024,-0.9031146703564848,3388200.0,4060166.7993177944,0.875564681724846,0.8275154004106776
NEWP,0.0003496772318318066,0.0,0.047600705685184014,0.755637776845052,-0.959287435797158,172800.0,299878.3399658897,0.13018480492813142,0.8837782340862423
NEWT,-5.023462654887543e-05,0.0008567579049548887,0.028262485450516937,0.44865304760789465,-0.7659543962784092,162000.0,206880.78453666857,0.11047227926078029,0.5166324435318275
NEXT,9.305774145350065e-05,-0.0006041858796975064,0.0585766226086662,0.9298750563876861,-0.9556642278498679,857500.0,1500616.4866401365,0.5782340862422998,0.9523613963039015
NFG,0.0004256233919752783,0.0007594950810978534,0.01618323650263735,0.25690091516472663,-0.3872528896090114,503600.0,565703.6384309267,0.42525667351129365,0.0731006160164271
NFJ,0.00044795428730668026,0.000841531764764823,0.013308138047646469,0.21126014212433525,-0.4380115477996638,194300.0,223263.4451392837,0.1535934291581109,0.02792607802874743
NFLX,0.0005654399416741617,0.0004100012958752479,0.027553809441093306,0.4374031647215791,-0.8104470790411301,43736000.0,58352804.832291074,0.9971252566735113,0.49609856262833674
NG,7.584249418388275e-05,0.0,0.03810919890931673,0.6049647778676761,-0.9014975431211365,1629200.0,2175755.486071632,0.7425051334702258,0.7589322381930185
NGG,0.00041834838567342297,0.000972919844221432,0.01559721408839339,0.2475980977399315,-0.4021728902382221,435400.0,562839.7384877772,0.37782340862423,0.05995893223819302
NGL,0.00017308917543418467,0.0,0.04841089533742698,0.7684991388528486,-0.9828279637930553,550100.0,888413.3598635588,0.4570841889117043,0.8899383983572895
NGVT,-7.685180109361091e-05,-0.0004168545910517374,0.02942289632053332,0.4670739990922113,-0.831229837310146,226900.0,278038.20352472994,0.18850102669404517,0.5503080082135524
NHI,0.00010537756053328657,0.0005933218176965556,0.02295441675906873,0.36439006941017466,-0.689876453651744,236000.0,276428.02728823194,0.19794661190965093,0.3248459958932238
NI,0.0002752900892541921,0.0010927818595709991,0.015853881149600495,0.2516725610221063,-0.3512706518032599,3723500.0,4120382.546901649,0.8870636550308009,0.0648870636550308
NICE,-0.0001406699278289213,3.274418300764763e-05,0.02462843862498631,0.39096434268918806,-0.8226597462208223,323500.0,414813.70096645824,0.2915811088295688,0.39589322381930186
NIO,0.0003426725178590927,-0.0019779547306012606,0.04974608807890693,0.7896946665306157,-0.9857177651141099,50402000.0,63593983.34280841,0.9975359342915812,0.902258726899384
NIU,-0.0007857817863404722,-0.0007694236324287091,0.04633303191989789,0.7355140796860042,-0.9917893443711481,442900.0,655775.8953951108,0.38316221765913755,0.8739219712525668
NJR,0.00021152611868944677,0.0008413292046945936,0.019703020371402785,0.31277575187742757,-0.5054119921154808,484600.0,551897.3848777715,0.4125256673511294,0.1921971252566735
NKE,-0.00047648962667958466,-0.00031822276833638665,0.022489987167271953,0.35701747820181357,-0.8425575436807932,7932900.0,10820818.13530415,0.9535934291581109,0.3026694045174538
NKTR,-0.0008700627965212128,-0.0026213189427622043,0.06139409382759657,0.9746010254159168,-0.9996098978523105,114887.0,350690.2330869812,0.030390143737166326,0.9618069815195072
NLY,0.0002040351288831497,0.0010559376005457718,0.020317610644932708,0.3225320700091836,-0.6444888744111376,4982100.0,5662605.912450256,0.9186858316221765,0.21971252566735114
NMCO,-7.272665916621289e-05,0.0,0.0121102359184563,0.19224403535134352,-0.435822866314442,145700.0,181315.2359295054,0.08501026694045175,0.01971252566735113
NMFC,7.026774533683333e-05,0.0007701393204085546,0.019081074373339686,0.3029026652387066,-0.693588493745998,383800.0,513216.88459351903,0.34537987679671456,0.17412731006160165
NMIH,0.00022276181115463007,0.0010336671261409161,0.025922136892493827,0.41150116601346803,-0.765451919333281,474400.0,595217.2256964184,0.40698151950718686,0.44229979466119096
NML,0.0005033642587086217,0.0014115300589725667,0.02557549701786035,0.4059984285967953,-0.863661165927482,173800.0,213645.5372370665,0.13100616016427105,0.43121149897330596
NMM,0.00101116427156579,0.0009104280336069016,0.03349345169210416,0.5316920623587786,-0.822902391937578,135800.0,192166.96986924388,0.0648870636550308,0.6652977412731006
NMR,0.0005290451404454988,0.0,0.020159762220009703,0.3200263039460465,-0.5753558687703717,663900.0,1200276.179647527,0.5121149897330596,0.21149897330595482
NMRK,0.0002413088737720182,0.0,0.03793324183442216,0.6021715458981157,-0.8830211165061151,1025000.0,1179585.105173394,0.626694045174538,0.7540041067761807
NMZ,-1.5826604800671117e-05,0.0,0.010743719837703069,0.17055126507788126,-0.4137553345448277,318400.0,385487.72029562254,0.28583162217659136,0.01190965092402464
NNBR,-0.0003753714947441504,0.0,0.05024703854371058,0.7976470086248117,-0.9819829067011423,181600.0,427352.4161455372,0.14353182751540042,0.9059548254620123
NNDM,-0.0005460246289423898,-0.0031974819137708535,0.06086690972649393,0.9662322372559284,-0.9829317091486952,2094800.0,5311410.659465605,0.8012320328542094,0.9597535934291581
NNN,2.9893820624960857e-05,0.0004314868107680716,0.0199183309027221,0.3161937006005721,-0.6108994279464375,1097700.0,1247788.4593519045,0.6443531827515401,0.20123203285420946
NNVC,-0.0003069254885657755,-0.00602418764413405,0.07570260955045459,1.2017416708147561,-0.9989703058074334,121400.0,605920.9778283115,0.04291581108829569,0.9921971252566735
NOAH,-0.00046725728514341805,-0.0008404074570514811,0.03297223101692689,0.5234179406505532,-0.9015124936263038,128400.0,177158.27174530984,0.05277207392197125,0.6521560574948665
NOC,0.00023013121151647665,0.0007422704166137664,0.017298878525770552,0.2746111832370272,-0.35939281698527337,790200.0,892355.8840250142,0.5593429158110883,0.11088295687885011
NOG,0.0002244331325350158,0.0008650471480131694,0.040116044450541614,0.6368224631984752,-0.9221849935534147,1194800.0,1420968.4252416145,0.6698151950718686,0.7950718685831623
NOK,0.00047820917141956,0.0014432330722075953,0.028757011200560186,0.4565034005170874,-0.6258343619565212,22584400.0,33072364.468447983,0.9905544147843942,0.5285420944558522
NOMD,-0.00030449343454229985,0.0,0.01848963016719814,0.29351377953578334,-0.7403201767495098,769100.0,975462.9334849346,0.5527720739219713,0.15236139630390144
NOV,9.490039057470382e-08,0.0,0.03266215591391249,0.5184956509885803,-0.7984134741307121,3774800.0,4298508.470722001,0.8895277207392197,0.6431211498973306
NOVT,0.00032141623348746465,0.00021305405608587378,0.026317610709778075,0.4177791182368971,-0.6068745628680626,139600.0,207953.89425810118,0.07063655030800821,0.4595482546201232
NOW,0.0005497007494231666,0.0016123834483050986,0.02821069594673475,0.44783091472270803,-0.6873197410242872,7256500.0,9474362.87663445,0.9474332648870637,0.5149897330595482
NPKI,0.0002389513668054714,0.0,0.04388395897051591,0.6966362518856831,-0.9646105034987971,648600.0,789811.9954519613,0.5063655030800821,0.8427104722792608
NRG,0.0006397546336780936,0.0017374066647331452,0.026311218387042225,0.4176776432593424,-0.5081988966143546,2568300.0,3028884.650369528,0.8357289527720739,0.4587268993839836
NRK,1.755940148412985e-05,0.0,0.00745395790695442,0.11832791342966958,-0.3200201289323946,156700.0,203436.21375781693,0.10102669404517454,0.0016427104722792608
NRO,1.4496167966792523e-05,0.0,0.019426178089823908,0.308381016900755,-0.6725373639549401,167400.0,201894.55940875498,0.12032854209445586,0.1839835728952772
NSC,0.0003855424597695157,0.0007094739110325768,0.01827907635475955,0.290171341383929,-0.4740282255526373,1206300.0,1357628.6526435474,0.6722792607802874,0.1433264887063655
NSIT,0.0006058235328123582,0.0010244922876528288,0.022864911399419877,0.36296921587434505,-0.7511334068982025,242600.0,295559.1813530415,0.21088295687885011,0.3203285420944558
NSLR,0.0005552012037715746,0.0,0.031754391076324884,0.5040853309334659,-0.8055990779894439,170400.0,256792.9505400796,0.12566735112936345,0.615605749486653
NSP,-0.0002854673704905285,0.0006207289870298833,0.03302646537838523,0.5242788844481522,-0.9097651424655915,278700.0,401355.88402501424,0.24784394250513347,0.6537987679671458
NSSC,0.0006219992328625969,0.0004536266474645655,0.03380138299068026,0.5365803201803319,-0.7151994915114136,240900.0,326295.0540079591,0.20636550308008214,0.6718685831622176
NTAP,0.0008564597698876819,0.0011064103499595422,0.023363754801697948,0.37088810938790384,-0.48566214526937346,1776300.0,2055968.3342808413,0.7655030800821355,0.3396303901437372
NTB,0.0005854144345569901,0.0004133618025228172,0.022573391785382722,0.358341485468106,-0.624143981030627,159100.0,188490.6196702672,0.10595482546201232,0.30677618069815193
NTCT,0.0003062668212374671,0.00040311536596345583,0.022211868114979487,0.35260247511840453,-0.5857683032354545,431000.0,520599.14724275155,0.3753593429158111,0.2919917864476386
NTES,0.0005104680227946566,0.0,0.02711000540929807,0.4303579941277111,-0.6644301266462215,1618500.0,2040916.5434906196,0.7404517453798768,0.48254620123203285
NTGR,-0.00020829922210242768,0.000346362858760157,0.028983065046184652,0.46009189406768014,-0.809559785484184,279600.0,335405.34394542355,0.24928131416837782,0.5383983572895277
NTLA,-6.056101461696918e-05,-0.000626698113367762,0.05175708595696886,0.8216182681651985,-0.9895560813305558,1278900.0,2198967.0835702103,0.6878850102669405,0.9137577002053389
NTNX,0.0005463634730713212,0.0004616271512068289,0.033885959440913646,0.537922929704873,-0.7821168006773236,2115600.0,2688442.8084138716,0.8032854209445586,0.675564681724846
NTR,0.00035581900632170873,0.0005796478709450373,0.022440937930418695,0.3562388457055462,-0.6494211698210349,1970500.0,2243233.6554860715,0.7876796714579055,0.3006160164271047
NTRA,0.0014423312653554594,0.0008739288398039757,0.0388323072573466,0.6164437670267268,-0.8478104942555204,1020700.0,1224769.8692438887,0.6250513347022587,0.773305954825462
NTRS,0.00047444906592939416,0.0012527110496160251,0.02083766541923243,0.3307876836147569,-0.5508897583241356,1000700.0,1161040.1364411598,0.6197125256673511,0.24353182751540042
NUE,0.0009904639390061018,0.0012852386124793027,0.02480643255090461,0.3937899086663473,-0.5344761294691344,1837300.0,2168697.953382604,0.773305954825462,0.4041067761806982
NUS,-0.001120475763352996,-0.00020481136696503722,0.03314549739356177,0.5261684591094241,-0.9521707264193876,486900.0,621463.8430926662,0.4139630390143737,0.657905544147844
NUV,1.3036452401917049e-05,0.0,0.007116520686406607,0.11297126361767137,-0.2925568468701768,388900.0,442161.39852188743,0.3486652977412731,0.0008213552361396304
NVAX,0.0003300847642880768,-0.0025161730152138944,0.06931295034370301,1.1003089754736426,-0.998616934454488,4662600.0,6294704.434337692,0.9112936344969199,0.9852156057494866
NVCR,-0.0008858628249009926,-0.0007784979338299221,0.04771186228878516,0.7574023332233193,-0.990711461977521,884600.0,1123257.9874928936,0.5872689938398358,0.8841889117043121
NVDA,0.0022381989954294457,0.0028962204371847542,0.03203720576745276,0.5085748749725052,-0.7186772480448644,353908000.0,379791003.8089824,1.0,0.6262833675564682
NVG,-5.043654153245337e-06,0.0005935703944080037,0.009230682444628631,0.14653254107938263,-0.4193390825887297,459100.0,518632.06367254123,0.39507186858316223,0.006981519507186858
NVGS,0.00045735563118914094,0.0007169362829543024,0.029815322507145456,0.47330357167856213,-0.7522756135130455,148100.0,200385.84422967595,0.08809034907597536,0.5572895277207393
NVMI,0.0013894536241337947,0.0018604900947154482,0.029876154624737066,0.47426925160779915,-0.5754904584867886,139900.0,198857.07788516203,0.07104722792607802,0.5593429158110883
NVO,0.00031431476614278674,0.000609450014345086,0.023013348342066246,0.3653255792880474,-0.801374499609065,3223000.0,6105202.444570779,0.8677618069815195,0.328952772073922
NVRI,-2.9626649756711475e-06,0.0,0.03974809523858085,0.630981450538773,-0.9414842001807551,495800.0,682886.7538374076,0.4209445585215606,0.7880903490759753
NVS,0.00044229081643373054,0.00046575332261193463,0.013434483142609121,0.21326580832819936,-0.2772262606731489,1681900.0,1897132.8595793063,0.7503080082135524,0.029568788501026694
NVST,-8.233321163946042e-05,-0.0006694103121411921,0.025069793882471745,0.397970640196012,-0.7599744543648449,1854700.0,2264134.3945423537,0.7753593429158111,0.41190965092402465
NVT,0.0012245414004518826,0.0017356896451643019,0.025687409823251933,0.4077749893063335,-0.5959085847162561,1183200.0,1404666.4582148949,0.6673511293634496,0.4357289527720739
NWBI,0.00020606038356362397,0.0,0.01859229626184028,0.29514355326279124,-0.5128176799274309,661400.0,776664.8095508812,0.5112936344969199,0.1564681724845996
NWE,0.00011873869501269251,0.0006483016278275087,0.01776557724430462,0.28201979571562924,-0.4587611647182427,334100.0,390235.8726549176,0.2997946611909651,0.12320328542094455
NWG,0.000963955093989643,0.0018069013155245874,0.02501862368383309,0.3971583384751981,-0.693246304462087,1735731.0,2246772.545196134,0.7597535934291582,0.4102669404517454
NWL,-0.0005021457972937505,-0.0004690711108433066,0.03327368690452118,0.5282034045095376,-0.9348801141929552,4167100.0,5269365.6623081295,0.8981519507186858,0.659958932238193
NWN,-7.24174524536294e-05,0.00043026560130042594,0.019696279228388437,0.3126687395496178,-0.5958274712504871,201200.0,233377.99886299032,0.1626283367556468,0.19137577002053388
NWS,0.0004943260781751806,0.0006694880884246898,0.020193170230604744,0.32055663967303777,-0.49088296109792834,690200.0,841969.6418419556,0.5232032854209445,0.2131416837782341
NWSA,0.00044611105378744413,0.0005517417751757537,0.019822482708338703,0.3146721576848538,-0.4892797290264882,2675000.0,3059290.9607731667,0.8410677618069815,0.19671457905544149
NX,0.00010532998318006629,0.0,0.02997420083629352,0.47582568696442157,-0.7602419887067108,200200.0,293469.5849914724,0.16057494866529773,0.5646817248459959
NXDT,-0.00035112526281689085,0.0,0.03031202308974881,0.4811884489843384,-0.8876272271647004,141600.0,195156.16827743035,0.07535934291581109,0.5728952772073922
NXE,0.001099509053587381,0.0,0.03888779121439921,0.6173245475394167,-0.64591449121491,3015500.0,4069263.8999431496,0.8579055441478439,0.7745379876796714
NXH,-0.0007641272858478518,-0.004827517291236146,0.05598284726467911,0.8887001492859209,-0.9966909334474612,1841000.0,2435765.8328595795,0.7745379876796714,0.9433264887063655
NXPI,0.0005137641485485806,0.0010853981424675076,0.027949481573545557,0.44368426510070264,-0.5619340692769,2358800.0,2743870.0966458214,0.8225872689938398,0.506776180698152
NXRT,-0.0003296500248699218,0.0003140070141636879,0.024358128061367303,0.38667329552065044,-0.7913593546634009,128200.0,166989.6532120523,0.05215605749486653,0.3806981519507187
NXST,0.0003855170970810815,0.00016163557433705527,0.027333496266118938,0.4339058014923797,-0.6901355573465013,324900.0,397931.4383172257,0.29322381930184804,0.4895277207392197
NYT,0.00048488245323468596,0.0009770255010389639,0.020256242638758797,0.32155788311243133,-0.5484171143815973,1299900.0,1514605.9124502558,0.6944558521560575,0.21683778234086243
NZF,1.414204807453119e-05,0.0,0.00950868454134174,0.1509456875505271,-0.3872838003656486,415900.0,454926.1512222854,0.3642710472279261,0.00944558521560575
O,2.588248645382308e-05,0.0006585226945087849,0.018098409367652227,0.2873033418758973,-0.5379403710410466,4138300.0,4564993.420693576,0.8969199178644763,0.1322381930184805
OBDC,0.00020234479648119453,0.0006490974982408679,0.016977579630168792,0.2695107213913354,-0.5909824817623438,1769100.0,2242793.462194429,0.764271047227926,0.09815195071868583
OBE,0.0014269458177681314,0.0,0.04594960835873091,0.7294274193481006,-0.874895732199045,340200.0,419403.80898237636,0.3055441478439425,0.8681724845995893
OC,0.00045757661616499133,0.0004202464700954177,0.024605882496968934,0.39060627525754094,-0.5748422107187798,870600.0,998805.7987492894,0.5819301848049281,0.39507186858316223
OCFC,-8.628761130659599e-06,-0.0007358854244330583,0.023817354400755483,0.37808877979133293,-0.6035099264379888,255000.0,341207.78851620236,0.22505133470225872,0.3544147843942505
OCGN,-0.0014915288892400223,-0.006775847675144149,0.09110259217778344,1.4462088161745195,-1.2268666657221485,5409500.0,13717556.091529278,0.9256673511293635,0.997946611909651
OCSL,0.0002829723414465662,0.0007451412494852122,0.01722201691099606,0.2733910429286663,-0.6096242175641635,393567.0,484062.4422967595,0.351129363449692,0.10924024640657085
OCUL,0.000611235315535507,-0.0010799645636121735,0.049514032840966886,0.7860109038305,-0.9651024858564156,958600.0,1553860.9437180215,0.6078028747433265,0.9010266940451745
ODFL,0.0006394247797658837,0.0016232963968340244,0.022752800724442628,0.3611895140825127,-0.49568658345360794,1496900.0,1690689.1984081864,0.7240246406570842,0.31704312114989736
OEC,-0.0005528985206905726,0.0,0.033842044388427375,0.5372257998587269,-0.9042769088032708,399400.0,483814.95167708927,0.35482546201232035,0.6739219712525667
OFG,0.0005803342973041168,0.00021126927509534617,0.024364188887392103,0.38676950815105793,-0.6356781585522151,232700.0,275338.37407617964,0.1942505133470226,0.3811088295687885
OFIX,-0.000994784607844437,-0.0003579011643388547,0.028957473091961294,0.4596856343890452,-0.9243798038245787,186300.0,254525.0142126208,0.14784394250513347,0.5371663244353183
OGE,0.0001668630635665452,0.0006764129004656774,0.015169457237513456,0.24080766824573682,-0.5042754412888857,1160100.0,1299058.555997726,0.6624229979466119,0.049281314168377825
OGI,-0.0014770253886237108,-0.005540378056985564,0.05101376501932203,0.8098184140932734,-0.9939817187755983,705975.0,1154515.9749857874,0.5277207392197125,0.9096509240246407
OGS,-3.5514206123968906e-05,0.0005658734652952015,0.018191280514095427,0.2887776256206703,-0.4640795555871275,331400.0,390670.1534963047,0.29774127310061604,0.1383983572895277
OHI,0.00036565735057273027,0.0009591198321336797,0.023565174262062977,0.374085544195912,-0.7141383642186525,1881600.0,2105035.8158044345,0.7782340862422998,0.34537987679671456
OI,-0.000285990908420869,0.0005883811606170599,0.03478777584339319,0.5522388212800717,-0.8588287210380703,1323000.0,1649538.1466742468,0.6993839835728953,0.6985626283367556
OII,0.0006921967017111124,0.0012687126605122052,0.04387855024532697,0.6965503910351241,-0.9112007766035158,900900.0,1070612.0523024446,0.5913757700205339,0.842299794661191
OIS,-0.00025397060324093844,-0.00119873234608167,0.04546670791949829,0.7217616125268205,-0.967986941986152,713200.0,883049.9715747584,0.5301848049281315,0.8620123203285421
OKE,0.0003629876995293941,0.0016001882798495457,0.028799682672358162,0.4571807891318147,-0.8572974385543151,2952000.0,3514814.3263217737,0.8550308008213552,0.5305954825462013
OKTA,0.00036855676116127764,0.0009293451213148924,0.035667451190132995,0.56620323449176,-0.9077276013677289,2039200.0,2596533.428084139,0.7963039014373716,0.7149897330595483
OLED,-0.0004313047712722937,-9.727931079075691e-05,0.028410247425361548,0.45099869623991834,-0.8268122325841067,393900.0,477552.64354747016,0.3515400410677618,0.519917864476386
OLLI,0.00018433612057078473,0.0003085733306160827,0.02941511994027358,0.46695055288260606,-0.7129313427677366,1055500.0,1236399.1472427517,0.6349075975359343,0.5490759753593429
OLN,3.9632905975890096e-05,-0.00031782121981762876,0.03258993939899097,0.5173492493543755,-0.8296291890695537,1660900.0,1966887.1517907903,0.7474332648870636,0.6414784394250513
OMC,0.0001410991492516669,0.00046449289452896387,0.02024034772519697,0.32130555918205855,-0.4744300609090873,1811300.0,2362640.932347925,0.7691991786447638,0.2164271047227926
OMCL,-0.00044121443710135153,-5.636105985068469e-05,0.03049753265581164,0.48413332205009285,-0.9215721610591723,401400.0,483420.35247299605,0.3568788501026694,0.5782340862422998
OMER,0.00011273253044662183,-0.0025338062984298733,0.06896665686840227,1.0948117369759023,-0.9934304996548259,577200.0,999999.2040932348,0.47186858316221764,0.9843942505133471
OMF,0.0006698921030249038,0.0010319931084072028,0.02965157482193141,0.47070415776152896,-0.7446033978019103,972700.0,1110808.470722001,0.6131416837782341,0.5540041067761807
ON,0.0007944886589734739,0.0013898968370891131,0.036628883049591575,0.5814654921077308,-0.7628385407669797,6719000.0,7655620.409323479,0.9383983572895277,0.7322381930184805
ONB,0.00033997872757576125,0.0,0.02090291768345245,0.3318235311964172,-0.43252485954092057,1739600.0,2120477.146105742,0.7605749486652977,0.24681724845995892
ONC,0.0005890188224134483,0.0,0.03462502769264114,0.5496552744807184,-0.8170711242253887,248500.0,299562.0807276862,0.2188911704312115,0.6944558521560575
ONCY,6.179398638808792e-05,-0.004807724940991331,0.056236544217654,0.8927274635615994,-0.9886902295762509,396400.0,715191.8135304151,0.35256673511293635,0.9437371663244353
OOMA,0.00041802522981365534,0.0,0.029386760667115725,0.4665003633777767,-0.7828959543410974,101200.0,144242.7515633883,0.003696098562628337,0.5478439425051335
OPCH,0.00029230059896068357,0.0005567103969593876,0.0305288804220188,0.48463095241134213,-0.7001312101278403,1118200.0,1484263.1893121093,0.6501026694045174,0.5790554414784395
OPK,-0.00013245298174854614,0.0,0.042583901540284116,0.6759984799827129,-0.9451968864407124,3258300.0,5518137.9761227975,0.8698151950718686,0.8308008213552361
OPLN,0.00020089238818041442,0.0004232604617376089,0.028472500919770133,0.4519869398266176,-0.7366804429763396,942500.0,1304525.298465037,0.6047227926078029,0.5219712525667352
OPP,4.7371283134371096e-05,0.0005792482656059632,0.010866126819663303,0.17249441567590976,-0.39589062138938935,101706.0,117099.60659465606,0.004928131416837783,0.01273100616016427
OPRA,0.00047866718870745326,-0.0006549632769438896,0.039771038889903715,0.6313456697121814,-0.8263743114033079,321000.0,470112.0523024446,0.28788501026694047,0.788911704312115
OPRT,-0.0003624723396191211,0.0,0.04982940998541038,0.7910173607908472,-0.9864280854263027,175200.0,279328.82319499715,0.13264887063655031,0.9034907597535934
OPRX,-0.0003618931800551293,-0.0007269528373037629,0.04704564877985014,0.7468265216350366,-0.9888125052414181,162000.0,231007.16316088688,0.11047227926078029,0.8796714579055441
OPTT,7.232945478758925e-05,0.0,0.10730209166741254,1.7033678982541778,-0.9995893716316321,1149600.0,5529715.406480955,0.6595482546201232,0.9991786447638604
OPTU,-0.0019077879752604626,-0.00111760527167215,0.04587995490177319,0.7283217049977043,-0.9962087117461241,3761700.0,4802126.3786242185,0.8891170431211499,0.8661190965092402
OR,0.0007708673319109754,0.0011113885336078914,0.025653207354628445,0.40723204194912005,-0.5274973279354251,764800.0,888509.0392268334,0.551129363449692,0.4344969199178645
ORA,0.00015069708697351006,0.001079749362936965,0.022673805101449507,0.35993549744389824,-0.6019395621231167,420300.0,510044.172825469,0.36817248459958934,0.31252566735112935
ORC,-0.0002347576631607612,0.0,0.028923005188283522,0.4591384733809745,-0.8618934311063471,944600.0,1890560.0113700966,0.6057494866529775,0.535523613963039
ORCL,0.0005879294650532974,0.0009187601275522589,0.025322370403718326,0.4019801681694057,-0.6931963058618718,9234400.0,13162950.994883457,0.9630390143737166,0.42012320328542097
ORGO,-0.0008966267442027015,-0.0014471027226515213,0.05296538565612916,0.8407994312444724,-0.9910945927954824,636200.0,901699.260943718,0.500205338809035,0.9207392197125257
ORI,0.0005686211963204949,0.001394767536597319,0.018218350378223395,0.28920734639171175,-0.5184552613405947,1462200.0,1669573.2802728824,0.7170431211498973,0.13963039014373715
ORLY,0.0006723399925667315,0.001167346137218815,0.016838369746638354,0.2673008330001526,-0.44975490485528513,6127500.0,7031326.94712905,0.9322381930184805,0.09527720739219712
ORMP,0.0002839309492817649,0.0,0.058081498112941304,0.92201519868546,-1.1446752065053998,188000.0,432890.7333712337,0.14948665297741273,0.9507186858316222
ORN,0.00036331735995310095,0.0,0.041164850270426406,0.6534717394365495,-0.8145082013484076,186600.0,252734.1671404207,0.14825462012320328,0.8057494866529774
OSBC,0.0004470110819907899,0.0005900502322332827,0.023514263417682812,0.3732773595963147,-0.6000992168153143,162200.0,199193.5758953951,0.11232032854209445,0.3437371663244353
OSG,-0.0008673551269302135,0.0,0.03451109102651534,0.5478465859780344,-0.9381876091977776,408700.0,541307.5611142694,0.36098562628336756,0.691170431211499
OSIS,0.00036373928145929757,0.0007483420434168774,0.021262950961234185,0.3375388822967247,-0.500401683632824,111500.0,144986.4695849915,0.02299794661190965,0.2546201232032854
OSK,0.0003915251345996902,0.00039717564406338936,0.023175912391776455,0.3679062035739639,-0.5103749760827773,537500.0,605186.9243888573,0.45010266940451743,0.3347022587268994
OSPN,0.00016014350683088104,0.0007206014132749069,0.034738096987482904,0.5514501938911308,-0.878593544497402,277600.0,359165.0938032973,0.24681724845995892,0.6965092402464066
OSUR,-0.0003751472081207062,0.0,0.03790380626992836,0.6017042707980074,-0.9598684442155602,655300.0,871674.2467310972,0.5090349075975359,0.7535934291581109
OSW,0.00022322872930259074,0.0,0.035779382755175004,0.5679800930015164,-0.9023353799255267,471800.0,612215.122228539,0.4057494866529774,0.7170431211498973
OTEX,-0.00022799647309498924,0.0009484213796755576,0.020223211207009734,0.32103352538929275,-0.6715055225738845,601500.0,825543.6043206367,0.4837782340862423,0.2160164271047228
OTTR,0.00039021379546424584,0.0006380802083562386,0.020788770357541904,0.3300114985733232,-0.4547126386587818,159000.0,192543.71802160318,0.1055441478439425,0.24229979466119098
OUT,0.0002017716379860599,0.0,0.03250155378684964,0.5159461712591625,-0.8581714647628742,1462400.0,1761893.8249005117,0.7174537987679671,0.6386036960985626
OVID,-0.00019308528629989304,0.0,0.061029749757919145,0.9688172426157508,-1.0658451810624077,343400.0,952109.2666287663,0.30924024640657083,0.9605749486652977
OVV,0.0006569019754031623,0.0009840094842612206,0.04773236475796048,0.7577277998315232,-2.269993235406943,3225100.0,3964899.0903922683,0.8681724845995893,0.8850102669404517
OXLC,-0.00012654947915057333,0.0,0.03194493366545547,0.5071101007635012,-0.8582643938734498,326600.0,578968.6981239341,0.2940451745379877,0.62217659137577
OXM,-0.00045523702784764644,-0.00010816507599511774,0.032302456284649304,0.5127855963943051,-0.8460587850582967,189500.0,244885.04832291073,0.15030800821355236,0.6349075975359343
OXSQ,-0.0002674535240605712,0.0,0.024745829307311423,0.3928278619991986,-0.7096800379768412,278800.0,476893.6895963616,0.24845995893223818,0.4020533880903491
OXY,0.00020017969937066987,0.0,0.03720802706118065,0.5906591182754728,-0.9254476782386234,12864200.0,16725052.700397953,0.9774127310061602,0.742094455852156
OZK,0.0004570791985891061,0.0002932325699124258,0.025287628113478323,0.40142865140969447,-0.5489255368625359,883000.0,1063228.3683911313,0.5868583162217659,0.41806981519507186
P,0.0011340732774651485,0.0015899497356271766,0.034448739738122736,0.5468567899599666,-0.6143271673786702,3098400.0,3766011.881750995,0.8624229979466119,0.6874743326488706
PAA,0.00040598687485465,0.0011830772191945525,0.029384059296733323,0.46645748045239116,-0.8840764023449749,3657200.0,4193496.3615690735,0.8845995893223819,0.5470225872689939
PAAS,0.0006660205313527142,0.00043640748512529994,0.033622241260424096,0.5337365333741821,-0.7799257498422002,3235000.0,3827536.8391131326,0.8685831622176592,0.6685831622176591
PACB,-0.000639937264907617,0.0,0.05794317293285738,0.9198193545260983,-0.9985788955847157,4812900.0,5772695.622512791,0.9149897330595482,0.9503080082135523
PACK,-0.00017771915389890795,0.0,0.044210292525629004,0.7018166364733921,-0.9802256263846648,326800.0,441762.4218305856,0.2948665297741273,0.8480492813141683
PAG,0.0009541678733435623,0.000455237026245978,0.024464504481792475,0.388361968843488,-0.6360433676206241,273700.0,308745.8783399659,0.24229979466119098,0.3872689938398357
PAGP,0.0004296585810757138,0.0014662728066420572,0.028961726492745966,0.45975315503326036,-0.8748580810288074,2129900.0,2382070.551449687,0.8045174537987679,0.5375770020533881
PAGS,-0.0009006165631334931,0.0,0.038982177763033705,0.6188228875481961,-0.9582791976371959,3029600.0,3561423.877202956,0.8583162217659137,0.7761806981519507
PAHC,0.00036441637132575487,0.0003276620505089292,0.029843536421511073,0.4737514536841007,-0.7380078718873727,142700.0,175362.535531552,0.07679671457905544,0.5585215605749486
PAM,0.0008955276874259066,0.0005863126846061637,0.030796315234992128,0.4888763484536331,-0.5933093186796978,177400.0,244792.2114837976,0.1349075975359343,0.5880903490759753
PANL,0.0006825000433216709,0.0013271711120854245,0.03158432329253856,0.5013855885619307,-0.5933196085989251,176300.0,254029.277998863,0.13429158110882958,0.611088295687885
PANW,0.0013519129495753576,0.0020722110128987906,0.02665609779469126,0.4231524341290221,-0.5019020896289801,6388200.0,7881246.1057418985,0.9351129363449692,0.46940451745379874
PAR,-0.0002941211465565715,0.0,0.03810213602220769,0.6048526580107042,-0.941934961684694,292900.0,459278.28311540646,0.26078028747433263,0.7585215605749487
PARR,0.0007032118049242752,0.0011232684761625388,0.03827791262564868,0.6076430250847551,-0.840161431938331,725300.0,834049.3462194429,0.5371663244353183,0.7634496919917865
PATK,0.0006050731895133444,0.00039394842268460366,0.03123845613302354,0.49589511761748445,-0.7514610661391377,258150.0,311417.02671972715,0.22915811088295687,0.6024640657084189
PAYC,3.689167999438588e-05,0.0017016252217768326,0.031123633575740654,0.4940723660286585,-0.8808622118331886,531700.0,674401.8760659465,0.44476386036960985,0.5971252566735112
PAYS,0.00010957624584527302,0.0,0.044785512900168516,0.710947976833926,-0.9595320770642699,241500.0,392242.0693575895,0.2086242299794661,0.8550308008213552
PAYX,0.00023910363776666696,0.0007358472896978299,0.01813783518552868,0.28792920733191585,-0.4749247109269795,1753100.0,2097093.6327458783,0.7618069815195072,0.1347022587268994
PB,0.00010840760383330112,-0.00040527441238600003,0.02061858916736087,0.32730995593108314,-0.47200389598238773,521400.0,646083.2859579306,0.4381930184804928,0.23449691991786448
PBA,0.00032215666396771006,0.0010629129199033955,0.023819501356942704,0.37812286166421577,-0.7592738772459229,967400.0,1131802.8993746447,0.6114989733059548,0.35482546201232035
PBF,0.0006554285088843897,9.986896115431063e-05,0.04776851999906225,0.7583017464908044,-0.9401114657599261,2797600.0,3300998.1807845365,0.8459958932238193,0.8862422997946612
PBH,0.00016702818627344426,0.0005145310561814471,0.018342136281145418,0.29117238668139533,-0.5306862711529471,282200.0,347051.22228538943,0.2521560574948665,0.14496919917864476
PBI,0.0008885244216623232,0.0,0.04255250409877146,0.6755000610504358,-0.8717014205663233,1819300.0,2276160.7163160886,0.7716632443531828,0.8303901437371664
PBR,0.0008997967364897006,0.0011957067858287553,0.03067015910841139,0.4868736820298342,-0.792902957557197,21128700.0,24579659.92040932,0.9893223819301848,0.5856262833675565
PBT,0.0012430322460776422,0.00014348208909003077,0.030254759545353352,0.4802794183983754,-0.7060421201328191,122100.0,157338.4877771461,0.04394250513347023,0.5712525667351129
PBYI,-6.433973022124535e-05,0.0,0.04899607542205949,0.7777885847096008,-0.9646685229829993,367700.0,554349.0051165435,0.33100616016427103,0.8973305954825462
PCAR,0.0006473117488461462,0.00042494437525393515,0.017284393263020805,0.27438123681955967,-0.3955368501136079,2548200.0,2817269.1301876064,0.8353182751540041,0.11006160164271048
PCG,9.095521271935309e-05,0.0007789843900239475,0.03196043816524052,0.5073562270673034,-0.7363380075138461,15628000.0,18841360.432063673,0.9819301848049281,0.6229979466119097
PCN,8.985990203076354e-05,0.0010184725012009842,0.01546224267565785,0.24545549298672373,-0.5486368791651441,144700.0,185308.186469585,0.08234086242299794,0.05585215605749486
PCRX,-0.00026249032533372626,0.00034067995919205834,0.03040244611717659,0.48262387004454327,-0.9234150387057767,501600.0,623387.7771461058,0.424435318275154,0.5761806981519507
PCTY,0.0002143098439060353,0.0006930978652065669,0.02747750084580457,0.43619180332539503,-0.7866916531311293,388000.0,457646.5036952814,0.34743326488706366,0.49363449691991784
PD,-0.00040466884632863354,-0.00029151089791962085,0.037484850800324515,0.5950535589001149,-0.9535717656660042,1169200.0,1478930.4718590109,0.664476386036961,0.7462012320328542
PDD,0.0004922274448872134,-0.0001737064862489957,0.041564164741861025,0.6598106601545006,-0.9112976521496814,7485900.0,9415690.733371234,0.951129363449692,0.8106776180698152
PDFS,0.0007400646144059984,0.0011684922178448569,0.03201875872509384,0.508282037253467,-0.710900680205155,153600.0,212179.5338260375,0.09527720739219712,0.6254620123203285
PDI,4.4171742821853806e-05,0.0010470320936883624,0.013680634357491544,0.21717333772517122,-0.4941866008158336,1071300.0,1347852.4729960205,0.6381930184804928,0.0324435318275154
PDM,-0.0002658181388733692,0.0,0.025181766130146867,0.39974814452254787,-0.8172830865781663,826600.0,952032.9164297896,0.5675564681724846,0.41560574948665296
PDSB,-0.0008306798359455297,-0.004158077916006077,0.07216983540177176,1.14566061980132,-1.0006269107382106,392000.0,1448131.9499715748,0.35030800821355235,0.988911704312115
PDT,7.866606101885086e-05,0.0007142506402975253,0.018078311129779985,0.2869842922406939,-0.6645366706295527,102300.0,116452.47299602047,0.006160164271047228,0.13141683778234087
PDX,0.00047528178941663523,0.0008530070145165849,0.024048472837911585,0.3817576712400346,-0.8329794509632862,109400.0,162870.66515065377,0.0188911704312115,0.3642710472279261
PEB,-0.00020310647616344205,0.0,0.030646996428203722,0.48650598588067095,-0.8643210652403063,1685300.0,1967406.196702672,0.7515400410677618,0.5839835728952772
PEG,0.00017700259651622446,0.0009130813536844483,0.01517051176370765,0.24082440833010188,-0.42777582381916535,2386700.0,2625417.623649801,0.8250513347022588,0.04969199178644764
PEGA,-3.80410251508187e-06,0.0008329134452770747,0.031012655514531827,0.49231064392300256,-0.8333622362603177,805000.0,1081757.760090961,0.5630390143737166,0.5946611909650924
PEN,0.0004886115202474055,0.00046514942529461787,0.026156463716372293,0.4152209890224323,-0.6685283721776236,325200.0,399269.8692438886,0.2936344969199179,0.45215605749486654
PENG,0.0008557134706365623,0.0011655283798426546,0.040556947454586115,0.6438215814044935,-0.8255095523977547,654300.0,947888.4025014213,0.5084188911704313,0.8004106776180698
PENN,-0.00011033452022488196,-0.0013070729487009139,0.044929137680393194,0.7132279495374108,-0.9578913413329451,3667500.0,4796183.683911313,0.8850102669404517,0.8574948665297741
PEP,9.456591816224975e-05,0.0002476056473403205,0.013754991877794482,0.21835372676614528,-0.32584273467377495,5180300.0,5761424.332006822,0.9219712525667351,0.03326488706365503
PERI,0.0003239819615330458,0.0,0.03822545896530027,0.6068103490409333,-0.8983746360313595,365100.0,529623.3655486072,0.32854209445585214,0.7609856262833675
PETS,-0.0012760417273998048,-0.0020294757668257103,0.04166280047749094,0.6613764539156647,-0.9896635341354311,335700.0,517311.65434906195,0.30184804928131415,0.8123203285420945
PFE,9.951168623215124e-05,-0.00037446930662456254,0.016507462467259974,0.2620478427906156,-0.6288776675127081,30307500.0,34901107.23422399,0.9950718685831622,0.08090349075975359
PFG,0.0005515993100527473,0.0007962841956922317,0.022011227644776688,0.3494174063958545,-0.6057628391188057,1230400.0,1427762.5923820352,0.6780287474332649,0.28459958932238194
PFGC,0.0003914925528815447,0.0003371830390446128,0.032911368544555154,0.5224517788541204,-0.8559864967204854,1096700.0,1331559.749857874,0.6435318275154004,0.6501026694045174
PFL,0.00014873059387246284,0.0010513759700079396,0.01350292964685715,0.21435236289831142,-0.522408618143367,117400.0,141759.5793064241,0.03326488706365503,0.030390143737166326
PFLT,0.0001569939566688871,0.0011316209109147434,0.02168851959849138,0.34429457497655186,-0.7424065033299702,372600.0,566193.4053439454,0.33552361396303904,0.2731006160164271
PFN,0.0001531599419895215,0.0009141957354422247,0.013366534183502459,0.2121871520423478,-0.4922002192127366,255400.0,311075.49744172825,0.22546201232032853,0.028336755646817247
PFS,0.00015325773438161868,-0.0001979486886303808,0.02414407314621517,0.383275279086229,-0.6552128660319938,432400.0,540382.4900511655,0.37659137577002055,0.36837782340862424
PFSI,0.00048014790458656483,0.0008532583355223041,0.027968014386122845,0.4439784643797471,-0.6452819580250632,423000.0,518017.22569641843,0.36919917864476387,0.5084188911704313
PG,0.00019356228490740693,0.0006919139012505111,0.01288085153043033,0.2044771789455863,-0.25587980191778453,6825600.0,7597888.175099488,0.9412731006160164,0.02546201232032854
PGEN,0.00019198236057507869,0.0,0.05941623769298722,0.9432035326484778,-0.9901868840267684,1219100.0,2108546.7879476976,0.675564681724846,0.9544147843942505
PGR,0.0006705405479428056,0.000829914328303293,0.016943306574019348,0.2689666534918859,-0.32923276462222384,2577200.0,2854313.416714042,0.8361396303901437,0.09691991786447639
PH,0.0010169059257580438,0.0008888689857053868,0.021840235167066697,0.34670298496335417,-0.5805982429299384,702900.0,808067.481523593,0.5256673511293635,0.2784394250513347
PHG,-0.0002960822199924375,0.0003681627937481067,0.02240379929194503,0.35564928809694907,-0.8208660133979183,866200.0,1158615.1222285389,0.5806981519507187,0.29815195071868583
PHK,8.352681473270731e-05,0.0,0.013808681626524296,0.21920602510470108,-0.5107932447815842,485400.0,572077.9420125071,0.41314168377823407,0.03449691991786448
PHM,0.0007216467079296594,0.0010897077525344541,0.02555759138093544,0.40571418542257814,-0.6518959115070996,2211800.0,2528091.870380898,0.8127310061601642,0.4295687885010267
PHR,-0.0005219960884086832,0.00037862708674512126,0.03760004479565757,0.5968822068851901,-0.9629496217372012,431200.0,599811.0858442297,0.3757700205338809,0.7482546201232033
PHYS,0.0005608025961055048,0.0010534853593811852,0.011731728774438089,0.18623542071614255,-0.28823204360190957,1985300.0,2690351.1654349063,0.7913757700205338,0.016016427104722793
PI,0.0009780979418223697,0.002202479085850917,0.04406606410680383,0.6995270813041953,-0.7665041933783687,357500.0,445978.0557134736,0.31745379876796714,0.8451745379876797
PII,-0.000155804939624448,0.0003045651129231343,0.029058650178979777,0.4612917708528183,-0.8167349843225696,686600.0,868922.0579874929,0.5215605749486653,0.5396303901437371
PINS,-0.0002108366822110115,0.0,0.037960822318360204,0.6026093725073489,-0.9247660103474252,10655000.0,12809164.241046049,0.9696098562628337,0.7548254620123204
PIPR,0.0008925883357533635,0.001208160081278743,0.02510261187312992,0.3984916096468743,-0.6370821761159915,376800.0,440748.4366117112,0.3383983572895277,0.41314168377823407
PJT,0.0008001251901706601,0.0007782312972791547,0.022506269690389283,0.3572759552431242,-0.5659470201040906,181300.0,218439.96588971006,0.14250513347022586,0.30390143737166325
PK,5.683239885677976e-06,-0.0006075917460840771,0.03268450512612618,0.5188504337336741,-0.8466284975126356,3219500.0,3799969.8123934055,0.8673511293634497,0.6447638603696099
PKG,0.0005840361648774505,0.0004951646891414893,0.018128261692053484,0.287777232834435,-0.34998295425418974,630000.0,709933.8828880045,0.49856262833675563,0.13347022587268995
PKX,0.00016254224331580452,-0.0001645734520135888,0.025775441748672988,0.4091724527989233,-0.7247910724140649,179000.0,218098.6355884025,0.1383983572895277,0.43901437371663243
PLAB,0.0005629350701173747,0.0004984444798238837,0.03560846388179447,0.565266840001523,-0.6006653071019249,513400.0,676701.1370096646,0.43162217659137575,0.713347022587269
PLAY,-0.0010022695420296463,-0.001307016466378123,0.0503555623322816,0.7993697703601725,-0.9864466855208415,1171300.0,1882769.4144400228,0.6648870636550308,0.9063655030800821
PLCE,-0.0020264179951961178,-0.002512954207377906,0.06309679290190037,1.0016305352650432,-0.9994020057578077,479600.0,734033.2006822058,0.4106776180698152,0.9655030800821355
PLD,0.00035750364122483707,0.0009216512826401563,0.018816528287177354,0.29870312631290064,-0.5020664542585053,3058300.0,3457834.6219442864,0.8607802874743327,0.1650924024640657
PLG,-0.00012693031691022132,0.0,0.0490932301062293,0.7793308675077109,-0.9497349706108815,452200.0,888111.0289937465,0.39055441478439423,0.8981519507186858
PLMR,0.0006975907166912372,0.0012347766478149926,0.030155909620694848,0.4787102244917922,-0.7372531715974513,178400.0,219207.84536668562,0.13737166324435318,0.5687885010266941
PLNT,-0.0001856349161759311,-0.0003335274087114371,0.030620238131468726,0.48608121108866015,-0.8038170260109416,1190100.0,1456281.0687890847,0.6689938398357289,0.5815195071868583
PLOW,6.343540713567914e-05,-0.00036023074662053516,0.023035987733768925,0.36568496848972176,-0.6830367517911871,108000.0,138463.78624218307,0.016016427104722793,0.3297741273100616
PLSE,0.0006881316467182106,-0.002263927071856482,0.05843922319649091,0.9276939083382725,-0.9882802185730671,120400.0,175428.99374644685,0.03880903490759754,0.9519507186858316
PLUG,-0.00016579227624933154,-0.004566612885356529,0.05875007199644103,0.9326284800583376,-0.9984771437693925,28717200.0,42085679.24957362,0.993429158110883,0.9527720739219713
PLUS,0.0004980432103623692,0.0005115206283644192,0.024629711101048612,0.39098454262044885,-0.560756797272676,123900.0,150874.30358158043,0.0459958932238193,0.39630390143737165
PLX,0.0001471527824289311,0.0,0.04795329033254028,0.7612348846030765,-0.9431165148295709,392400.0,778226.5434906196,0.3507186858316222,0.8882956878850102
PLXS,0.0008150509858207037,0.000773653602677102,0.023143673996261126,0.3673944349107561,-0.5644993128205683,134500.0,167578.39681637293,0.06201232032854209,0.3326488706365503
PM,0.0007193493261984385,0.0013294438027672988,0.016052835175006136,0.2548308582634576,-0.3474760995740265,4688400.0,5146527.913587266,0.9121149897330596,0.06858316221765914
PML,-0.0002662023844038849,0.0,0.011000688237408667,0.17463051196042081,-0.5058293013601429,171400.0,226227.3450824332,0.12772073921971253,0.013141683778234086
PMT,-0.00010117578373982755,0.0006673216870968718,0.03152384582663146,0.5004255385536492,-0.8209349952841759,784400.0,995843.3200682206,0.557700205338809,0.6098562628336756
PNC,0.00041481730539162615,0.0007353263948633182,0.02068495112795077,0.32836341939649644,-0.5310798343473326,1932600.0,2201853.6668561683,0.7823408624229979,0.23819301848049282
PNFP,0.00035057868869838184,0.0009455078218151996,0.026113131847993656,0.4145331169369904,-0.6132336380179605,453800.0,623831.5520181921,0.3917864476386037,0.45092402464065706
PNNT,0.00015878009951194244,0.0,0.024097763177466303,0.3825401311230329,-0.7421576151713705,362400.0,440841.3871517908,0.32299794661190967,0.366735112936345
PNR,0.00026382420147455835,0.0007703103745626261,0.020500679816568165,0.3254382030144037,-0.5510080810238636,1223800.0,1442086.9812393405,0.6767967145790554,0.2295687885010267
PNW,0.000132456676614532,0.0005492893105668822,0.01589118223243097,0.2522646973549234,-0.44686862958032364,920100.0,1028191.5292779988,0.5975359342915811,0.06611909650924025
PODD,-0.00010975030745253073,0.0006207157843588116,0.027602159986698835,0.43817070583813816,-0.7421239193046133,571300.0,726743.8317225697,0.46899383983572895,0.4973305954825462
POOL,-5.391358904868335e-05,0.00032818797334796047,0.02266908590278865,0.3598605824876334,-0.7766151439443836,354100.0,440510.8015918135,0.31498973305954825,0.31211498973305957
POR,5.293928852789739e-05,0.00048052068600228635,0.01705153401929482,0.27068471092327046,-0.5148481388528293,790700.0,901538.1466742468,0.5597535934291581,0.10061601642710473
POST,2.80775249327642e-05,-0.0002824698073239817,0.016161475953260444,0.25655547715246607,-0.43451098330580373,560000.0,640967.6378624218,0.46283367556468175,0.07186858316221766
POWI,0.00011431700188785024,-0.0001509551701099634,0.029118605107087484,0.4622435258306928,-0.799721480609171,399700.0,512705.5713473564,0.3558521560574949,0.5416837782340862
POWL,0.0016089930114062975,0.0014933414179312344,0.03823215200743479,0.6069165977909479,-0.7134309063465536,285000.0,509764.5821489483,0.2548254620123203,0.7613963039014374
POWW,0.00015623815824843988,0.0,0.04427645511122259,0.702866934958858,-0.9526905689276222,605100.0,1000786.5264354747,0.48583162217659137,0.8492813141683778
PPC,1.9019938654713715e-05,0.0,0.021956520797201978,0.3485489621136845,-0.6160857350381022,828700.0,971675.2700397953,0.5687885010266941,0.28254620123203283
PPG,3.293247972966944e-05,0.0005490925509798188,0.019001867645623824,0.30164529741651036,-0.5280490859891434,1430300.0,1612903.5815804435,0.7137577002053388,0.17207392197125257
PPL,0.00016750655172421828,0.0006856308179755797,0.015654873186459018,0.24851340754574314,-0.5099999664500878,4930600.0,5615247.470153497,0.917864476386037,0.06078028747433265
PPLI,4.942489148886361e-06,0.0,0.026434975501488756,0.4196422265461453,-0.8545296531772526,921100.0,1560561.7475838545,0.5983572895277207,0.46283367556468175
PPT,5.596938343379661e-05,0.0,0.010069543401190928,0.15984904593313617,-0.33697097992679836,184500.0,217892.66628766345,0.1462012320328542,0.010677618069815195
PR,0.0009747254688410715,0.001427812753667634,0.054443510547327635,0.8642639364573058,-0.9998780833909611,8217900.0,9429433.030130757,0.9577002053388091,0.9322381930184805
PRAA,-0.0002874784631598353,0.0,0.032238871550555145,0.5117762200327453,-0.8865602776324195,251900.0,320225.5827174531,0.2213552361396304,0.6324435318275154
PRDO,0.00041158259253035493,0.0008531229877531425,0.024388177633199854,0.38715031768508784,-0.6126868529730616,463700.0,530114.894826606,0.4,0.3835728952772074
PRG,-0.0002523539438807915,-0.0002545421217847801,0.038994481072125824,0.6190181965251615,-0.927653283031586,478300.0,631187.1802160318,0.40944558521560576,0.7770020533880904
PRGO,-0.0005723069194280236,-0.0007853697880405735,0.024505389868595767,0.3890110042379171,-0.8813897634141897,1247700.0,1637651.3359863558,0.6817248459958932,0.3897330595482546
PRGS,5.036404479350761e-06,0.0004464634835803478,0.02199503299804218,0.34916032434887423,-0.6818311539066827,341800.0,470334.6219442865,0.3080082135523614,0.2837782340862423
PRI,0.000489778664300636,0.000862556406912409,0.019779651693103726,0.3139922363965808,-0.5754002505086089,145000.0,167891.69982944854,0.08295687885010267,0.1946611909650924
PRIM,0.000776879978766345,0.0012861139340463535,0.035872692700746535,0.5694613424665039,-0.8071652670798409,404200.0,569135.986355884,0.35852156057494866,0.7190965092402464
PRKS,0.00013338217117591036,0.0,0.034246117962116754,0.5436402689828582,-0.8283679408343602,866400.0,1074395.8499147242,0.5811088295687885,0.6829568788501027
PRLB,-3.239182072127437e-05,-0.00031474280570896706,0.03243389214828936,0.5148720760455846,-0.9382231202083942,199600.0,255927.7430358158,0.1589322381930185,0.6365503080082136
PRMB,0.0003390709671860883,0.0004791428040417618,0.02386445378236394,0.37883645929517834,-0.6258324729670562,1106700.0,2165452.9846503697,0.6457905544147844,0.35770020533880903
PRQR,-0.0007483940977602099,0.0,0.06287045892443252,0.998037594759299,-1.2117013230021547,328500.0,730831.495167709,0.2960985626283368,0.9646817248459959
PRSU,-0.00017161262012651787,-0.0009579023896933258,0.0356112732703659,0.5653114376625,-0.8956316803742955,132000.0,168546.8447981808,0.059548254620123205,0.7137577002053388
PRTA,5.018108818788038e-05,-0.0002135405663130563,0.0461257628547182,0.7322237852803505,-0.9796428797525466,397900.0,528741.3871517908,0.3540041067761807,0.871047227926078
PRU,0.00036308814758369284,0.001088987493234375,0.021971667906758873,0.3487894150234985,-0.6329007038570261,1733000.0,1989974.4172825469,0.7593429158110883,0.2829568788501027
PSA,0.00025479324546182915,0.0007268686800560697,0.01617188544522038,0.2567207227144691,-0.41252655560089196,769900.0,866078.908470722,0.553182751540041,0.07227926078028747
PSEC,-0.00012093501191486206,0.0,0.019410462651813034,0.3081315420564276,-0.6445600311129467,1934200.0,2509074.530983513,0.7827515400410677,0.18275154004106775
PSKY,-0.0006938776512422836,0.0,0.03651784157967713,0.5797027634200788,-0.9631865874903441,10061900.0,13303728.425241614,0.9659137577002054,0.7297741273100616
PSLV,0.0006621205526265572,0.0011481778077616382,0.0232107332179235,0.36845896705254927,-0.5837013152926729,3992100.0,8539647.242751563,0.8952772073921971,0.33552361396303904
PSMT,0.0005575559289832625,0.00045040785289575847,0.019194828528534526,0.30470845647018135,-0.4681378777067121,136700.0,163454.91756679933,0.06611909650924025,0.17782340862423
PSN,0.000144977099970475,0.0005403946026396897,0.024790453042446117,0.3935362418336219,-0.7375874305296554,521700.0,718433.3143831723,0.43860369609856265,0.40328542094455855
PSNL,3.308277568906081e-05,-0.0020916546669417033,0.05982636197165709,0.9497140537364192,-0.9946227405329852,528800.0,861744.4570778852,0.44353182751540043,0.9560574948665298
PSO,0.0004342650114719724,0.0008643327241651363,0.02047709177694806,0.3250637544939017,-0.4562246740027222,377600.0,496081.35304150084,0.33921971252566735,0.22792607802874743
PSX,0.0006657422960496334,0.0007161650207647369,0.025310949604709927,0.40179886860570646,-0.6845957931537331,2887700.0,3200951.904491188,0.8509240246406571,0.41930184804928133
PTC,0.0004084593049913102,0.0008979388946811763,0.021756427143877217,0.3453725738399664,-0.5041813290119461,732300.0,891810.5173393973,0.5396303901437371,0.2751540041067762
PTCT,0.0003172370694308761,0.0,0.03400023016433994,0.5397369212028014,-0.84058670706998,679900.0,874930.9266628766,0.5193018480492814,0.6784394250513347
PTEN,0.00022082902660937873,0.0,0.04382595571167021,0.6957154786968609,-0.9023062626065875,4927300.0,5931633.200682206,0.9174537987679672,0.8418891170431212
PTGX,0.001304427485696865,0.000977942646660439,0.05753250340325337,0.9133001778479137,-0.9953121463519591,593300.0,825828.9937464468,0.4813141683778234,0.9478439425051335
PTON,-0.0009417032787885093,-0.0015540178192809913,0.05177868413421585,0.8219611285998055,-0.9969204980086351,10235600.0,13007843.092666287,0.9675564681724846,0.9141683778234087
PTY,0.00011513165418047152,0.0007292674949828744,0.015175330157182768,0.24090089795522598,-0.5087130843983557,493800.0,630066.5719158613,0.42012320328542097,0.05010266940451746
PUK,-2.9527806684263652e-05,0.00047842779088335855,0.025588280664138475,0.4062013626901985,-0.7450674809201483,604269.0,704669.1080159182,0.48501026694045174,0.4320328542094456
PUMP,2.4854190517943462e-05,0.0,0.048389175474742155,0.7681543467218016,-0.9408896813269191,1349300.0,1815857.760090961,0.7018480492813142,0.8895277207392197
PVH,-6.940089689978493e-05,-0.0004573874877102889,0.03471905878226788,0.551147971752683,-0.7849886062374195,946300.0,1125764.4684479819,0.6061601642710472,0.6960985626283368
PWR,0.0016293057340390268,0.0016891003286228744,0.023835516422582404,0.37837709294969385,-0.4801459627466004,1011800.0,1155539.6247868107,0.6229979466119097,0.35605749486652977
PYPL,-0.0003586547806960722,0.0008003787041739123,0.02776593729842614,0.44077059006148905,-0.9207561629893969,11150100.0,13002423.93405344,0.9724845995893224,0.5014373716632443
PZG,0.0003172407087514789,0.0,0.03985628771710953,0.6326989528902605,-0.8925411607216811,128100.0,360907.8453666856,0.05174537987679671,0.7893223819301848
PZZA,-0.0004500302568934365,-0.0004018711569232408,0.028161251185538205,0.4470460034721418,-0.8964681101191773,668700.0,836780.2160318362,0.5147843942505134,0.5133470225872689
QCOM,0.0006348117955412428,0.0007552508806431663,0.026904236851993883,0.42709151954613056,-0.5103206529832942,8131500.0,9689010.517339397,0.9564681724845996,0.47761806981519506
QDEL,-0.0009777814379505485,-0.0005184486424023941,0.041820112382033675,0.6638737029818047,-0.9916026831951694,710900.0,924381.0119386015,0.5293634496919918,0.8168377823408625
QFIN,5.973439862804937e-05,-0.0007736419568377378,0.04350122509684813,0.690560539997411,-0.9264138072894119,1132600.0,1498732.518476407,0.6546201232032854,0.839835728952772
QGEN,0.00017502247776535204,0.0,0.01864469968607823,0.2959754318330822,-0.5035418229584043,1016600.0,1306473.0051165435,0.6238193018480492,0.1589322381930185
QLYS,0.00046901880064485833,0.0007227305841604561,0.02659553605817724,0.4221910463663282,-0.6891613042647875,340300.0,424886.64013644116,0.30616016427104725,0.4685831622176591
QNST,6.961952663138214e-05,-0.00021944763420607085,0.03338681727852274,0.5299992935215528,-0.793336921713112,365900.0,464883.4565093803,0.328952772073922,0.6628336755646818
QQQX,0.0004856169695167597,0.0010779319904373483,0.013987743842050324,0.2220485496536418,-0.38079933362482626,112700.0,133893.91699829447,0.02566735112936345,0.03696098562628337
QRVO,0.00025688841112013217,0.0006122311327768988,0.028498836572435172,0.45240500535201517,-0.8254484146481497,1240100.0,1492111.654349062,0.6809034907597535,0.5240246406570842
QSR,0.00014461732913304868,0.00018139155980626215,0.018737687117617426,0.29745156154652636,-0.6283458846411882,1586300.0,1993615.4064809552,0.7351129363449692,0.1626283367556468
QTRX,-0.0011184500597336753,-0.0020374372166641805,0.053906332820406265,0.8557365044056443,-0.9979683156889232,338100.0,457054.00795906765,0.30390143737166325,0.9285420944558521
QTWO,-0.0002115060936211596,-0.00025395954556297777,0.03094320567754906,0.4912081619395003,-0.9000814530663727,504400.0,608105.5144968732,0.4262833675564682,0.5926078028747434
QUAD,5.47346501010639e-05,0.0,0.04600396604855686,0.7302903209228414,-0.9686546063469368,201700.0,278385.9579306424,0.16303901437371662,0.8698151950718686
QURE,-4.255844092095784e-05,-0.002274183073780833,0.06588361561858865,1.0458699744033386,-0.9954835586574875,622400.0,1186564.4115974987,0.4948665297741273,0.975770020533881
R,0.0009820305890444238,0.0007914988048080501,0.02422452892537897,0.3845524749854611,-0.6166598789221351,388500.0,477404.9459920409,0.34784394250513345,0.373305954825462
RA,0.00010117042397885743,0.0007429887955462713,0.01552144417958934,0.24639528772658614,-0.5487116258007514,199700.0,240451.5633882888,0.1593429158110883,0.05831622176591376
RACE,0.00059793673322371,0.0011396005668406965,0.01932143401889006,0.3067182563227582,-0.42078398787387755,314100.0,388331.72256964183,0.27967145790554415,0.1806981519507187
RAIL,0.00023381777179983876,0.0,0.052003909884210664,0.8255364765398111,-0.9096283512556079,126700.0,340431.6657191586,0.05010266940451746,0.9166324435318275
RAMP,-0.00011571700801143383,6.820792284651575e-05,0.030538741498427426,0.4847874921463619,-0.8573553759014588,535700.0,677297.2143263217,0.4492813141683778,0.579876796714579
RARE,-0.0006119601335682924,-0.0004808704354285569,0.039043266498251065,0.6197926411559518,-0.9804886386155236,616600.0,959426.8334280842,0.4924024640657084,0.7790554414784394
RBA,0.0004900791558895203,0.0012440717815486039,0.020275457146395025,0.32186290396505135,-0.40811563570320414,713300.0,971382.888004548,0.5305954825462013,0.21806981519507188
RBBN,-0.000659654455088408,0.0,0.0393764723229628,0.6250821196414643,-0.9456386113268814,413200.0,549851.4496873224,0.36344969199178645,0.7827515400410677
RBC,0.0006720787158658009,0.0005214511214044333,0.026216300542156425,0.4161708691840422,-0.6277016593879075,136900.0,163983.28595793064,0.06694045174537988,0.4562628336755647
RC,-0.0009627931579331723,0.0,0.034867425882495424,0.5535032264523583,-0.9421605516219228,1009500.0,1333965.9465605458,0.62217659137577,0.702258726899384
RCEL,-0.0006707477809729163,-0.0014748998812369022,0.04859094506022304,0.7713573395937157,-0.9897242242335419,128900.0,190811.74530983513,0.05379876796714579,0.8936344969199178
RCI,-0.00011639144667665216,0.00025004359590019944,0.016446973505920507,0.2610876102980026,-0.6004115257676137,470200.0,665712.2228538942,0.40472279260780286,0.08008213552361396
RCKT,-0.0008677302241452607,-0.0007922050042662168,0.05330012238754115,0.8461132121204409,-0.9997466766668779,683900.0,1235641.8988061398,0.5203285420944559,0.9227926078028748
RCL,0.0004945906274600466,0.00016092095725921357,0.03872435996549831,0.6147301568931258,-0.9081200566617054,2997500.0,4692429.903354178,0.8570841889117043,0.7708418891170431
RCS,8.439159737679649e-06,0.0,0.0181871857575366,0.28871262337546627,-0.4771417713225929,116800.0,152558.32859579308,0.0324435318275154,0.1375770020533881
RCUS,0.0005925981736150064,-0.00043503584885268244,0.04674671587178776,0.7420811088344783,-0.9436932752015148,668700.0,853384.0250142126,0.5147843942505134,0.8767967145790554
RDN,0.00030914205270512324,0.0009100217008636364,0.025639593667654812,0.4070159313681666,-0.7106690099601345,1187600.0,1434182.4900511655,0.6685831622176591,0.43408624229979464
RDNT,0.0009078315084927282,0.0006668483672148144,0.03365068215139683,0.5341880185216559,-0.7886244667705171,371900.0,479470.21034678794,0.3347022587268994,0.6694045174537988
RDWR,0.0001049425352554684,0.0005608849515178775,0.022956881986696685,0.36442920368554704,-0.702525133770931,180800.0,245980.0454803866,0.14168377823408623,0.32566735112936346
RDY,0.0002898261936578587,0.0006351026406705197,0.016388076304381625,0.2601526462088654,-0.3686477168756325,1031500.0,1230282.9448550313,0.6291581108829569,0.07885010266940452
REAL,-0.00042652653246099136,-0.0010526793887418347,0.05768539015158409,0.9157271797369562,-0.9920580303368086,2589400.0,3037294.2012507105,0.8373716632443532,0.949075975359343
REG,0.0002005980049387249,0.0,0.020814431290566877,0.33041885325648696,-0.5771293759191835,996500.0,1105131.267765776,0.6176591375770021,0.2431211498973306
REGN,0.0005912879014165265,0.0007125679914811117,0.02038658444828913,0.32362699519313975,-0.6263472230063493,707800.0,810864.3547470154,0.528952772073922,0.22381930184804927
REI,-0.00015627468047501596,0.0,0.049903370012453444,0.7921914398219405,-0.9647789401396226,1972100.0,2564390.335417851,0.7880903490759753,0.9043121149897331
REKR,-0.0010087832206884153,-0.0028510596503048065,0.06296771646995156,0.9995815104307065,-0.9990659867252726,776100.0,1610404.8322910746,0.5560574948665298,0.9650924024640657
RELX,0.00028445819267126124,0.00060179369282361,0.01611338732855668,0.2557920939013224,-0.5142799452685588,752200.0,1088892.6662876634,0.5474332648870637,0.07022587268993839
REPL,-6.924384289772119e-05,-0.0010304560647191158,0.0765549673214731,1.215272430955766,-1.0655292156488452,466900.0,1462118.8175099487,0.40123203285420944,0.9938398357289527
RES,0.00012654495052464944,0.0,0.03886052775978668,0.6168917536147052,-0.7653482455483535,1310800.0,1489294.769755543,0.6965092402464066,0.7741273100616016
REX,0.0006955915453098595,0.0005174964303191798,0.03326589243681855,0.528079671170678,-0.6856822761792036,181200.0,220398.6355884025,0.14209445585215605,0.6591375770020534
REXR,1.6905728978675206e-05,0.0003218953820492,0.019140271811140495,0.30384239543074554,-0.6352887061081957,1305600.0,1588867.5952245593,0.6948665297741273,0.1753593429158111
REZI,0.0003609165748535552,0.0001438843087038309,0.03804694759184595,0.6039765688387932,-0.818604308463007,1160090.0,1566138.3587265492,0.6620123203285421,0.7581108829568789
RF,0.0004766392172797454,0.0008263692099774009,0.024719015686195996,0.39240220895987543,-0.6130207371861542,8389200.0,9964785.275724843,0.9585215605749486,0.40082135523613965
RGA,0.0003345478473880456,0.0007767036630861941,0.023650331984264236,0.3754373811268796,-0.6908314119494894,364700.0,437370.60830017057,0.3273100616016427,0.34661190965092403
RGEN,0.0005151120873333852,0.0012705131759758828,0.030963175468980083,0.4915251725506622,-0.8275763080100507,519300.0,618717.2825469016,0.437782340862423,0.5934291581108829
RGLD,0.0004340090327779214,0.000976764955490754,0.022574913864367153,0.3583656477229176,-0.511766958507673,462500.0,553994.2012507106,0.39835728952772076,0.3071868583162218
RGNX,-0.0008557324689053224,-0.00014217678059429026,0.045853581019315415,0.7279030325931611,-0.9805413745121221,445700.0,626214.6105741899,0.38521560574948666,0.8657084188911705
RGP,-0.0006776390285535226,0.0,0.025936053793535446,0.41172208996852894,-0.8589017272824069,209600.0,271359.067652075,0.17330595482546202,0.44353182751540043
RGR,0.00020798643799593874,0.00046057486315789287,0.020813627141551362,0.3304060877866144,-0.6854626092483964,143800.0,185494.54235361,0.07967145790554415,0.2427104722792608
RH,-0.0001760796763524817,-0.0007945010715164167,0.04037853889514626,0.6409894333242347,-0.9453341146046328,681100.0,864136.0432063673,0.519917864476386,0.7979466119096509
RHI,-8.964934023929105e-05,0.0,0.024154469978966524,0.38344032368952585,-0.8397278567885296,1029600.0,1338521.1483797613,0.6279260780287474,0.36919917864476387
RHP,0.000334929037820924,0.00011812694651047686,0.0319651160420519,0.5074304860595436,-0.8906068010847629,435200.0,530529.9033541785,0.3774127310061602,0.6234086242299794
RIG,7.324413476049396e-05,0.0,0.051596368231000334,0.8190669533600432,-0.9674944997735858,20979600.0,26049829.05059693,0.9885010266940452,0.913347022587269
RIGL,0.000569612810487541,0.0,0.055101982716066734,0.8747168580797519,-0.990236936607019,188350.0,293790.5400795907,0.14989733059548255,0.9375770020533881
RILY,-0.0005381932996466189,-0.0013950225153455888,0.05333551658678855,0.8466750776148182,-0.9942938184016662,359900.0,740109.1529277998,0.3186858316221766,0.9232032854209445
RIO,0.0006486887444975308,0.0013442386049504664,0.019938686809614317,0.31651684060466007,-0.4035862627713147,2774500.0,2984267.8226264925,0.8455852156057495,0.2020533880903491
RIOT,0.0014336226188574664,-0.0024794404192153043,0.06668031966487423,1.0585172590532819,-0.990420054825645,16599900.0,18701166.856168278,0.9839835728952772,0.9790554414784394
RITM,7.404272780355751e-05,0.0009460769157115412,0.030201639588700247,0.47943616522862353,-0.8839330012777159,4294400.0,5370577.487208641,0.9010266940451745,0.5704312114989734
RJF,0.0006527645408539291,0.0014106443358769228,0.020938527117752008,0.33238881344132315,-0.4939001023434872,1069650.0,1222162.4502558273,0.637782340862423,0.24722792607802874
RL,0.0008355610865416951,0.0007482320830681655,0.026046016856266126,0.41346769947285916,-0.535813250245503,817000.0,938705.1165434907,0.5655030800821356,0.44763860369609854
RLGT,0.0002697430165308235,0.0,0.027386510203705666,0.43474737166162836,-0.5271313422752087,129600.0,161808.5844229676,0.055441478439425054,0.49117043121149895
RLI,0.0002493190684481135,0.0005919975377975928,0.018101550100984444,0.2873531994718858,-0.45691245698675503,340600.0,439565.6623081296,0.3071868583162218,0.13264887063655031
RLJ,-0.00010057073169698055,0.0,0.03063721190233867,0.4863506613478573,-0.8105680480186828,1476600.0,1717748.6071631608,0.7199178644763861,0.5835728952772073
RLMD,-0.0005704094192200567,-0.0006391337844387889,0.08216037453260319,1.3042555118231562,-1.2618937966458494,169000.0,530283.3854462763,0.12217659137577003,0.995482546201232
RMBS,0.0011685301269399391,0.0006400023000781253,0.03403811843392622,0.5403383788363927,-0.5676218427638384,960000.0,1249458.783399659,0.6086242299794661,0.6788501026694045
RMD,0.0003198821801017695,0.0008744629716831399,0.02160817399360233,0.34301912803971096,-0.5900313728598958,692800.0,838337.0096645822,0.5240246406570842,0.2702258726899384
RMNI,-1.986797758210541e-05,0.0,0.041277625539848414,0.655261991338123,-0.9390868456617602,267800.0,353660.83001705515,0.23655030800821356,0.8069815195071869
RMT,0.0006120745350021997,0.0010952475354548674,0.015958030916037737,0.2533258873086967,-0.5012367210344513,118100.0,132300.73905628198,0.03655030800821355,0.0673511293634497
RNG,-0.0002865717581877443,-0.0008657271744897375,0.039030345932309994,0.6195875335302821,-0.9778742869718415,1233200.0,1476357.1915861284,0.6790554414784394,0.7786447638603696
RNP,0.00017816431114048439,0.0008916696833495419,0.01795615848349885,0.2850451790964039,-0.6156885924447797,106500.0,125030.81296191018,0.013141683778234086,0.12854209445585216
RNR,0.00032547361875700424,0.0007925707143961011,0.018892678947249046,0.2999119805652393,-0.4562133059247576,340100.0,397827.3450824332,0.30513347022587267,0.16673511293634496
RNST,0.00018983502600119652,-0.0005906809749247344,0.022350899413998995,0.3548095285683638,-0.5091853945568808,272200.0,388921.37578169414,0.2406570841889117,0.29527720739219715
ROAD,0.0010346470318896802,0.0015369610544965582,0.03118402563019401,0.4950310601721456,-0.5789527837344459,289600.0,356347.4133030131,0.25831622176591373,0.6
ROCK,-6.961017212400627e-05,0.00038506825233579063,0.027129356507731656,0.4306651832920183,-0.7827728343260627,178000.0,220422.79704377486,0.13634496919917866,0.4833675564681725
ROG,1.1259325787427406e-05,-7.326546965258279e-05,0.02918640633558936,0.46331983696589657,-0.8784235441628135,136400.0,186727.3450824332,0.06529774127310062,0.5433264887063655
ROK,0.000624075204932476,0.0007552897956251948,0.021687177431288045,0.3442732687327245,-0.4715962721754966,716400.0,821840.3638430927,0.5318275154004107,0.2726899383983573
ROKU,0.00022202485351787807,0.0005153554020527128,0.041990290668327684,0.6665751995262673,-0.9589369372559213,4729900.0,6579105.059693008,0.913347022587269,0.8205338809034908
ROL,0.0002130244236211383,0.0008229011877650641,0.017287509521474873,0.27443070588890245,-0.552024324690414,1600300.0,2036974.4172825469,0.737577002053388,0.11047227926078029
ROP,2.9642612030188182e-05,0.0009186345064951318,0.01615763685856295,0.2564945334134909,-0.48282260630853524,508800.0,623942.922114838,0.4299794661190965,0.07145790554414784
ROST,0.0004839172114239581,0.0007037982054448309,0.022008171024942708,0.34936888406025546,-0.568374880405475,2214700.0,2535089.1415577033,0.8135523613963039,0.2841889117043121
RPAY,-0.0007251184894358709,0.0,0.03630029217123361,0.5762492736244141,-0.9619030713528396,616200.0,825749.857873792,0.4915811088295688,0.7268993839835729
RPD,-0.000801390068040354,0.0003853917170459185,0.034365540980664896,0.5455360506302285,-0.9822292094540309,689100.0,914353.2120523024,0.5223819301848049,0.6862422997946612
RPM,0.00029148990822869866,0.00026611090305886446,0.01842667497882773,0.29251439690276737,-0.42096410474277146,587600.0,684515.7475838545,0.4767967145790554,0.14907597535934292
RQI,0.00012577331048426834,0.0008024729062314363,0.01947569912035706,0.30916713888950514,-0.6359628813091143,364000.0,440580.6708357021,0.3250513347022587,0.1868583162217659
RRC,0.0013032089570642331,0.0013833181653013598,0.03651398773587858,0.5796415855463828,-0.6374281072943118,3605800.0,4802004.945992041,0.8833675564681724,0.7293634496919917
RRGB,-0.0008586046776240991,-0.0030946945125079235,0.051527709636666204,0.8179770319641909,-0.9920327962353226,288700.0,439250.9948834565,0.2574948665297741,0.9121149897330596
RRR,0.0006581811560834664,0.0015011400519556834,0.03500366975175498,0.5556660308266661,-0.9042121336835498,598000.0,808676.2933484935,0.48254620123203285,0.7055441478439425
RRX,0.0004962149539419956,0.0005843122868054566,0.026488100783716304,0.4204855642567705,-0.567819138790193,407500.0,527362.9334849346,0.3591375770020534,0.46529774127310064
RS,0.0008462514078180302,0.0009925447554729083,0.01978752194173107,0.314117172720326,-0.42826264648207996,336500.0,382479.64752700395,0.3032854209445585,0.19507186858316222
RSG,0.000564587538159295,0.0010479303575537985,0.013428398453372755,0.21316921688105214,-0.36246349621964435,1130400.0,1243886.583285958,0.6537987679671458,0.02915811088295688
RTO,-0.0001264363110901168,0.0002565138015373677,0.022872647983448274,0.36309203033836285,-0.6227737248073658,226200.0,477199.0903922683,0.18726899383983572,0.32114989733059546
RTX,0.0005357350194792833,0.0004607817614334833,0.019539999515497782,0.31018787601797837,-0.5454487017391777,5380831.0,6388622.955088118,0.9252566735112936,0.188911704312115
RUN,-0.0004088234203181033,-0.0009479757524932963,0.055970607916636494,0.888505855659139,-0.9933736425784342,7313000.0,8721542.581011938,0.9482546201232033,0.9425051334702259
RUSHA,0.0008758290234507731,0.0004928522437160177,0.021397335130951354,0.3396721648560178,-0.45723142927854543,468000.0,562479.9374644684,0.4020533880903491,0.2620123203285421
RVLV,-2.339238149824044e-05,0.00041258943948247075,0.040611473526605046,0.6446871559636813,-0.9122459673995916,1037500.0,1201236.4411597499,0.6308008213552362,0.8008213552361396
RVT,0.00045630954179949016,0.0007079888316223379,0.01619455591045866,0.2570806051932289,-0.49717728538658795,233400.0,266388.97100625356,0.19507186858316222,0.07433264887063655
RVTY,0.0003349833846191555,0.0006219400612057554,0.02173020931363461,0.34495637868754053,-0.6823540038406835,836600.0,960076.8050028426,0.5712525667351129,0.2743326488706366
RWT,-0.00044328418417537136,0.0,0.036469726491599075,0.5789389600758917,-0.9247072206929797,1108100.0,1583985.2757248436,0.6468172484599589,0.7281314168377824
RY,0.0006617607354729868,0.0010187963340313607,0.013875078914063544,0.2202600493680497,-0.4229880042018115,874800.0,1115269.8123934052,0.5839835728952772,0.03490759753593429
RYAAY,0.000456508206102175,0.0004385507188572791,0.025092858667170412,0.3983367823021476,-0.5891433580319828,1122300.0,1317926.9056281978,0.6513347022587269,0.41232032854209444
RYAM,0.000422167649194163,0.0,0.04981941866618629,0.7908587535152287,-0.8913327595848409,525500.0,652862.8197839682,0.44209445585215607,0.9030800821355236
RYN,-1.551122513350374e-05,0.0003580402858971559,0.020149092077415814,0.3198569206835043,-0.5133595877741635,588900.0,913368.3342808414,0.47885010266940453,0.211088295687885
RYTM,0.0008517977397514551,0.0,0.04393945958737677,0.6975172968646302,-0.9464424337275751,462200.0,621285.7873791928,0.3979466119096509,0.8435318275154005
RYZ,0.0006712812146992358,0.0016397550121003365,0.03722529587682431,0.5909332522252514,-0.7218282005143605,216100.0,274564.752700398,0.17782340862423,0.7433264887063655
SA,0.0004624074991253026,-0.000496027890307282,0.03429320080847783,0.544387685997789,-0.7285116659055917,408600.0,540417.2256964184,0.3603696098562628,0.684599589322382
SABA,7.253492094222521e-05,0.0,0.011969949968343828,0.19001706493273943,-0.3306469676923995,114300.0,161929.22114837976,0.02915811088295688,0.0188911704312115
SABR,-0.0013166758131744698,-0.002174835547452173,0.05098336356323843,0.8093358059395246,-0.9956414365382402,5205800.0,6453922.569641842,0.922381930184805,0.9092402464065709
SACH,-0.00047198594278163836,0.0,0.03553406924516698,0.5640858617571629,-0.8993964274485726,193000.0,257491.52927799887,0.15318275154004107,0.7125256673511293
SAFE,-0.0007967710412760829,0.0,0.033391132868411146,0.5300678013871845,-0.938829935271945,247400.0,289490.11597498576,0.21745379876796714,0.6632443531827515
SAH,0.0005131661827870686,0.0005209459833556508,0.0322241117663789,0.5115419157227332,-0.7497595369559613,258000.0,304425.46901648666,0.22854209445585216,0.6316221765913758
SAIA,0.0006958724158303138,0.0012617468437074487,0.03211582972272245,0.5098229915689204,-0.7059080675468933,327100.0,391777.8851620239,0.29527720739219715,0.6275154004106777
SAIC,0.00030193703083879864,0.0013704226889307452,0.021600381003862867,0.3428954181627892,-0.5143065432260775,355500.0,440135.7021034679,0.315605749486653,0.2698151950718686
SAM,-0.00045420847029330674,-0.00027066348926068197,0.027276749598605283,0.43300497607254285,-0.9206700180490949,147500.0,180835.47470153496,0.08747433264887064,0.48747433264887063
SAN,0.000854811663210776,0.0016046157219481829,0.024368208743197145,0.38683332138365684,-0.6460111009060047,4754500.0,6203007.04945992,0.9137577002053389,0.38151950718685834
SANM,0.00110089716126482,0.0009364393640278781,0.028838252932820174,0.4577930730349275,-0.4832839068331227,398300.0,486088.1182490051,0.3544147843942505,0.531006160164271
SAP,0.00039664244080695577,0.0006550655008309134,0.020205655722162746,0.320754840706991,-0.565564852631998,909500.0,1198844.457077885,0.5950718685831622,0.21437371663244353
SB,0.0009791432628959806,0.0,0.03227618015748834,0.5123684758069903,-0.668778393360812,585500.0,765328.027288232,0.4757700205338809,0.6344969199178645
SBAC,-0.0001675874721787167,9.782989630068682e-05,0.019520929777145538,0.3098851533064957,-0.6257617548144206,718000.0,805853.4963047185,0.5326488706365503,0.18850102669404517
SBCF,0.0002249963336695171,-0.00031904776406277056,0.0253109659887238,0.4017991286938635,-0.5836603348078362,361400.0,457352.7003979534,0.32073921971252567,0.4197125256673511
SBGI,-0.00047272195180008173,-0.0007225025130823209,0.03541847184673298,0.5622508099463885,-0.8633667055198961,518400.0,728328.3683911313,0.43655030800821354,0.7108829568788501
SBH,7.227895276191032e-05,-0.0005857163937724067,0.033683676833239654,0.5347117928581188,-0.8264332765253304,1471700.0,1669397.9533826038,0.7190965092402464,0.6698151950718686
SBLK,0.0009734538279736285,0.0010065534918640463,0.03110520241966907,0.49377978049661353,-0.7051204399774177,1281200.0,1481741.7851051735,0.6882956878850103,0.5967145790554415
SBRA,0.00023521002461116938,0.0007077135146301185,0.02581762423545094,0.4098420790171037,-0.7984086074724319,2022100.0,2234682.0352473,0.7942505133470226,0.4394250513347023
SBS,0.000539419928309351,0.0,0.028204802838227704,0.4477373645253554,-0.7214297628658001,6413500.0,8003497.271176805,0.9355236139630391,0.5145790554414784
SBSI,0.00011710070095393997,-0.00025967929470913884,0.02012882980719938,0.3195352671155626,-0.4277075180247313,101800.0,119392.32518476406,0.0053388090349075976,0.20985626283367556
SBSW,0.0005289050630716606,0.0,0.042003202104861775,0.6667801622270941,-0.9085438297065811,4163600.0,4964075.724843661,0.8973305954825462,0.8209445585215606
SBUX,0.00011991890800278715,-4.2999274850555096e-05,0.02055044613256041,0.32622821878910374,-0.4599490821420004,7230500.0,8505708.98237635,0.9470225872689938,0.23039014373716632
SCCO,0.0012159745170958211,0.0015525029912762363,0.026051522681373274,0.4135551017368336,-0.4938634741038318,1128891.0,1271598.05059693,0.653388090349076,0.4480492813141684
SCHL,1.1611342024097276e-05,0.000581421357613191,0.02703107271708705,0.4291049764842921,-0.749872945636341,179300.0,236171.8590108016,0.13880903490759752,0.4792607802874743
SCHW,0.0005584629843686912,0.0005614378615794579,0.022595436353452382,0.35869143213733895,-0.5532172985412211,8118100.0,9859008.357021034,0.95564681724846,0.30882956878850104
SCI,0.00035401993777564074,0.00039683942549443814,0.017522685926421745,0.2781640155792203,-0.3685306782047783,899100.0,1012775.8385446277,0.5901437371663244,0.11704312114989733
SCM,9.731308372279761e-05,0.0013941837961647407,0.02683832676088118,0.42604522928628763,-0.7471015597988294,106100.0,129849.85787379193,0.01273100616016427,0.47515400410677616
SCSC,0.0003672257988339674,0.00037548243534753055,0.027476935351986205,0.43618282638932704,-0.6595533748211588,130600.0,159535.81580443433,0.05708418891170431,0.49322381930184805
SD,0.0007977116427963135,0.0006876062847755536,0.04444862733656579,0.705600084304442,-0.9049569956172541,362700.0,483021.8874360432,0.32361396303901435,0.8513347022587269
SE,0.0006372829564597141,0.0009434403722435947,0.039587881346050235,0.6284381338414912,-0.9555992407738286,4317800.0,5252961.5122228535,0.9018480492813141,0.7864476386036962
SEDG,-0.0005460734653199315,-0.001025796483254093,0.05263467191246995,0.8355495133192317,-0.9910559922868684,1540200.0,2313331.3814667426,0.728952772073922,0.9203285420944558
SEI,0.0010968334161990938,0.0008557576630708473,0.04249586891317764,0.6746010053512123,-0.7289222238584782,331200.0,846849.857873792,0.2973305954825462,0.8299794661190965
SEIC,0.00038175963722918165,0.00047821107625993547,0.01714125262380258,0.27210894961629023,-0.4947563143811495,549300.0,633459.5793064241,0.4566735112936345,0.10431211498973306
SENS,-0.00039994172308441083,-0.003154589057134359,0.060524058648512825,0.9607896451215179,-0.99443842924055,224800.0,450566.2194428653,0.1864476386036961,0.9585215605749486
SF,0.0006443578499796923,0.0010820589294221364,0.023555184543365727,0.37392696232786954,-0.5604755330698519,891900.0,1027759.1245025583,0.5880903490759753,0.34496919917864477
SFBS,0.0005883698273203306,0.0005348066544685458,0.02478603088088795,0.39346604219518033,-0.6064423000388841,355800.0,424456.0545764639,0.3162217659137577,0.4028747433264887
SFIX,-0.0012281724979297918,-0.0014696103087054068,0.05369138948633827,0.8523243847581543,-0.9978181075934182,2085300.0,2601204.206935759,0.8004106776180698,0.9268993839835729
SFL,0.00028425048530540057,0.0,0.024151519125539384,0.38339348034358417,-0.65244903263726,874500.0,1011680.5571347356,0.5835728952772073,0.368788501026694
SFM,0.0006703839789560472,0.0011121688704687975,0.02575716295149627,0.4088822858893534,-0.7104725995105813,1659200.0,1909328.027288232,0.746611909650924,0.4381930184804928
SFNC,9.645239560902917e-05,-0.000511848674186966,0.023171646447162002,0.3678384838026242,-0.5911456504749178,545300.0,702989.823763502,0.45462012320328543,0.33347022587268993
SGI,0.0007295291635257199,-0.00025988269974307063,0.030831019429289508,0.48942726045900353,-0.7953356381819524,2024200.0,2423930.3013075613,0.7950718685831623,0.588911704312115
SGRY,0.00038643561195028203,-0.0003052190418707054,0.04162069388445034,0.6607080324732149,-0.9184099562728717,655300.0,886102.8993746447,0.5090349075975359,0.8114989733059548
SHAK,-0.00032018003874652144,-0.00035843825537170337,0.03502533772833905,0.5560099992913987,-0.8150686274974512,913100.0,1159227.515633883,0.5958932238193019,0.7059548254620123
SHEN,-0.0002768646450957781,0.00042882936205810164,0.02796562168408291,0.4439404814123923,-0.8368980029746603,183300.0,241043.49061967028,0.14476386036960986,0.5080082135523614
SHG,0.0005718034280720866,0.0005379380759113392,0.020992513594375053,0.3332458221891543,-0.5777767457856858,130800.0,157921.3189312109,0.05790554414784394,0.24845995893223818
SHIP,-0.000713732413420777,0.0,0.05521272111270247,0.876474775628257,-0.9984648428078838,215300.0,369324.0494599204,0.17741273100616017,0.9388090349075975
SHO,-1.1624855741129415e-05,0.0,0.02329778841011153,0.3698409253857481,-0.6051170961722385,2129700.0,2576344.457077885,0.8041067761806981,0.3375770020533881
SHOE,-5.660065770037407e-05,-0.0014252969727567206,0.03428051167315554,0.5441862522192976,-0.8228604250066722,315300.0,382960.3752131893,0.28213552361396305,0.6841889117043121
SHOO,0.00020927105715895378,0.0,0.028261306538029034,0.4486343329523316,-0.7175566259070042,751600.0,901231.8931210915,0.5470225872689939,0.5162217659137577
SHOP,0.0008609333432482402,0.001073375502015695,0.040331115957359026,0.640236617525284,-0.8989819510066548,12161900.0,16530276.520750426,0.9765913757700205,0.7971252566735113
SHW,0.0003699549129122541,0.00022587675944999095,0.018218226246606045,0.2892053758633757,-0.45425782552739163,1460400.0,1610476.8618533257,0.7162217659137577,0.13921971252566734
SIBN,-1.5278535676027995e-06,-0.0005568848666539063,0.0345850673160215,0.549020923167726,-0.8475006565769511,288600.0,353714.55372370663,0.2570841889117043,0.6936344969199179
SID,-0.0003636962105272967,0.0,0.03780588030560784,0.6001497443070776,-0.9368144266978287,3037800.0,3518944.513928368,0.8591375770020534,0.7523613963039014
SIG,0.0010751902523662505,0.001138109230360555,0.043498352800422184,0.6905149437052026,-0.8622420335799988,878300.0,1204719.8976691302,0.5852156057494866,0.8394250513347022
SIGA,6.011200018212654e-06,0.0,0.039260071181133165,0.6232343087998333,-0.9215876017883415,379700.0,1170582.7743035816,0.3412731006160164,0.7819301848049282
SIGI,0.00013308960633220677,0.0008567032124078505,0.02010600396453237,0.31917291809658827,-0.48942276846877125,284100.0,338475.0994883457,0.2537987679671458,0.2086242299794661
SIMO,0.0012957271045964012,0.0004895758523911198,0.031952351797675145,0.5072278599617763,-0.6790726035748684,350300.0,477851.84764070495,0.3117043121149897,0.6225872689938399
SIRI,-0.0003848786030589269,0.0,0.026447614956248235,0.4198428716701515,-0.8202836909152866,2177050.0,2885948.504832291,0.8102669404517454,0.4636550308008214
SITE,0.00011581082160443324,0.0,0.028351046006389026,0.4500589028487378,-0.7712013479768854,318500.0,404528.8800454804,0.2862422997946612,0.5195071868583162
SJM,0.0001922466805048436,0.00022514864398246557,0.016208845306282183,0.2573074423196353,-0.4415505824989479,1008200.0,1172419.2154633314,0.6205338809034907,0.07515400410677618
SJT,0.00040945639985789386,0.0,0.032929879448470485,0.5227456303439383,-0.8637324184593745,236900.0,353131.0972143263,0.1995893223819302,0.6509240246406571
SKM,0.00044013321189502285,0.0008248322340159784,0.018836466550577663,0.29901963643209095,-0.4045044148653082,310800.0,516550.28766344517,0.27597535934291584,0.16591375770020533
SKT,0.0006355565749590253,0.0,0.029887226193027503,0.474445007305719,-0.79118974526173,892700.0,1559765.5486071631,0.5885010266940451,0.5601642710472279
SKY,0.0006122249543954142,0.0007902993599498364,0.032626125820147026,0.5179236909816737,-0.7023392268784381,425300.0,508650.0284252416,0.37084188911704313,0.6422997946611909
SKYW,0.00032194166479509637,-4.836856808351366e-05,0.037135366339575114,0.5895056650787683,-0.9212550069704933,371300.0,448600.7959067652,0.33408624229979467,0.7392197125256673
SLAB,0.0003774608045939049,0.0,0.030142412567227186,0.4784959654103467,-0.7126856250839742,308900.0,380978.0557134736,0.27474332648870636,0.5683778234086242
SLB,0.00032522179977701826,0.00033895041450225736,0.029137992534391043,0.46255129169793213,-0.7375012365515354,11890400.0,13350776.122797044,0.9745379876796715,0.5429158110882957
SLF,0.0004873735646178538,0.000937349486194674,0.015570798706790798,0.24717876655688753,-0.532893708555515,522700.0,656370.6651506538,0.43901437371663243,0.05913757700205339
SLG,-2.1479874201197352e-05,0.00041912460632211957,0.03070499055322435,0.48742661407451515,-0.841504729936497,1017400.0,1252326.1097214327,0.6246406570841889,0.5860369609856263
SLGN,0.00016773338148009498,0.0004306315634181703,0.01680214435137861,0.2667257726781388,-0.4193342762493912,493900.0,618112.9619101762,0.42053388090349075,0.09322381930184805
SLI,0.0006570033798033267,-0.0026420807356632107,0.05299997435481758,0.8413485098138899,-0.9713837596464309,901700.0,1317688.6867538374,0.5919917864476386,0.9211498973305955
SLM,0.0006215700030127081,0.0006990351623076276,0.02471336984968696,0.3923125840838004,-0.5301438709562969,2450000.0,2979502.956225128,0.8299794661190965,0.4004106776180698
SLP,-0.00033748480202623664,0.0005129666239439645,0.032483594806100864,0.5156610812779937,-0.9361041729097013,143700.0,211944.28652643546,0.07864476386036962,0.6373716632443532
SLRC,7.8966638729571e-05,0.0006523998652545042,0.021700949130333238,0.3444918876775509,-0.6913394743594015,172100.0,212588.00454803865,0.12895277207392197,0.27351129363449694
SLS,0.0003299571042303253,0.0,0.07176491340969206,1.1392326824527774,-0.9991731173285706,430600.0,1864440.8493462193,0.3749486652977413,0.9876796714579056
SM,0.0007459915813541301,0.0007491149649656277,0.05510808249636094,0.8748136890900154,-0.9942863852890876,2407300.0,3245620.2956225127,0.8271047227926078,0.9379876796714579
SMCI,0.001782611624253031,0.0011514669139860863,0.05004470166955276,0.7944350103243332,-0.9438892834355965,15696000.0,28332444.968732234,0.9823408624229979,0.9051334702258726
SMFG,0.0007825341448291016,0.0012030583121229856,0.01848817566160021,0.2934906899752273,-0.40729007466529865,1559000.0,1934137.6350198977,0.7314168377823409,0.15195071868583163
SMG,-0.00025441478250455985,-0.0001738930568844347,0.029098367849208252,0.4619222693212948,-0.8643994288345775,599100.0,684895.3951108585,0.4833675564681725,0.5408624229979466
SMMT,0.001379879531751879,0.0,0.07625751443553508,1.2105505127780634,-0.985649795869485,996800.0,2147695.1677089254,0.6180698151950719,0.993429158110883
SMP,-2.0704452071748786e-05,0.00020561155301885875,0.021387300824394665,0.33951287517764994,-0.6714076761903274,112400.0,133438.37407617964,0.024229979466119097,0.26078028747433263
SMPL,-0.0006251191082758719,0.0,0.025121650153580317,0.3987938329796466,-0.8428545373966417,753400.0,1036069.6986924389,0.5478439425051335,0.4135523613963039
SMTC,0.0007344900965348179,0.0012093171306632156,0.04004471348406488,0.6356901192100233,-0.8955719952513145,922400.0,1355595.281409892,0.5987679671457905,0.793429158110883
SNA,0.0005986530231068193,0.0005975663392108709,0.01801721664954721,0.28601444743364585,-0.4685262661540225,315300.0,368853.7805571347,0.28213552361396305,0.12895277207392197
SNAP,-0.0006502374940433939,0.0,0.04756311867986006,0.7550411016333628,-0.991346136941609,26051600.0,34485783.740761794,0.9917864476386037,0.8833675564681724
SND,0.00040533526033879235,0.0,0.045900085357098684,0.7286412660691228,-0.8680447813825297,169300.0,234735.30415008529,0.12340862422997946,0.86652977412731
SNDL,-0.0019675864445852583,-0.005540855353239875,0.0653756937616672,1.0378069648901291,-0.9994097428618276,2622060.0,6859781.984081864,0.839835728952772,0.9728952772073922
SNDR,0.00031170063163919216,0.0007037055086579578,0.01973015028137782,0.3132064258467406,-0.4198648441376549,617700.0,710493.6327458783,0.4940451745379877,0.19260780287474333
SNDX,0.00047833226186399223,0.0,0.042217884726971064,0.6701881432005448,-0.85351690468086,789700.0,1120306.4241046049,0.5585215605749486,0.8242299794661191
SNEX,0.0011708394436607422,0.0012105922255976652,0.02595028757043378,0.4119480441718699,-0.4631002408770532,408375.0,555985.1529277998,0.35975359342915814,0.44435318275154007
SNN,-0.00023851815480087292,0.00046285921356568416,0.019086944248024016,0.30299584661055773,-0.62248892963603,679300.0,832515.3496304719,0.5186858316221766,0.17453798767967146
SNPS,0.0006296709753113316,0.0012606697419114167,0.02615932284265699,0.4152663762451298,-0.5824469565507822,933900.0,1189840.193291643,0.6016427104722792,0.4525667351129363
SNX,0.0009146545466995127,0.0012947081410779509,0.022356303462883087,0.35489531518488465,-0.5871869029678606,483000.0,592741.8988061398,0.41190965092402465,0.2960985626283368
SNY,9.207481254076875e-05,0.0001946186711361075,0.016142240381121213,0.25625012191122737,-0.3461018953619827,1866800.0,2217729.6191017623,0.7774127310061602,0.07063655030800821
SO,0.00031768093850791237,0.00046092821912606147,0.015244241239217833,0.24199482746907292,-0.4156594994898059,4303700.0,4722855.144968732,0.9014373716632443,0.05297741273100616
SON,5.7294866053238785e-05,0.0004748761811227515,0.018505499117360703,0.2937656913099702,-0.4185617605296892,516000.0,643902.6719727118,0.433264887063655,0.1535934291581109
SONO,0.00017183549582602673,0.0,0.0336479041646127,0.5341439193485985,-0.8936919159379628,1800900.0,2362628.8800454806,0.7671457905544148,0.6689938398357289
SONY,0.0004104053588800969,0.0003074381603594496,0.018586689557141045,0.29505454958493876,-0.526152611999044,3910500.0,4539742.410460489,0.8924024640657084,0.15605749486652978
SPB,0.00039974395573267766,0.00034687613504493094,0.026408557521103413,0.4192228541087041,-0.6705995383836535,383000.0,463596.7595224559,0.34435318275154003,0.4620123203285421
SPCE,-0.0023887324003882622,-0.004504548516505473,0.06164967895512484,0.9786583135333959,-0.9998728547668686,775480.0,2727259.6247868105,0.5548254620123203,0.9626283367556469
SPG,0.0003735014168277544,0.0007277130344999326,0.02692599866245661,0.4274369775775079,-0.7724812135962993,1695600.0,2417342.637862422,0.7540041067761807,0.4784394250513347
SPGI,0.0003235765344563743,0.0009582229500383265,0.01820337770135357,0.28896966251496087,-0.4180877752103268,1391435.0,1604225.2450255826,0.7080082135523614,0.13880903490759752
SPH,0.00011656426521694775,0.0004812796965072063,0.020412027049597836,0.3240308839677562,-0.5944049671668636,201100.0,262273.0528709494,0.16180698151950718,0.22505133470225872
SPNT,0.0005286565915118337,0.0009061560786347653,0.022901209318633396,0.3635454274784336,-0.7078804581832315,478000.0,568336.4411597499,0.4086242299794661,0.3219712525667351
SPOK,0.0002576547677128804,0.0,0.023315628175393295,0.3701241228800479,-0.5378586312437863,114300.0,147545.42353610005,0.02915811088295688,0.3383983572895277
SPOT,0.0008413637851890523,0.0011083171791884871,0.030588135124851583,0.4855715916575816,-0.8548000494544872,1561800.0,1918466.7993177942,0.7322381930184805,0.5806981519507187
SPRO,-0.0012352705294899975,-0.002094322599061566,0.06252520899050634,0.9925569219673182,-1.0023424485745323,191800.0,766923.4792495737,0.1515400410677618,0.9638603696098562
SPSC,0.00030978383484478185,0.0007102240382027441,0.0256219500650738,0.4067358478602029,-0.8109068015104606,185700.0,267820.80727686186,0.14743326488706365,0.4328542094455852
SPWH,-0.0008392617496561591,-0.0007502982828080837,0.04483257767235162,0.7116951069301763,-0.9861825286813964,510100.0,779099.2040932348,0.43039014373716633,0.8566735112936344
SPXC,0.0008238389740869826,0.0008146575660971414,0.02494577479504126,0.3960018982170146,-0.5372666832261637,215200.0,277356.16827743035,0.17700205338809036,0.4082135523613963
SQM,0.0006522149806124773,0.00016821351226210167,0.031922713125894495,0.5067573606334451,-0.7828876724181117,1167400.0,1327156.1114269472,0.6640657084188911,0.6205338809034907
SR,9.461352791545034e-05,0.0006077198156199552,0.016929903855187917,0.2687538919263654,-0.4537868803571359,320600.0,366004.09323479247,0.2874743326488706,0.09609856262833676
SRE,0.00016983099539589173,0.0007079898398151737,0.01745340121703253,0.27706415491500086,-0.4758806860043927,2908000.0,3272703.1836270606,0.8521560574948666,0.11457905544147844
SRG,-0.0017989738781923079,-0.0024783879083350455,0.04666082511304768,0.7407176353092089,-0.9946481865715305,314900.0,531219.4997157475,0.28090349075975357,0.875564681724846
SRI,-0.0008451613362949361,0.0,0.03481459377048228,0.5526645426746077,-0.9519016541619694,140100.0,181265.71915861286,0.07166324435318275,0.6997946611909651
SRPT,-0.0007741384034330754,-0.00033628271307402884,0.046675928490787985,0.7409573939979563,-0.9910324231854416,1030600.0,2020620.2387720295,0.628747433264887,0.8763860369609856
SRRK,0.0009187783441552078,0.0,0.06459384437242728,1.0253954906103098,-0.9697170680090887,417400.0,822225.9806708357,0.3655030800821355,0.9691991786447639
SSB,0.00028295304822007665,-0.0006080218219507355,0.024013180159311812,0.3811974173359767,-0.5623919488518229,414700.0,519911.1426947129,0.36386036960985624,0.3626283367556468
SSD,0.0005733971066262623,0.0008660966160989146,0.022052148899281355,0.3500670111723913,-0.47237091320300584,208600.0,245820.8641273451,0.17248459958932238,0.2862422997946612
SSL,-6.0045034213569856e-05,0.0,0.044673470719841964,0.7091693623609648,-0.970930498326236,586400.0,994918.0784536669,0.47638603696098564,0.8529774127310061
SSNC,0.00029142188193681724,0.000745312727446491,0.018040605162744246,0.2863857285703753,-0.5046218369053738,1216400.0,1398193.1210915293,0.6747433264887064,0.1297741273100616
SSP,-0.000722531835374515,-0.000688704655904131,0.05082647578844902,0.80684528972449,-0.9826168866162686,478667.0,698112.7862421831,0.40985626283367554,0.9088295687885011
SSRM,0.0005109194233272805,0.0,0.03797549482504914,0.6028422913302021,-0.9400416006073017,1892000.0,2278163.3882888006,0.7798767967145791,0.75564681724846
SSTK,-0.001097225788519454,-0.00021453843707693748,0.03267365971240409,0.5186782681282285,-0.9810097983316763,314400.0,409683.34280841384,0.2804928131416838,0.6439425051334702
SSYS,-0.0005423021663728798,-0.002352889645427067,0.03747269161079124,0.5948605377502201,-0.9432623898609289,650900.0,860181.125639568,0.5075975359342916,0.7453798767967146
ST,-5.6783915938675717e-05,0.0,0.024536228298213884,0.38950054913147697,-0.7715357178488911,1215700.0,1429360.6026151222,0.6743326488706366,0.39137577002053386
STAA,-0.00016016429846822428,-0.00029344951554782415,0.03811320370796494,0.6050283520753204,-0.9565005070558664,557700.0,735749.857873792,0.46036960985626285,0.7593429158110883
STAG,0.0002835282124363144,0.0005360639074261783,0.018379533792732997,0.29176605377327564,-0.500479439760065,1106700.0,1271245.0824332007,0.6457905544147844,0.14661190965092402
STBA,0.0003323147414811524,-0.0002369755965119111,0.02191662671370409,0.34791566317137496,-0.6268109620988384,141300.0,166590.39226833428,0.07474332648870637,0.2817248459958932
STC,0.00037415941690938423,0.0004938110294615051,0.022387559993828254,0.3553914972312497,-0.5634446275369643,164500.0,191636.3274587834,0.11560574948665298,0.29774127310061604
STE,0.00024393273980089826,0.0004074227944215616,0.017419829916670498,0.2765312270433189,-0.3820496218051106,490100.0,564830.1876065946,0.4162217659137577,0.11252566735112936
STGW,0.0005859500885697695,0.0,0.04323358116891065,0.6863118243579766,-0.7933434399946329,446300.0,738485.2188743604,0.3864476386036961,0.8373716632443532
STIM,-0.0006545829243879142,-0.0022446255440683365,0.06515598384014781,1.0343191780126462,-0.9986430147399827,248400.0,664101.1370096646,0.2184804928131417,0.9716632443531827
STLA,-0.00031902911521226564,0.0,0.027502747079410923,0.43659257485937575,-0.8692852342497961,5514300.0,8144980.10233087,0.9273100616016428,0.4940451745379877
STLD,0.001263118155456314,0.0010067228894808315,0.02649343515773134,0.4205702448190345,-0.5893606008926351,1508200.0,1738217.3962478682,0.7252566735112936,0.46570841889117043
STM,0.000594920940142677,0.0010300425573944406,0.030378603120182018,0.4822453742011946,-0.7398948015321981,3463400.0,4431191.984081864,0.8792607802874743,0.5749486652977412
STNE,-0.0006555376135680573,0.0,0.04166482343213065,0.6614085673250061,-0.9676393744528096,4340300.0,5004036.2706083,0.9034907597535934,0.8127310061601642
STNG,0.0006784920273725731,0.0008027479781779788,0.034480907140297556,0.5473674316388321,-0.8444142681992008,1034200.0,1209595.4519613418,0.6303901437371663,0.6891170431211499
STOK,8.414114212023358e-05,0.0,0.04918159242750391,0.7807335758718769,-0.9792706858543859,253700.0,453916.0886867538,0.22340862422997945,0.8985626283367556
STRA,-0.0002273717601287182,0.000711224689088792,0.0245539119669657,0.38978126867018426,-0.7678372412408041,141800.0,177605.17339397385,0.07597535934291581,0.3921971252566735
STRL,0.002087222225297372,0.0022124567261646725,0.036781301303298,0.5838850568751746,-0.6282338071912368,280900.0,355487.20864127344,0.2509240246406571,0.7363449691991787
STT,0.0007636295285592491,0.0017000015912139147,0.02244086215871586,0.35623764286705345,-0.521285545476651,2058000.0,2347723.9340534396,0.7983572895277208,0.3002053388090349
STWD,7.746198506687983e-05,0.0005416423595312745,0.02224001168014692,0.35304924036504315,-0.6980227431830451,2293300.0,2759459.6930073905,0.8180698151950718,0.29281314168377826
STX,0.001745260404331255,0.0022407484182061788,0.028797443424131243,0.45714524216822167,-0.6020283464514651,2535000.0,2977700.6253553154,0.8344969199178645,0.5301848049281315
STXS,-0.000630726114928949,0.0,0.04417169370403641,0.7012038991763871,-0.9594440237754794,244600.0,346668.10687890847,0.21396303901437372,0.8472279260780288
STZ,-0.00026809707933430217,0.00010633273811189005,0.018223931396794412,0.28929594231491984,-0.6042745265254713,1198300.0,1472709.437180216,0.6706365503080082,0.14004106776180697
SU,0.0005888039156930886,0.0006027296130788447,0.026247514870228895,0.41666638128057265,-0.7363023768310051,4784100.0,5627182.888004548,0.9145790554414784,0.4570841889117043
SUI,-4.676709257172991e-05,0.00037123864244711187,0.018430693512640813,0.2925781891493945,-0.5223946484425025,648000.0,759000.0,0.5055441478439425,0.14948665297741273
SUN,0.0008171597783605249,0.0016623488639160352,0.021463919203767914,0.3407291542437204,-0.6815450639186095,331900.0,418413.4735645253,0.29876796714579057,0.26406570841889115
SUPN,0.0002495518351592349,0.00013662254361131903,0.026857016930232614,0.42634192652668107,-0.5699245773001778,438900.0,531049.2893689596,0.380082135523614,0.4759753593429158
SUPV,0.0005495470657397933,-0.0007787154020327933,0.04539584774090113,0.7206367420642662,-0.8388918384741764,638700.0,869621.83058556,0.5014373716632443,0.8616016427104722
SUZ,0.00011513633555376995,-0.000959796951406019,0.023878379458990136,0.37905752255832564,-0.6019086896794567,1186800.0,1450698.9198408187,0.6677618069815195,0.3581108829568789
SVC,-0.001517367142083228,-0.0017454685568716094,0.04157570514719866,0.6599938584098143,-0.9863826629369039,242300.0,431974.7583854463,0.21026694045174538,0.811088295687885
SVM,0.0005852619456799924,0.0,0.03995212635219577,0.6342203440568409,-0.8454860102474241,1592900.0,2523154.349061967,0.7363449691991787,0.790965092402464
SVRA,0.0003267779468233567,0.0,0.053739804456202314,0.853092948578112,-0.965220543355567,499300.0,1006719.4428652644,0.4234086242299795,0.9273100616016428
SWBI,0.00078314966025583,0.0,0.03375264495403288,0.5358066278341808,-0.8462396093670811,655600.0,1088144.0631040365,0.5096509240246406,0.6714579055441479
SWK,-0.00012883847605693987,-0.00023294297120467572,0.02587357262838353,0.4107302322208238,-0.7791342832843204,1429100.0,1630997.6691301877,0.713347022587269,0.4414784394250513
SWKS,0.00015645911517675769,0.000702910192750675,0.027986462842022483,0.44427132453804863,-0.8023955606593057,2053500.0,2522275.440591245,0.7979466119096509,0.5096509240246406
SWX,8.193028415919605e-05,0.00014240385120911837,0.018909125684118493,0.3001730644190498,-0.4751459321042983,373000.0,447958.66969869245,0.3361396303901437,0.16714579055441478
SXC,0.0004145483258105319,0.0012107143695230345,0.03455877075837699,0.5486034782565393,-0.7123033729129885,786300.0,947966.3445139284,0.5581108829568788,0.6928131416837783
SXT,0.00045346919586138263,-0.00012180743320991581,0.019757928032280974,0.3136473839719633,-0.5109088837359174,221900.0,280949.0051165435,0.18316221765913757,0.1942505133470226
SY,-0.0007010898336884499,0.0,0.04994347733927906,0.7928281238971335,-0.9882697707975892,326700.0,531548.3229107447,0.2944558521560575,0.9047227926078029
SYF,0.0005360529901316247,0.0010972009889116592,0.0277033432889785,0.43977694096612374,-0.7031476957193341,4474300.0,5085794.144400228,0.9067761806981519,0.5006160164271047
SYK,0.00017319057872641503,0.0006523000811395577,0.01862106310147177,0.29560021268481246,-0.4622065746527085,1308800.0,1500228.5957930642,0.6956878850102669,0.15728952772073923
SYNA,0.0005462306964208286,-0.00011205286880765816,0.03396389424516001,0.5391601063679472,-0.9098111580483498,434900.0,524949.7441728255,0.37700205338809034,0.6776180698151951
SYY,0.00010367414707937472,0.0002474270296017005,0.02162887576151232,0.34334775841724624,-0.6678204334667375,2620700.0,3037648.891415577,0.8394250513347022,0.2706365503080082
T,0.00021109131741935296,0.0005974042310757659,0.016249601546277463,0.2579544275720448,-0.47490679888410897,40172500.0,45756849.1881751,0.9958932238193019,0.07638603696098563
TAC,0.00039206771276752535,0.0,0.023964443961044916,0.380423754173211,-0.5874548342402035,408900.0,712583.7976122797,0.3613963039014374,0.3613963039014374
TAK,7.042318753800982e-05,0.0005841868379246592,0.014241544694706527,0.22607751328562856,-0.4623604782249487,1983800.0,2285507.2768618534,0.7907597535934292,0.03942505133470226
TAL,-0.0006143963716844495,0.0,0.054398650080396335,0.8635517986221151,-1.043088895621057,5039400.0,7558011.768050028,0.9195071868583162,0.9318275154004106
TALO,-0.00014521438064890528,0.0,0.04189253840404302,0.6650234304379232,-0.9474274182938693,1288400.0,1515717.1688459353,0.6924024640657084,0.8197125256673511
TAP,-0.00015198241420792276,0.00043269299418498475,0.01904742671528811,0.3023685252262814,-0.4887279172403195,1860600.0,2155895.1108584423,0.7757700205338809,0.17330595482546202
TBBK,0.0009243340170742062,0.0011740253802150935,0.034861115568612384,0.5534030533249826,-0.7801635825058213,381400.0,459280.89823763503,0.3425051334702259,0.7010266940451746
TBCH,0.0001072928066992037,-0.0007037980788808464,0.03866011812168304,0.6137103492381291,-0.8877250306855758,274800.0,355331.77942012507,0.2433264887063655,0.7696098562628336
TBI,-0.00046235026224922314,0.0,0.033707215381587406,0.5350854557290285,-0.9472096301931389,196800.0,254085.27572484367,0.15605749486652978,0.6706365503080082
TCBI,0.0003218302912077584,0.0005444633652239774,0.02847366858386303,0.45200547591944557,-0.7407452261558535,419200.0,521190.7333712337,0.3675564681724846,0.5223819301848049
TCMD,-0.0003667880238407793,0.0,0.037163117236573756,0.5899461969114727,-0.952201174591383,203000.0,264840.6480955088,0.1650924024640657,0.7416837782340863
TCOM,0.0001618493658492893,0.0,0.029892380634636784,0.4745268315295923,-0.6741985872981744,3843200.0,4535265.32120523,0.8907597535934292,0.5609856262833676
TCPC,-0.00016739204545404603,0.0006928922975615759,0.025944637112720232,0.41185834593644755,-0.7529748578366655,323200.0,442392.3820352473,0.291170431211499,0.4439425051334702
TD,0.0005847005524803934,0.000937313718990525,0.015486633959276122,0.24584269261039327,-0.44175191274284276,1788200.0,2135885.844229676,0.7663244353182751,0.056673511293634495
TDAY,-0.00015443310284489448,-0.0006238446507036413,0.053362075679353756,0.8470966901386686,-0.9775832831784441,1307400.0,1732729.9602046618,0.6952772073921971,0.9240246406570842
TDC,-5.1636206426671436e-05,-0.00010470542877786236,0.032214336644449296,0.5113867404727669,-0.7696960337612698,933800.0,1277967.026719727,0.6010266940451745,0.6308008213552362
TDG,0.000559966499450336,0.0013676809712878514,0.023423576434317934,0.3718377483655099,-0.6605230540320854,270300.0,328553.43945423537,0.23860369609856263,0.3412731006160164
TDOC,-0.0013770019471141845,-0.0010272527967487783,0.04133005786221475,0.6560943286519804,-0.9951868607967282,3955000.0,4706697.043774872,0.893223819301848,0.8073921971252567
TDS,0.00031100783744893477,0.0005108942018841522,0.03386939929813237,0.537660045588023,-0.8176271479231325,907400.0,1199491.6998294485,0.5938398357289528,0.6747433264887064
TDW,0.000955319159322402,0.0015124644713200418,0.03829493575003683,0.6079132588067653,-0.8355508014347195,515800.0,592695.1677089256,0.4328542094455852,0.764271047227926
TDY,0.00037266335576529897,0.0012668652073893687,0.018985758144545794,0.3013895670149236,-0.5250631564279566,242600.0,278473.8487777146,0.21088295687885011,0.17166324435318275
TEAM,0.00021707769467138645,0.000991698306371589,0.036724401889801445,0.5829818066880307,-0.9449523749124352,1756500.0,2340017.851051734,0.762217659137577,0.7347022587268994
TECH,0.00022193523505179095,-0.00010455178622382569,0.02409860692653116,0.3825535252242002,-0.7719923889774981,958000.0,1358833.3143831722,0.6073921971252567,0.36714579055441476
TECK,0.0008541856840491653,0.0002340527291129498,0.032912063209915514,0.5224628063248479,-0.7016160159371687,3686400.0,4215028.936895964,0.8858316221765914,0.6505133470225872
TEI,0.0002182931978857108,0.0,0.012669421998881276,0.20112083918382423,-0.4421913436049367,151500.0,181781.92154633315,0.09281314168377823,0.024229979466119097
TEL,0.0005504567901390111,0.0010282459685292946,0.019895797176334547,0.3158359887837739,-0.4927894800651524,1595800.0,1763186.6969869244,0.7367556468172485,0.20041067761806983
TEN,0.0008062451467556982,0.0,0.03391135744868994,0.5383261105791083,-0.7949116737031264,214000.0,257605.66230812963,0.17494866529774128,0.6763860369609856
TENB,0.00020174752445821186,0.0006928732193372874,0.03031632259579177,0.4812567015268389,-0.8302689377189271,896000.0,1267817.3393973848,0.588911704312115,0.573305954825462
TEO,0.00037529992549535044,-0.00037865313962709895,0.03310326495860828,0.5254980399885384,-0.7177928757872196,165100.0,219090.0511654349,0.11663244353182751,0.6570841889117043
TER,0.0011001764045940714,0.0014555632479151827,0.032887808492874204,0.5220777746283787,-0.7146055292643398,1886300.0,2290863.7293916997,0.7786447638603696,0.6492813141683779
TEVA,0.0010184780532044543,0.0,0.028636024108940113,0.4545827899794332,-0.6398096536055746,8703100.0,10489936.554860717,0.9601642710472279,0.526488706365503
TEX,0.0005023060333354225,0.0,0.030623447718731905,0.4861321617069173,-0.6525305077650202,749400.0,882710.2899374645,0.546611909650924,0.5819301848049281
TFC,0.00012021774231762111,0.00059969038114503,0.024085761366854103,0.3823496082860587,-0.6390873508120086,6804400.0,7736715.292779989,0.9408624229979466,0.3655030800821355
TFIN,0.0003774093924290254,0.00014331841879042367,0.03066080352263901,0.48672516670989585,-0.760532836851149,155800.0,186020.52302444572,0.09815195071868583,0.5852156057494866
TFSL,0.00025768296296460125,0.0005039506663811475,0.017161148501209297,0.2724247868786918,-0.4740311331050373,264800.0,341678.5105173394,0.2349075975359343,0.10595482546201232
TFX,-0.0005570269349522899,-0.0002610147032373858,0.022364399572483436,0.35502383694042255,-0.8259552927955535,327400.0,424407.5611142695,0.29568788501026694,0.29650924024640657
TG,-0.00029496504122531033,0.0,0.02997000922833892,0.47575914725097346,-0.8272891857871962,114200.0,150029.78965321206,0.028336755646817247,0.5642710472279261
TGB,0.0017318102426457141,0.0,0.04212760392201749,0.6687549798521254,-0.7440533483070018,1866000.0,3158661.512222854,0.7770020533880904,0.82217659137577
TGLS,0.0009021882829681665,0.0007777137879073871,0.03861650904451828,0.6130180765996311,-0.7753768892242645,238800.0,300664.35474701534,0.2020533880903491,0.768788501026694
TGS,0.0006588193734152986,0.0,0.034449240828964715,0.5468647445304794,-0.6776928208693224,183600.0,249708.30017055146,0.14537987679671457,0.6878850102669405
TGT,0.00033268426152628357,0.0004816763346443678,0.02238684956982844,0.3553802195998762,-0.7388143000474242,3967700.0,4927105.45764639,0.8948665297741273,0.2973305954825462
TGTX,0.0013469160550311937,0.0008743415719950623,0.05432555221703232,0.8623914060151269,-0.9814973593450129,2079000.0,2782142.3536100057,0.8,0.9310061601642711
TH,0.0006529651600002619,-0.0006688223164809042,0.05186783773437773,0.823376398126892,-0.9433217284934097,352000.0,559544.0022740193,0.313347022587269,0.915400410677618
THC,0.0014117136799059037,0.0015787049227037409,0.03486518074526067,0.553467586003664,-0.7481656637131666,1128800.0,1359669.5281409891,0.6529774127310062,0.7018480492813142
THG,0.000371973126384774,0.0006260245507197824,0.016770793684611245,0.2662280962719238,-0.4286661700255949,192100.0,215501.47811256396,0.15195071868583163,0.09075975359342915
THM,0.0009386285567071976,0.0,0.05061245005227826,0.8034477364920379,-0.938615626758308,156400.0,374259.9772598067,0.09938398357289528,0.9071868583162218
THO,0.0002906325812858281,0.0004057576175002424,0.030120334776962153,0.47814549135511203,-0.684466058484966,622900.0,741220.6367254122,0.4952772073921971,0.5675564681724846
THQ,0.00038530567736088435,0.0008585752044271814,0.014012543456349336,0.22244223132591484,-0.41790110900921623,111400.0,132591.13132461626,0.022587268993839837,0.03737166324435318
THRM,-8.479303997536059e-05,-0.0002200401364413256,0.026560774846574885,0.4216392292393014,-0.8235944581429517,169200.0,206730.98351335985,0.12279260780287474,0.46776180698151953
THW,0.00040855046735783894,0.0007419365148132646,0.014289604412886084,0.22684043765992631,-0.4005175237175948,114300.0,135159.63615690733,0.02915811088295688,0.03983572895277208
TIGO,0.00046983184842954996,0.0011877661733051231,0.02651362253712395,0.42089070953200425,-0.8501723410257741,104800.0,357583.0017055145,0.010677618069815195,0.46652977412731006
TIGR,4.0647835876599665e-05,-0.0024601416642122944,0.053362634158058586,0.8471055557132617,-0.9824982975288572,1891500.0,3827199.545196134,0.7794661190965092,0.924435318275154
TILE,0.0005543318255462278,0.0,0.032223738542985644,0.5115359909850411,-0.8064484090793775,331500.0,402033.996588971,0.29815195071868583,0.631211498973306
TIMB,0.000322381450531873,0.001177614448339358,0.02299214979025374,0.3649890627105437,-0.5884371003103338,458800.0,565148.5503126776,0.3942505133470226,0.3273100616016427
TITN,0.0002693404812699893,0.0,0.03382989360584856,0.5370329121650966,-0.7979925323538875,166600.0,204418.9312109153,0.11909650924024641,0.6731006160164271
TJX,0.0005390589485789813,0.00042727724248654755,0.018080657721833,0.28702154323469864,-0.4561622597421646,5282500.0,6027570.210346788,0.9240246406570842,0.13182751540041068
TK,0.0008354793067132207,0.0,0.033586216564842966,0.5331646590607954,-0.7931406141405464,608100.0,753866.2876634451,0.48829568788501027,0.6669404517453799
TKC,0.0001151646676765874,0.0,0.023673867030544273,0.3758109884041878,-0.6399915878908348,458300.0,712921.8874360432,0.39383983572895276,0.34784394250513345
TKO,0.0005912226505248212,0.0006784723483378781,0.023652572875506133,0.37547295417252674,-0.6218396923195401,803300.0,1042376.6344513928,0.5626283367556468,0.3470225872689938
TKR,0.0006348811409946978,0.0004937881718111877,0.024191187495401098,0.38402319619300074,-0.6145412310368686,532700.0,604783.2291074474,0.4455852156057495,0.3704312114989733
TLK,-0.0002512512402899921,0.0,0.018755676906178454,0.2977371405865531,-0.579831952168659,279900.0,380415.06537805573,0.24989733059548255,0.16386036960985625
TLRY,-0.0023716414722891686,-0.006122510735556728,0.065712076153641,1.0431468698176314,-0.9997057663686751,2046990.0,2903996.554860716,0.7971252566735113,0.9753593429158111
TLSA,-3.411592344365661e-05,0.0,0.06740992843806917,1.0700994392627505,-0.9923418946355337,145600.0,399572.739056282,0.08459958932238193,0.9811088295687885
TLYS,-0.0003161712233485242,-0.001250810547690078,0.04324033110088455,0.6864189762061937,-0.9770692655493219,175800.0,300039.51108584425,0.13326488706365502,0.837782340862423
TM,0.0002796765456703227,0.0004937918546422685,0.016552445361955232,0.26276192410630833,-0.38546812824397636,260600.0,294905.5713473564,0.23121149897330595,0.08213552361396304
TMDX,0.0007368943257186402,-0.0007420511191724781,0.04412863490611054,0.7005203619499958,-0.7831438364189333,455300.0,654962.5923820352,0.39260780287474334,0.8459958932238193
TME,-0.00022307268612186125,-0.0008740317742325143,0.035698967843920654,0.5667035458602344,-0.9275809872412061,8215500.0,10661607.73166572,0.9572895277207393,0.7158110882956878
TMO,0.0004975194038510639,0.0005671814347361105,0.018137792639273023,0.28792853193104573,-0.4784315504930428,1531400.0,1718045.9920409324,0.7281314168377824,0.13429158110882958
TMQ,0.0003665284769699415,0.0,0.05537114806132685,0.8789897254704425,-0.9415511071381525,218600.0,1128065.036952814,0.1809034907597536,0.9396303901437372
TMUS,0.0004491154844521917,0.0009948479991672941,0.017488137032729195,0.27761556889452293,-0.4304402886778789,4273100.0,4850074.758385446,0.9002053388090349,0.11540041067761807
TNDM,-0.0007713901897979494,-0.0013768397366928646,0.0407290383370382,0.6465534394717127,-0.9742303765916589,1095300.0,1347554.1785105173,0.6427104722792608,0.8024640657084189
TNET,4.128112766600798e-05,0.0002860065990779138,0.026843161938871738,0.42612198535733414,-0.7826651205166455,290700.0,361925.7532689028,0.25913757700205337,0.475564681724846
TNK,0.0013383676088528757,0.0003457599735888692,0.03464338197901981,0.5499466397442184,-0.7534748832963275,412900.0,524096.19101762364,0.3630390143737166,0.6952772073921971
TNL,0.00034548721832891377,0.0006242489329615641,0.029905972620560554,0.47474259761705906,-0.7374300284656151,645900.0,738671.7453098352,0.5051334702258727,0.5618069815195071
TOL,0.0007395165012049048,0.0011762439301760256,0.028768601339501373,0.4566873882688818,-0.7623269930796522,1400800.0,1637477.4872086414,0.7092402464065708,0.5293634496919918
TOON,-0.0014329601750221043,-0.004456573920657464,0.0681506635213971,1.081858244169949,-0.9994346480729659,237700.0,881294.4741330302,0.20041067761806983,0.9835728952772074
TOWN,0.00029950576213901107,-0.0002785090189134599,0.02085770747587343,0.33110584140056304,-0.5232498602458795,195200.0,246711.19954519614,0.15441478439425052,0.24435318275154005
TPB,0.0005803284022122591,0.0003421043358313376,0.02909740358994246,0.4619069621799948,-0.7278698063364315,166200.0,215979.76122797045,0.11827515400410678,0.5404517453798768
TPC,0.0010025841667297751,0.0007253970012605344,0.04530689869262991,0.719224719697777,-0.9307323361794381,366600.0,469997.3848777715,0.3301848049281314,0.859958932238193
TPL,0.000956147079853249,0.0016760424071989746,0.03209833929087442,0.5095453395709624,-0.6603222536708508,287800.0,355745.7077885162,0.25667351129363447,0.626694045174538
TPR,0.0009424358289694349,0.001406761106977258,0.03072109198472109,0.48768221637547027,-0.69002703280418,3416700.0,3921389.1984081864,0.8767967145790554,0.5864476386036961
TPVG,-0.00015106581371150646,0.0010834475791971206,0.039249218539843346,0.623062028460307,-0.8886179469893224,222200.0,282493.5190449119,0.184394250513347,0.7815195071868584
TR,0.0001562506522013295,0.00030681886440430415,0.017495942391875886,0.27773947512969704,-0.3891569556109396,138329.0,190322.5531552018,0.06940451745379876,0.11663244353182751
TREE,-0.0014415461968893223,-0.0009766635469235028,0.04467589206633316,0.7092078000448867,-0.9899029447337906,217400.0,266635.5315520182,0.17967145790554415,0.8533880903490759
TREX,4.590441890295837e-06,0.0007171861224147586,0.031276415804243014,0.49649770871686344,-0.8751737479867603,1056000.0,1280269.6418419557,0.635728952772074,0.604517453798768
TRGP,0.0012088411322890183,0.0025606298362314647,0.036055941042653,0.5723703197116006,-0.9552405386565656,1577900.0,1990254.2353610005,0.7338809034907597,0.7219712525667351
TRI,0.00029553862732180434,0.0005772974212442095,0.017818972158993557,0.28286741370888385,-0.6619660536754249,418200.0,690954.1432632178,0.36632443531827513,0.12402464065708418
TRIP,-0.000789486676842967,-0.0006417249470186594,0.03641063438252403,0.5780009019255385,-0.9420808412135852,2296100.0,2820632.973280273,0.8184804928131417,0.7273100616016427
TRLV,0.00022300460233234685,-0.002367840284226102,0.049707707603501544,0.7890853953718772,-0.9830158571431715,315500.0,469162.19442865264,0.2837782340862423,0.9014373716632443
TRMB,0.00022750216662477597,0.0009702408085105721,0.022947056619032225,0.36427323080926743,-0.632153647258446,1203600.0,1463142.467310972,0.6714579055441479,0.3240246406570842
TRMK,0.0002914612967984978,-0.000341448986518771,0.020965946738466964,0.3328240864260561,-0.5357435032347754,253200.0,304841.2166003411,0.22217659137577003,0.24763860369609855
TRN,0.00034859033510061346,0.0011090996368238288,0.02430181518560163,0.3857793563313293,-0.4560683617231655,590800.0,723601.4212620808,0.47967145790554416,0.37905544147843945
TRNO,0.00024697443911488644,0.0006532678823391607,0.017040347766862404,0.27050713467103665,-0.41744633977930784,472700.0,570986.4127345083,0.40616016427104723,0.10020533880903491
TROW,0.00013370631834767294,0.0008888242935328611,0.020586621089410853,0.3268024784261923,-0.6512512099800031,1288300.0,1488360.318362706,0.6919917864476386,0.23326488706365503
TROX,-0.0002674611557990998,0.0,0.04178576750062115,0.6633284948916515,-0.9393769355429192,1278500.0,1785850.2558271745,0.6874743326488706,0.8160164271047228
TRP,0.00026321934258748987,0.0011042967828658727,0.01757594459155748,0.27900947067787085,-0.46083202491972974,1818700.0,2180002.444570779,0.7708418891170431,0.1186858316221766
TRS,0.00015071217644075453,0.0007607677132267043,0.021288468440084016,0.33794395971545665,-0.5582036079271078,168200.0,241935.07674815235,0.12114989733059549,0.25585215605749484
TRTX,-0.00011825085027921962,0.000494112072763346,0.038253810806833065,0.6072604205723724,-0.9324441387853185,416600.0,567559.9204093235,0.36468172484599587,0.7626283367556468
TRU,-7.270524490859297e-05,0.0,0.024659539646812754,0.3914580561048246,-0.7069690363905684,1407200.0,1654423.6498010233,0.7104722792607803,0.3979466119096509
TRUP,-5.875190249669081e-05,-0.0002647315309382927,0.044172457170288115,0.7012160188274056,-0.9598090376585051,439700.0,551678.6242183058,0.3813141683778234,0.8476386036960986
TRV,0.0005923750562750647,0.0012860468884736036,0.01752309924466012,0.2781705768028467,-0.48673084778049336,1281900.0,1419092.325184764,0.6891170431211499,0.11745379876796715
TRVI,0.0007012729917782366,0.0,0.05840717557967804,0.9271851681930775,-0.9760246323865349,164400.0,722860.0909607732,0.11498973305954825,0.9515400410677618
TRX,0.00023063996695279421,0.0,0.041341970287108835,0.6562834325346694,-0.8796119719409649,459400.0,1263120.2387720295,0.39609856262833676,0.8078028747433265
TS,0.000676611489795265,0.00048803318008406444,0.02456037447439986,0.3898838577952844,-0.6669625512168131,1773400.0,1988832.74587834,0.764681724845996,0.39260780287474334
TSCO,0.00040530748130389836,0.000958083187583074,0.01922516964241513,0.305190106721154,-0.5471664809794093,5468800.0,6223392.77998863,0.9268993839835729,0.17946611909650925
TSEM,0.0014112925953482286,0.00016648229386101118,0.030384154012281495,0.48233349188149327,-0.5725525167956458,545600.0,833951.108584423,0.4550308008213552,0.5757700205338809
TSLA,0.001783839879445034,0.0016603176846100255,0.04027788613025637,0.6393916202162164,-0.798812593931173,95168400.0,114420123.76350199,0.9995893223819302,0.7958932238193018
TSLX,0.00035811404578207326,0.0013037619736139489,0.015594317653930915,0.24755211826827245,-0.5306246568374859,340300.0,427681.8078453667,0.30616016427104725,0.059548254620123205
TSM,0.001363435332768683,0.0010554504930190638,0.024290314273735316,0.3855967850154369,-0.6002521778746561,10577500.0,11888501.193860147,0.968788501026694,0.3782340862422998
TSN,-0.0001828824110182502,-0.0001433364913803059,0.018631800609101506,0.2957706653341461,-0.5698898595071756,2389400.0,2668397.8965321206,0.8254620123203286,0.15811088295687886
TT,0.0009386284594961364,0.0014214606764196172,0.018937002878109836,0.30061560115435815,-0.42463492304119244,1208000.0,1354837.8521887437,0.6735112936344969,0.16960985626283367
TTC,0.0002218448432079869,0.0006633456644220589,0.018386819738282864,0.2918817145732211,-0.5085000709321772,558900.0,653612.4502558272,0.46160164271047227,0.14743326488706365
TTD,-0.0002466643812693871,0.00119496052958575,0.0436166928601255,0.6923935339138716,-0.9692993372815207,6289500.0,9786909.664582148,0.9338809034907598,0.8406570841889117
TTE,0.0005523465925275693,0.0013384171587218,0.020191925856172237,0.32053688584132023,-0.5938709215493485,1684200.0,1981054.349061967,0.7507186858316222,0.21273100616016427
TTEC,-0.0020192200982560573,-0.0005989191625620017,0.041725584582561516,0.6623731206854916,-0.9971660074077481,178200.0,285064.6389994315,0.13675564681724847,0.8147843942505133
TTEK,0.00040808848466678406,0.0006260757942856974,0.021866338516917914,0.3471173627959064,-0.5255787652859937,1483300.0,1794477.6009096077,0.7219712525667351,0.28008213552361394
TTGT,-0.0010309624692422226,0.0,0.0356567164707118,0.5660328261038649,-0.9867154511309478,204000.0,263571.6884593519,0.16632443531827515,0.7141683778234086
TTI,0.0005913178594614437,0.0,0.05120149624232355,0.8127985548695775,-0.9460059075932964,1238000.0,1718036.725412166,0.6796714579055442,0.9104722792607803
TTMI,0.0013339289394584297,0.0006983135298508239,0.0312835059311135,0.4966102609916427,-0.5638803578965883,845800.0,1162169.0733371233,0.5745379876796715,0.6049281314168378
TTWO,0.00026343412283599105,0.0008934482893432297,0.021276110870397134,0.33774778937825284,-0.6151429377095068,1489200.0,1805677.7146105743,0.7232032854209446,0.25544147843942505
TU,-0.00021158776896249901,0.0005190470110952527,0.014299298651325197,0.22699432892428664,-0.6360714331609195,1665900.0,2412383.911313246,0.7486652977412731,0.0406570841889117
TUSK,0.00010218463743525353,-0.0026738006065299977,0.05697651094536969,0.9044740712015872,-0.9479407130623241,120700.0,217508.07276861853,0.03963039014373717,0.946611909650924
TV,-0.0006514855625022395,-0.0009262254925919855,0.031600796933160424,0.5016470994995705,-0.9232058082341915,1362100.0,1791404.206935759,0.7030800821355236,0.6114989733059548
TVTX,0.000914441983361902,0.0010310007698902798,0.040396026010209904,0.641267032669873,-0.9274711874731306,911600.0,1173105.45764639,0.5954825462012321,0.7987679671457906
TW,0.0005840429419183909,0.0011756383276846278,0.018937175222123074,0.300618337030752,-0.5066100890526121,831200.0,960689.08470722,0.5694045174537987,0.1700205338809035
TWI,0.0005283191769266439,0.0,0.041543269041225794,0.659478951190393,-0.8255946382278289,423100.0,535297.8965321205,0.36960985626283366,0.8102669404517454
TWLO,0.0005182292451555053,0.0012786683208005788,0.0382382713039989,0.6070137386123916,-0.9438782500457956,2533600.0,3112029.505400796,0.8340862422997947,0.7618069815195072
TWST,0.0011467718453701775,0.0004540061022704717,0.049288571647862475,0.7824318183469989,-0.9773428835948288,866800.0,1007206.7652075043,0.5815195071868583,0.8993839835728953
TX,0.0008291466544803323,0.000986831925549091,0.0244880225835587,0.3887353071349784,-0.6029550216672117,268400.0,371745.8783399659,0.23696098562628337,0.3885010266940452
TXG,0.00030668172652307954,-0.00016235861251160495,0.04231885131702517,0.6717909381286009,-0.9866825147909405,1141800.0,1544023.2518476406,0.6574948665297742,0.8262833675564681
TXN,0.0005519064630829481,0.0005605957103718699,0.021529478930180833,0.34176988263638053,-0.3625748720348368,5120400.0,5737403.467879477,0.9207392197125257,0.2669404517453799
TXNM,0.00018962545896644988,8.430347812733354e-05,0.014661864276331859,0.2327498797905366,-0.503350963314621,662400.0,873621.5463331438,0.5117043121149897,0.0459958932238193
TXRH,0.0007069309905782913,0.00038525376543400346,0.024232627141956203,0.3846810301882201,-0.6017394442175453,855700.0,981591.9272313814,0.5774127310061602,0.37453798767967145
TXT,0.0002432255501206197,0.0004805625041957671,0.022840603323646666,0.3625833371342665,-0.6107257071784961,1218200.0,1361973.223422399,0.6751540041067762,0.31991786447638604
TYL,0.00012099050096888902,0.0004059572360259122,0.020562358456331385,0.326417321066513,-0.6113945323389859,239600.0,316806.70835702104,0.20349075975359343,0.23162217659137577
UAA,-0.0008514091357049463,0.0,0.034568532484362355,0.5487584408524836,-0.9290251833699188,7079500.0,8369721.603183627,0.9441478439425052,0.6932238193018481
UAL,0.00014429654175484718,-0.00020294293026495457,0.03711465580103042,0.5891768954717235,-0.8524395832774119,8199600.0,12179440.13644116,0.9568788501026694,0.7388090349075975
UAMY,0.0011853787757518431,0.0,0.06470614699025742,1.0271782394004703,-0.9549273973171979,547200.0,3222095.963615691,0.45564681724845996,0.9700205338809035
UBER,0.00044985473773098813,0.0,0.031293228260218804,0.4967645981815044,-0.7346374133543151,19820800.0,23724442.63786242,0.9880903490759754,0.6053388090349076
UBS,0.0009730724562561527,0.0012857889741126017,0.020638274143757955,0.32762244524374834,-0.4563466554561998,2389900.0,2873705.002842524,0.8258726899383984,0.23655030800821356
UBSI,0.00028309152915555956,-0.00028001170465688963,0.02212902799586182,0.35128742899581866,-0.5422478584676648,570000.0,687068.7890847073,0.46776180698151953,0.28829568788501025
UCB,0.00023285404585429958,0.0,0.02419687050540662,0.38411341118003817,-0.5701205581677615,535000.0,612916.2023877203,0.4486652977412731,0.37166324435318276
UCTT,0.0009272560923829173,0.0008119371005512275,0.0408312345917934,0.6481757547217395,-0.850277715576316,391200.0,516782.2626492325,0.34989733059548256,0.8036960985626284
UDR,-5.010665796203556e-05,0.00021399766827601748,0.01795188852421768,0.2849773955942058,-0.4774667223973281,2074500.0,2372904.434337692,0.7991786447638604,0.12813141683778234
UE,0.0001636109853437132,0.00047818843547364667,0.024560831650524563,0.38989111524127235,-0.6999141473391255,815100.0,942956.9073337123,0.5650924024640657,0.3930184804928131
UEC,0.0012925097357061493,0.0,0.04940440328406063,0.784270588567003,-0.7494793281232236,6741100.0,7697429.5054007955,0.9388090349075975,0.9006160164271048
UFPI,0.00043388427223566386,-0.00011763501290189457,0.02347096691342674,0.37259004889891456,-0.4871120948309541,297900.0,350010.40363843093,0.264476386036961,0.3425051334702259
UGI,-1.2501980642780029e-05,0.00037968619825194227,0.020266230600395632,0.3217164370880044,-0.6375911756149805,1425200.0,1667002.3877202957,0.7125256673511293,0.21724845995893224
UGP,0.00038414099245720067,0.0,0.032617903480352956,0.5177931653839326,-0.8170712605247127,1373700.0,1683249.6873223423,0.7055441478439425,0.6418891170431211
UHAL,0.00025701174893103435,0.0005385141925580608,0.020460571046326134,0.3248014960256854,-0.546816382827675,245700.0,319543.03581580444,0.21498973305954824,0.22628336755646816
UHS,0.0001319627164900891,0.0010705963992029236,0.024015752534173707,0.3812382525209571,-0.5811389920202054,629900.0,712180.6139852189,0.49815195071868584,0.3630390143737166
UIS,-0.0006651466519649417,-0.0002406793934895913,0.04370841387902671,0.693849559949932,-0.9834346141466088,517200.0,647940.1364411598,0.4344969199178645,0.8410677618069815
UL,8.730979801014523e-05,0.0002047673846359936,0.014484902171179717,0.22994069346024643,-0.3140171703110712,1951025.0,2268071.2404775443,0.7848049281314169,0.042299794661190965
ULTA,0.0004755450683506314,0.0004464376649992837,0.02526220731792226,0.4010251087906699,-0.6050342220024705,727300.0,874555.088118249,0.5375770020533881,0.4172484599589322
UMBF,0.000489945894816598,0.0001450099945554679,0.023271475939087533,0.3694232278574935,-0.5469755359795304,276800.0,361665.8328595793,0.2459958932238193,0.33675564681724846
UMC,0.001582923159877896,0.0,0.028476585267727155,0.4520517768403904,-0.5858461043067199,7186300.0,7953696.986924388,0.946611909650924,0.5227926078028747
UMH,0.0002479695687817455,0.0005229429358312842,0.02062029717681019,0.32733706974052224,-0.5076797714501595,299100.0,365994.82660602615,0.2657084188911704,0.2353182751540041
UNFI,0.0007857169911368002,0.0006825056155599907,0.041764785410520165,0.66299541453729,-0.8909547555293816,658200.0,920636.8959636157,0.5108829568788501,0.815605749486653
UNH,0.0003865315477757273,0.0007449630949574278,0.021536431273872045,0.3418802476709965,-0.6570745092690669,3377300.0,5069078.33996589,0.8751540041067761,0.2673511293634497
UNIT,3.234843253674345e-05,-0.0007727836388291877,0.03597077977552337,0.5710184265066397,-0.8429709585143146,1241264.0,1552266.6321773734,0.6813141683778234,0.7211498973305955
UNM,0.0007969813447370681,0.0017642400714641745,0.026142709850590674,0.4150026531718888,-0.7069074744007143,1498000.0,1851292.2114837975,0.724435318275154,0.4513347022587269
UNP,0.0003798070483713937,0.000804224353230036,0.016656417204286046,0.26441242593527164,-0.4147179252415081,2687500.0,3006325.582717453,0.842299794661191,0.08583162217659138
UPBD,-7.596937846443682e-05,0.0,0.031369478095806945,0.49797502679635913,-0.8258936565611666,561600.0,654664.2978965321,0.464476386036961,0.606570841889117
UPS,3.5083203468282705e-05,0.0003214055236233854,0.019174531591196895,0.30438625257875157,-0.6385301231714632,3553300.0,4306012.222853894,0.8813141683778234,0.17659137577002054
UPWK,-0.00028791366554403264,-0.0014882292576802398,0.04062150499456576,0.6448464005807351,-0.9520624468180008,1758900.0,2234128.311540648,0.7630390143737167,0.8016427104722793
URBN,0.0006291649573635839,0.0,0.032829682711380516,0.5211550564528171,-0.638306466847521,1666000.0,1913033.4280841388,0.7490759753593429,0.6480492813141684
URG,0.0003696532508747139,0.0,0.044077579894710825,0.6997098887699125,-0.866433503413176,2372800.0,3665762.1375781693,0.8234086242299795,0.8455852156057495
URGN,0.00028418829243924984,-0.0010716260692153594,0.0508223979218511,0.8067805555991033,-0.9826024982862125,216700.0,468035.92950540077,0.1782340862422998,0.9084188911704312
URI,0.0012190654857426283,0.00139445152589601,0.027598875998855365,0.4381185741472839,-0.6240241499390994,656100.0,772226.549175668,0.5104722792607803,0.49691991786447637
USA,0.0003533104909090843,0.001240893370446573,0.016142465373352458,0.25625369355217215,-0.5055252910675626,817300.0,953701.1938601478,0.5659137577002054,0.07104722792607802
USAC,0.000678622537752716,0.001113868882974479,0.0309752409526509,0.49171670616610635,-0.8556350270613469,205400.0,280086.2421830586,0.16878850102669404,0.5938398357289528
USAS,-0.000209036326601845,0.0,0.048561265540629894,0.7708861918264637,-0.9827655148096957,324840.0,1056420.4434337693,0.29281314168377826,0.8924024640657084
USB,0.00020338662703413217,0.00023617258561584573,0.02184026636320513,0.3467034801866991,-0.5957466326895463,7678300.0,8909490.108015917,0.9523613963039015,0.2788501026694045
USFD,0.0004753018373981027,0.00025984857175574,0.027683926956516513,0.4394687162437196,-0.8058418281700953,1811400.0,2181986.583285958,0.7696098562628336,0.4997946611909651
UTF,0.0002260161952156089,0.000700476810940398,0.01678787132630074,0.266499195429263,-0.5647481329247626,196600.0,242844.57077885163,0.15503080082135523,0.0919917864476386
UTG,0.00024493737710188,0.0012497301520520035,0.015447937059894556,0.2452283983767558,-0.5169016167337537,229200.0,252677.20295622514,0.1921971252566735,0.05503080082135524
UTHR,0.0009983540868737319,0.000546375256486728,0.02182933551949741,0.34652995842227463,-0.3639580128752463,382900.0,455679.5906765208,0.3437371663244353,0.27761806981519505
UTI,0.0007596104476211051,0.0013609698460971258,0.03504331726500154,0.5562954155875813,-0.6664083275168061,237100.0,411018.30585559976,0.2,0.706776180698152
UUUU,0.0009903772093335281,0.0,0.04741299151614995,0.7526579067920883,-0.8410055311030696,3094600.0,5130759.181353042,0.8620123203285421,0.8821355236139631
UVE,0.0003753665432801542,0.0,0.027683873425544143,0.4394678664658776,-0.7692178001457749,177400.0,212454.6901648664,0.1349075975359343,0.49938398357289526
UVV,9.759363558171901e-05,0.0,0.017111877066003315,0.27164262709292625,-0.34522450608038924,137100.0,168718.19215463332,0.0675564681724846,0.1026694045174538
V,0.0004482151151987873,0.0011189616788600636,0.016571490504886873,0.2630642563775932,-0.38869394918204064,6641500.0,7553059.693007391,0.9371663244353182,0.08295687885010267
VAC,9.630882271723189e-05,-0.00026377217734059344,0.03369099682026749,0.534827994049774,-0.8484290114656436,386900.0,458345.7077885162,0.3470225872689938,0.6702258726899384
VALE,0.0004669447574068896,0.0005591997870092083,0.02502303549076883,0.3972283737391045,-0.5797099542398653,26895400.0,29658589.880613986,0.9926078028747434,0.4106776180698152
VC,7.288034291292506e-05,-0.0006603101987378442,0.027305753418651928,0.4334653974420286,-0.670908715181655,289700.0,339605.7418988061,0.2587268993839836,0.4887063655030801
VCEL,0.0005564450455610271,0.0006083806648695036,0.03475865644018174,0.551776565084727,-0.8058567246346774,424200.0,509263.55884025013,0.3704312114989733,0.6981519507186859
VCTR,0.0011858373104512766,0.001535615944954807,0.024115341127944247,0.38281917243617003,-0.4875523489089435,243600.0,304351.50653780554,0.21273100616016427,0.3679671457905544
VCYT,0.0003473178343884866,0.0,0.041836570419495483,0.6641349662269574,-0.8952440248066043,700700.0,816251.9613416714,0.5252566735112937,0.817659137577002
VECO,0.0007972179635866593,0.0,0.033470811050113576,0.5313326533093992,-0.6711156711065941,448500.0,593200.6253553155,0.3882956878850103,0.664476386036961
VEEV,0.00033912400809146944,0.00032280253909964244,0.025093873727130744,0.3983528958794727,-0.6856684966852288,998000.0,1227046.674246731,0.6193018480492813,0.4127310061601643
VERI,-0.0006102603468368288,-0.002134521387213854,0.06657280482684909,1.0568105139112984,-0.999299874782864,585300.0,1289148.3797612279,0.47515400410677616,0.9782340862422998
VERU,-0.0012042713268197983,-0.0017140501067106888,0.07021131309914602,1.1145700421017923,-0.9998022026311767,105220.0,357374.4229675952,0.01108829568788501,0.9860369609856263
VET,-9.514503479019579e-05,0.0,0.04214447284330185,0.6690227656757514,-0.9328706334363945,1450300.0,1714794.1444002273,0.7145790554414785,0.8225872689938398
VFC,-0.0009164619966749324,0.00028242845927925654,0.032904126870216974,0.5223368208378731,-0.9442854138375956,4869400.0,5580583.62706083,0.9158110882956879,0.6496919917864477
VFF,-0.0006011024912293593,-0.0023646903957054025,0.05079748394488012,0.8063850584756945,-0.9928643908303489,704600.0,1104206.935758954,0.5268993839835729,0.9080082135523614
VGM,3.652106439052709e-05,0.0,0.008911556177587033,0.14146656864285986,-0.3772062544962861,125700.0,150751.1654349062,0.04887063655030801,0.004928131416837783
VGZ,0.000709512638246836,0.0,0.04264263439541199,0.6769308351534556,-0.8650746415096854,301500.0,589991.3587265492,0.2683778234086242,0.8312114989733059
VIAV,0.0005970885601658454,0.0006698709114945347,0.028079441321633692,0.4457473121440415,-0.7024392418645704,1850100.0,2459969.2438885733,0.7749486652977413,0.5104722792607803
VICI,0.00024373588086306258,0.0006396552162316865,0.02002651152467512,0.317911014734756,-0.655353907415408,5682200.0,6775281.466742467,0.9293634496919918,0.20492813141683777
VICR,0.001274308600410187,0.002213110631715738,0.043942657164899694,0.6975680568341712,-0.9069378701898305,224000.0,332393.1779420125,0.18562628336755646,0.8439425051334702
VIOT,-0.0009725436260553597,0.0,0.0525009437728776,0.8334266449153156,-0.9924266786759963,126300.0,302633.14383172255,0.049281314168377825,0.9195071868583162
VIPS,0.00022178323650287403,-0.001081794755780463,0.03398314703418438,0.5394657349187645,-0.9023610520341702,4348900.0,5768084.536668561,0.9039014373716633,0.6780287474332649
VIRT,0.0008051604212759075,0.0012532447102156232,0.02186284708388117,0.34706193801469964,-0.5806997062517849,1015800.0,1186314.3263217737,0.6234086242299794,0.27967145790554415
VISN,0.0003767392752388195,0.0,0.05136929199239416,0.8154622298240197,-0.9878834531723976,3401100.0,4175574.47413303,0.8759753593429158,0.9117043121149897
VIST,0.0014890679643123946,0.0004071265679433368,0.037358335670043284,0.5930451934692486,-0.8477798771678668,558000.0,673876.7481523593,0.46078028747433264,0.7441478439425051
VIV,0.0001841058327990525,0.0007887136353680584,0.020194708145328887,0.32058105331242404,-0.5492436402790644,1088000.0,1325574.928936896,0.6402464065708419,0.2135523613963039
VKI,3.548713840925715e-05,0.0,0.009360444608281638,0.14859245156705173,-0.3973213600334894,100700.0,117305.91245025583,0.0024640657084188913,0.0078028747433264885
VKQ,2.1860889472872378e-05,0.0,0.0090326383279212,0.1433886881908187,-0.38503820643346537,124200.0,148885.61682774304,0.046406570841889115,0.0053388090349075976
VKTX,0.0009335326414204295,-0.0015255227574339169,0.052540176703893916,0.8340494483873556,-0.8846173968185367,1695400.0,2612067.481523593,0.753388090349076,0.919917864476386
VLO,0.0010279229968731842,0.0008565556641174987,0.028433486357755687,0.4513676028550156,-0.7085370695852731,3423800.0,3800858.2717453097,0.8776180698151951,0.5211498973305955
VLRS,-0.00020929937990581232,0.0,0.037221753918545285,0.5908770253806885,-0.9118663961479435,475200.0,595309.4371802161,0.40739219712525665,0.7429158110882957
VLY,0.00027870159734801276,0.0,0.025763353713692164,0.408980561192531,-0.6098531276809694,3318000.0,4640857.362137578,0.8726899383983573,0.43860369609856265
VMC,0.0003066652709269313,0.0008601669467500021,0.019916569781657567,0.31616574367037953,-0.5185669812265754,803200.0,921008.8686753837,0.562217659137577,0.20082135523613964
VMD,0.00014295474171001205,0.0,0.030319755435329727,0.4813111961650883,-0.7435514801102217,129600.0,180117.68050028424,0.055441478439425054,0.5737166324435319
VMI,0.000727039751526878,0.0008465545118513113,0.021552500183150747,0.3421353336977455,-0.48177446878884345,125500.0,143256.6230812962,0.04804928131416838,0.2681724845995893
VMO,2.3338350573908695e-05,0.0,0.009034108922654226,0.14341203315847642,-0.3884592033775167,163900.0,194161.56907333713,0.11457905544147844,0.005749486652977412
VMRK,-4.328883829531286e-05,0.0004448324339712254,0.017724514691342997,0.281367947895626,-0.5166067290141155,1900700.0,2173796.986924389,0.7815195071868584,0.12114989733059549
VNDA,-0.0005546757134737022,0.0,0.03606256301223102,0.5724754402197578,-0.9098710462755918,550800.0,811130.8698123934,0.4574948665297741,0.7223819301848049
VNET,-0.00010527803626359314,-0.002914092431582233,0.055686119570340684,0.8839897431679705,-0.9910176940141604,1723400.0,2918312.67765776,0.7585215605749487,0.9408624229979466
VNO,-0.0001834790426623841,-0.00025347007884557145,0.028656806178310328,0.4549126951031305,-0.8566784583543656,1737200.0,2122814.098919841,0.760164271047228,0.5268993839835729
VNOM,0.0004485163867288689,0.0012793978738891445,0.031868374809910956,0.5058947666089181,-0.8782354829643495,668800.0,1007018.8175099489,0.5154004106776181,0.6197125256673511
VOD,0.0001578292864919623,0.0,0.019231685909895508,0.30529354926053076,-0.5802695604287359,4696900.0,5767662.1944286525,0.9125256673511294,0.17987679671457907
VOYA,0.0004000786888482992,0.000623133947641767,0.019939481421278372,0.3165294546737718,-0.541294855275267,963800.0,1152520.7504263786,0.6102669404517453,0.20246406570841888
VRA,-0.0005043077524021343,-0.0012937043795208515,0.04241850697005187,0.6733729225765033,-0.9607888374192233,240100.0,355278.908470722,0.20492813141683777,0.8279260780287474
VRDN,0.00031818631435018166,-0.002190580541737659,0.05739493758717319,0.911116388218403,-0.9603889262166295,497600.0,748600.3638430927,0.4219712525667351,0.9474332648870637
VREX,-0.000248943548346965,0.0005406990639279708,0.03217362354745734,0.5107404400943031,-0.8989971652714129,297100.0,396873.33712336555,0.26406570841889115,0.6291581108829569
VRNS,0.0004581217784833379,0.0012735154344573995,0.035044597207789935,0.5563157340494443,-0.9064980709944304,1055900.0,1361567.993177942,0.6353182751540041,0.7071868583162217
VRRM,-0.0008373258766851744,0.0,0.039492883532530436,0.6269300903034815,-1.116683400229053,1008800.0,1515719.1586128483,0.6213552361396304,0.784394250513347
VRSK,6.162285139332029e-05,0.0009424831315893212,0.01737098398760632,0.2757558219581486,-0.5313624224909907,861800.0,1033875.7816941444,0.5794661190965092,0.11170431211498973
VRSN,0.00024179337738794595,0.0009055414363333403,0.017451588215218243,0.2770353744034382,-0.4104135812290438,594400.0,677605.0596930074,0.48213552361396306,0.11416837782340862
VRT,0.0018264038619105118,0.00195943343183886,0.03830127184944486,0.6080138412666602,-0.7834433569477988,4339700.0,5246072.598067083,0.9030800821355236,0.764681724845996
VRTX,0.0006442061901670464,0.0010565836856624028,0.02011408368598556,0.31930117969835514,-0.4585444929574161,1341200.0,1540481.8646958498,0.7006160164271047,0.20903490759753593
VSAT,-1.7262954603629744e-05,-0.000618621181714449,0.0450625282098122,0.7153454585459744,-0.9733055264885138,793400.0,1344243.8317225697,0.5601642710472279,0.8579055441478439
VSH,0.0004508051445436799,0.000863697040765972,0.029118467788668917,0.46224134596837707,-0.6802999879324477,1084700.0,1558319.8976691302,0.6398357289527721,0.5412731006160164
VST,0.0010153850564252128,0.0010871575885633327,0.030428660722203113,0.483040013998251,-0.5610353956224445,4264900.0,5002207.561114269,0.8997946611909651,0.5770020533880903
VSTM,-0.0003898549757323369,0.0,0.06459645630078255,1.0254369536875318,-1.0044806368988832,221342.0,747783.6156907334,0.18234086242299793,0.9696098562628337
VTGN,-0.0027639082167828294,0.0,0.10806080132802906,1.715412040729939,-1.8835124582510732,112500.0,845517.0568504832,0.02484599589322382,0.9995893223819302
VTOL,0.000405313354673579,0.00034513294292747433,0.03359566068894302,0.5333145798831127,-0.7565382558104887,102600.0,134094.82660602615,0.006981519507186858,0.6677618069815195
VTR,0.00024394685714559453,0.0006035083325892779,0.025408024955214516,0.40333989202092385,-0.8168741653188444,2356900.0,2698235.019897669,0.82217659137577,0.42299794661190965
VTRS,6.947236676181276e-05,0.0,0.02271234514418767,0.36054730165551613,-0.7407758410301175,8078600.0,9527506.594656054,0.9548254620123203,0.31498973305954825
VUZI,0.00013227608986342626,-0.004347849427429469,0.05992882074238784,0.9513405362983648,-0.9915428527799105,1045500.0,1782726.264923252,0.6320328542094455,0.9572895277207393
VVR,0.0002141600382770528,0.0,0.018492653887169586,0.29356177960225577,-0.6529183180077451,643800.0,817455.2586696987,0.504312114989733,0.15277207392197126
VVV,0.00018687704840692848,0.0,0.022347299150762952,0.3547523761613022,-0.6422875275222765,1348400.0,1585988.4593519045,0.7014373716632444,0.2944558521560575
VYGR,-0.00103455914469302,-0.0011217536971699135,0.04742997075923784,0.7529274439200523,-0.9783215915629095,369900.0,659035.5884025014,0.3326488706365503,0.8825462012320329
VYX,-0.0005746857752115333,-0.0003188420136881734,0.03448153310614885,0.5473773685386625,-0.8943044527497588,1792600.0,2127106.3177942014,0.766735112936345,0.6895277207392198
VZ,8.645046120266615e-05,0.0001759863869879199,0.013659646682420833,0.21684016871216402,-0.44368558379356265,18405600.0,20578461.45537237,0.9864476386036961,0.032032854209445585
W,-0.00010051316120315513,-0.0007359174296275392,0.052204249859433505,0.828716775052438,-0.9847318099873934,3129700.0,3597613.587265492,0.8636550308008214,0.9174537987679672
WAB,0.0008122478936248299,0.000597403778181448,0.020309568530065436,0.32240440539346066,-0.5274812665514673,956100.0,1084539.3973848778,0.6069815195071868,0.21930184804928132
WABC,0.00011224927839577494,0.0,0.01784850008726431,0.2833361550384961,-0.4966414634973996,114600.0,135667.993177942,0.02997946611909651,0.12484599589322382
WAFD,3.0178940936295484e-05,-0.00034062906913523503,0.021819694270301553,0.3463769083360732,-0.5282974062249496,409000.0,500993.57589539513,0.3620123203285421,0.27720739219712526
WAL,0.00038437336503208944,0.0,0.039067399380928854,0.6201757387918589,-0.9333332411507678,872400.0,1439027.003979534,0.5827515400410678,0.7798767967145791
WAT,0.0003930758836606957,0.00035007263537125766,0.021026814783615986,0.3337903366875859,-0.49652882183943875,428700.0,523561.79647527006,0.3728952772073922,0.2501026694045175
WB,-0.0009223962497176884,-0.001204108188748063,0.031640238309341207,0.5022732119360135,-0.9306739609572015,1145600.0,1460718.6469584992,0.6587268993839835,0.6119096509240246
WBD,8.75009912552414e-05,0.0,0.03305754736611132,0.524772295706813,-0.9501844219296164,18223000.0,22107907.674815238,0.9856262833675564,0.6550308008213552
WCC,0.001191588047216083,0.001761170968723158,0.032791972162224035,0.5205564200435868,-0.777051071149616,511500.0,619833.1438317226,0.43121149897330596,0.6472279260780287
WCN,0.00032541715744957,0.0004909763379219875,0.01363665628470905,0.21647520746283697,-0.3337890661422369,891800.0,1025709.8919840818,0.5876796714579056,0.03162217659137577
WD,-0.00011399687910225318,0.00014253650362325035,0.02828590854447558,0.4490248776971963,-0.8044216066715597,178500.0,212963.95679363274,0.13798767967145792,0.5174537987679672
WDAY,4.695350647659551e-05,0.0007402566472151115,0.02655339180078501,0.4215220270208322,-0.7400613084149206,1974000.0,2516565.264354747,0.7885010266940452,0.4673511293634497
WDC,0.0013167900175950304,0.001399504422876949,0.03442213974762508,0.5464345282015657,-0.7255656341977715,5975330.0,6967686.542922115,0.9314168377823409,0.686652977412731
WDS,0.00025429102306999196,0.0006860853758768487,0.024278188642159092,0.38540429658159525,-0.6846120950333039,460900.0,516714.2694712905,0.39753593429158113,0.37700205338809034
WEC,0.0001607640593707621,0.00042785391981598245,0.015107660530950367,0.23982667594128423,-0.3557951477656669,1554700.0,1711902.8425241616,0.7301848049281314,0.048459958932238194
WELL,0.0006478579747556839,0.0012902615523124627,0.02277669646017465,0.3615688471273638,-0.6748905867477774,2377000.0,2736908.3570210347,0.8238193018480493,0.3186858316221766
WEN,-0.000480810544460038,-0.0008418169736371366,0.027896423893596353,0.44284200054297673,-0.821764231783105,3066700.0,4405884.593519045,0.8611909650924024,0.5051334702258727
WERN,9.314882882796857e-06,-0.0005177217462530837,0.019875505685508894,0.3155138713530413,-0.5811554782150247,648300.0,765664.9232518476,0.5059548254620123,0.19835728952772075
WES,0.0007116031728532599,0.0009136095404004672,0.035507664194351043,0.563666694570273,-0.9557035168647808,1065600.0,1422008.243320068,0.6365503080082136,0.7117043121149897
WEX,-7.386270637687348e-05,0.0008469470588618592,0.02877844344708645,0.4568436268831629,-0.737503771854984,350000.0,428461.45537237066,0.31129363449691994,0.5297741273100616
WFC,0.00040371573209382476,0.0008924240156086148,0.022770541364259725,0.36147113800884395,-0.6631947093951637,18929000.0,23353794.20125071,0.9872689938398357,0.31745379876796714
WGO,-8.069722202577712e-05,-0.0001876663358558458,0.03223762637569242,0.5117564534945919,-0.80123059525824,554100.0,643809.6645821489,0.4587268993839836,0.6320328542094455
WH,0.00024461754561814597,-0.00027246545841972644,0.023499628999880503,0.3730450454157919,-0.6899944402674184,800100.0,913698.0670835702,0.5609856262833676,0.3433264887063655
WHD,0.0004943876445662254,0.0002462764899637831,0.03491864828002253,0.5543163568048375,-0.806087544578227,490100.0,582374.0761796475,0.4162217659137577,0.7039014373716632
WHR,-0.000729079851227103,6.614313663098026e-05,0.02732820739210259,0.4338218432202028,-0.8963083733560245,841800.0,1115358.9539511085,0.5728952772073922,0.4891170431211499
WING,0.00013833201846818376,0.0009269908674060545,0.03248737774963705,0.515721133644917,-0.8418650949539049,541200.0,652944.2296759522,0.4537987679671458,0.637782340862423
WIT,-1.2408770434078151e-05,0.0,0.020649609712877187,0.32780239182490156,-0.7300322346602429,4167000.0,5242696.077316658,0.897741273100616,0.23696098562628337
WIW,0.00013211882193687864,0.0,0.0070630302805446,0.11212212974903868,-0.3012115670719055,155700.0,188995.79306424104,0.09774127310061602,0.0004106776180698152
WIX,-0.0002640947020555203,-0.0003243577243635769,0.03836039306131928,0.6089523614096312,-0.9564582060536705,721100.0,976488.4025014213,0.5342915811088296,0.7655030800821355
WK,0.0002552612162637747,0.000706887991995189,0.029136282660483535,0.4625241482911369,-0.8287963104664728,377800.0,482532.97328027285,0.3396303901437372,0.5425051334702259
WKC,1.4801607554890555e-05,0.0,0.027937245442666493,0.4434900225448088,-0.7464981565499068,489700.0,611187.2654917567,0.41540041067761807,0.5063655030800821
WLK,9.134785693482517e-05,-0.00012155397692620072,0.026877994565846275,0.42667493616824836,-0.6821732437060916,585500.0,715226.2649232518,0.4757700205338809,0.47720739219712527
WM,0.00039879858932280785,0.0006737870158857163,0.013610863521922678,0.21606576004708883,-0.3233635242534508,1615000.0,1788556.2251279135,0.7390143737166325,0.031211498973305954
WMB,0.0008086355816854195,0.0013210701081987385,0.020757539202309994,0.3295157193539178,-0.6502296929108212,7153200.0,8014815.690733371,0.9462012320328542,0.2402464065708419
WMS,0.0008253180388203913,0.0004079731234041726,0.02895178225936797,0.4595952952222762,-0.5758066143473596,517600.0,599685.9579306424,0.4349075975359343,0.5367556468172484
WMT,0.0006272280488125281,0.0007737211658614001,0.01458907100655993,0.23159432245692205,-0.26788026802335346,18782400.0,21887206.765207503,0.9868583162217659,0.04435318275154004
WNC,1.2313400220946687e-05,0.0,0.03127430138206543,0.49646414330537253,-0.8405561935833539,463500.0,583074.8720864127,0.3991786447638604,0.6041067761806982
WOR,0.0006766251482642461,0.0008035166595017217,0.027273745931067527,0.43295729432858676,-0.5645587170913317,282552.0,356525.57248436613,0.25256673511293637,0.48706365503080085
WPC,5.624952250605397e-05,0.0002978823419678587,0.018419978961961844,0.29240810093035635,-0.566575847233687,990700.0,1140802.6662876634,0.6168377823408624,0.14825462012320328
WPM,0.000980495189297064,0.0010498814306381167,0.02427435130079815,0.38534338067597496,-0.537628939893637,1958900.0,2176106.2535531553,0.7856262833675565,0.37659137577002055
WPP,-0.00028550216579729194,0.000582384691549098,0.025444110050671688,0.4039127251526181,-0.8329321062432781,147200.0,232713.0756111427,0.08685831622176592,0.4242299794661191
WRAP,-0.0005842737991442923,-0.0033670128471761022,0.0568537623135915,0.902525497080836,-0.9917596122585851,207000.0,428855.6566230813,0.1700205338809035,0.9453798767967145
WRB,0.0004995005371604185,0.0010961054006309629,0.01758184122704945,0.2791030768643733,-0.48345336464501476,1686150.0,2017676.6770892553,0.7519507186858316,0.11950718685831623
WRN,0.0006980828368584073,0.0,0.03901843993309477,0.6193985316520828,-0.797352331280831,221000.0,480419.67026719725,0.18193018480492812,0.7778234086242299
WSBC,0.0001982455241490715,-0.0004623320366452155,0.022511683421164868,0.35736189555490777,-0.5714097855067749,247600.0,358549.4599204093,0.21806981519507188,0.3047227926078029
WSC,6.348990049717942e-05,0.0005473158244830289,0.029122460676801052,0.46230473110244025,-0.7760227563398776,1695400.0,2009110.8584422967,0.753388090349076,0.5420944558521561
WSFS,0.00036977982710169745,0.00024895230301199883,0.02468709440190192,0.39189547428124394,-0.6058162949415512,271700.0,319554.7470153496,0.2402464065708419,0.3991786447638604
WSM,0.0011799220894713797,0.0008724013025689944,0.02990928639972434,0.47479520223046207,-0.6304739389697257,1759400.0,2091723.7635019897,0.7634496919917865,0.562217659137577
WSO,0.0004874807509269212,0.0013172532888820164,0.01963404475204117,0.31168079786528263,-0.49622916326072664,238900.0,283464.752700398,0.20246406570841888,0.19055441478439425
WST,0.0005517908762342957,0.0005368577074606035,0.025038587860810646,0.39747525995967425,-0.7300728871273953,463000.0,569349.0051165435,0.39876796714579055,0.411088295687885
WT,0.0009294224022485702,0.0,0.028115051752237663,0.4463126102047897,-0.6796901801072704,1118000.0,1542027.2313814668,0.6496919917864477,0.5117043121149897
WTFC,0.0005353198840778972,0.0004197991160810802,0.026042878601598925,0.413417881224458,-0.6956380928684472,379400.0,438038.20352472994,0.3408624229979466,0.44722792607802875
WTI,-9.004395485140849e-05,-0.0016897452985653806,0.04709062679211595,0.7475405254445647,-0.9549231706237411,2587700.0,3308545.59408755,0.8369609856262834,0.8800821355236139
WTRG,3.972622570227605e-05,0.000221310514789556,0.017206530683506308,0.2731452066885595,-0.4552378893998069,1219700.0,1418361.057418988,0.6759753593429159,0.1080082135523614
WTS,0.0007954192384764777,0.0008416070738058979,0.01932389202551593,0.3067572759682761,-0.4632602308358693,142200.0,169183.74076179648,0.07638603696098563,0.1811088295687885
WTTR,0.000517569284129797,0.0010804737980221876,0.0407614069837396,0.6470672758083984,-0.8283401440375355,631400.0,820668.6753837408,0.4989733059548255,0.8032854209445586
WTW,0.0002780434833528,0.00036351956888904674,0.01708926152366331,0.2712836164881472,-0.3470635518755083,617200.0,777143.3200682206,0.49322381930184805,0.10184804928131416
WU,-0.0004456576788563654,0.00043180555577248197,0.020115609863072034,0.31932540700851986,-0.7530966268577032,5053200.0,6068042.922114838,0.919917864476386,0.20944558521560575
WVE,-0.0009748837196168655,0.0,0.06600898011851554,1.047860074143594,-0.9990056882814816,581000.0,1289013.5304150085,0.4731006160164271,0.9761806981519507
WWD,0.0006485893567026054,0.000683029381214186,0.024680215621734922,0.3917862770313718,-0.6517579167781409,364500.0,445040.193291643,0.3268993839835729,0.39876796714579055
WWR,-0.001065558914267446,0.0,0.06369106704261988,1.0110643447866858,-0.9965611668092351,488500.0,2013664.241046049,0.41437371663244355,0.9679671457905544
WWW,-0.00013694311796448827,-0.00035685647253347563,0.03683238278173485,0.5846959502064469,-0.8883745970884915,790000.0,969708.5844229676,0.5589322381930185,0.7367556468172485
WY,-4.2670272046740187e-05,0.0003515036181420615,0.022691669619648462,0.36021908787857676,-0.6135408243760251,3961700.0,4408325.298465037,0.8936344969199178,0.313347022587269
WYNN,-0.00014527655580530844,-0.0005844611812674968,0.03124621419484498,0.49601827303089674,-0.8042428315610396,2227100.0,2821096.532120523,0.8143737166324435,0.6028747433264887
XEL,0.00015727400958980676,0.0005792353987836979,0.015179047645413564,0.24095991125138896,-0.37106892750029885,3184600.0,3679111.1995451963,0.8657084188911705,0.05051334702258727
XENE,0.0008063944406252719,0.0,0.038384684339379964,0.60933797349429,-0.5711075186718181,362800.0,578176.3501989767,0.3240246406570842,0.766735112936345
XERS,-3.514646039383056e-05,-0.0005152101929559858,0.05125188511719777,0.8135984534601467,-0.9833525948028874,1422800.0,1870444.5707788516,0.71129363449692,0.9108829568788501
XHR,1.79717730840822e-05,0.0,0.030819870551502468,0.48925027751087174,-0.7867066519217862,649100.0,759007.3905628198,0.506776180698152,0.5885010266940451
XIFR,-0.0007173705079634514,-0.0006482884832344198,0.0295132600532377,0.4685084788778631,-0.9250719991124228,738300.0,1056383.5133598635,0.5429158110882957,0.5523613963039015
XNCR,-0.00020738612094592363,-0.001543231407996871,0.03474768150816878,0.5516023434401544,-0.9263769766531299,380600.0,514709.7214326322,0.34168377823408624,0.6969199178644764
XNET,0.0004092365745310884,0.0,0.05157916674070354,0.8187938881670132,-0.9504956890681531,217000.0,720198.9766913019,0.17905544147843944,0.9129363449691992
XOM,0.0006410793869054668,0.0006416437742824081,0.020160606409067992,0.320039705031893,-0.5914441005376453,18013500.0,20684958.499147244,0.9852156057494866,0.21190965092402464
XPEL,0.0007452510967488729,0.00026576088265863637,0.037638222577713945,0.5974882603867653,-0.8776068131197733,169800.0,214529.56225127913,0.12464065708418891,0.7494866529774127
XPO,0.0011130367375128973,0.0006286951535340705,0.030907598273473707,0.4906429119234044,-0.6322438499800269,1786500.0,2217235.3610005686,0.7659137577002053,0.5917864476386037
XPRO,-0.00031197012687438243,0.0,0.045835792597898446,0.7276206501574468,-0.9619049099851733,589400.0,705417.8737919272,0.4792607802874743,0.8648870636550308
XRAY,-0.0009188229801489219,0.00031197055244271225,0.024831723733978184,0.394191393750999,-0.9005348930557443,2013400.0,2568920.409323479,0.7930184804928131,0.40451745379876797
XRX,-0.001031713469532332,-0.0002015949007032473,0.036486153475402905,0.5791997303595067,-0.9820379457406838,2160800.0,2802826.492325185,0.8098562628336755,0.7285420944558522
XYL,0.00019498520444921096,0.0004215570920826542,0.018731616545818505,0.29735519420675094,-0.4902986017790603,1131300.0,1318221.8874360432,0.6542094455852157,0.16139630390143736
XYZ,0.00013006521139622866,0.0006958234579156368,0.03825083303002959,0.6072131498310812,-0.9292336781043802,8768500.0,10544732.120523024,0.9605749486652977,0.762217659137577
YELP,-0.0003786087283286676,0.00011242144695262983,0.029417449807267657,0.46698753837453116,-0.7761299282636412,738800.0,896426.4354747016,0.5433264887063655,0.5494866529774127
YETI,0.00022575039575253633,0.0010083401172552978,0.03202685887616882,0.5084106231654257,-0.8404721572947375,1286000.0,1527747.3564525298,0.6915811088295688,0.6258726899383984
YEXT,-0.0005259398792968196,-0.0007114761266380278,0.03489856614587731,0.5539975628083754,-0.9314587619049322,909200.0,1243654.5764639,0.5946611909650924,0.7034907597535934
YPF,0.0009925429260689766,0.00038473372483918797,0.037158496747401765,0.5898728489197653,-0.8689858522875632,1758700.0,2087363.1608868674,0.7626283367556468,0.7408624229979466
YUM,0.00019177847958774013,0.00044270333846340614,0.015870987235378192,0.2519441117153474,-0.5192459466442382,1699600.0,1882628.4252416145,0.7548254620123204,0.06529774127310062
YUMC,-2.4362136057062275e-05,-0.0002477719390996454,0.022605631659410888,0.35885327760197744,-0.658703053808757,1981900.0,2334382.490051165,0.7901437371663245,0.3104722792607803
Z,-2.7057283327787693e-05,0.0004241588052463293,0.03558469245853088,0.56488948035593,-0.9362873739623095,3053300.0,3699310.7447413304,0.859958932238193,0.7129363449691992
ZBH,-0.00018225485001770205,-0.00031511777672437125,0.01948761736271313,0.30935633512154004,-0.6060583395842554,1397500.0,1590710.945992041,0.7084188911704312,0.18726899383983572
ZBRA,0.0003269486892093465,0.0005248132138941462,0.026477437514327046,0.42031629010296934,-0.7793027461470372,378500.0,465141.95565662306,0.34045174537987677,0.464476386036961
ZD,-0.00018724653175107993,0.0,0.02610608085005109,0.41442118581468523,-0.8576872196303109,419100.0,513990.78453666857,0.36714579055441476,0.44969199178644764
ZG,-6.370786847309669e-06,0.0004919738219267049,0.03589360086687288,0.5697932493141482,-0.9364341991652732,605700.0,766307.1063104037,0.486652977412731,0.7195071868583163
ZION,0.0003463635854739193,0.0008842033831081583,0.027862857859869687,0.4423091562765394,-0.769370474841544,1544500.0,2089980.1023308698,0.7297741273100616,0.5039014373716633
ZLAB,-0.00016386935254122806,-0.0003825367468721215,0.04439976106770419,0.7048243563349976,-0.9802727995808842,498400.0,641994.0875497442,0.42299794661190965,0.8509240246406571
ZM,6.694282918135881e-05,-0.0004143474288546982,0.033058800519818354,0.5247921889051931,-0.9413107281481414,3349000.0,4669563.956793632,0.8739219712525668,0.655441478439425
ZS,0.0007826131168431356,0.0021457346710366983,0.03645087211477703,0.5786396561227144,-0.8533995092125175,1990400.0,2415761.1711199544,0.7917864476386037,0.7277207392197125
ZTO,3.20852448955131e-05,-0.00028550431106879356,0.02401282737969904,0.38119181713323863,-0.6920472183725636,2344900.0,2817381.409891984,0.8209445585215606,0.362217659137577
ZTR,0.00012437484700732345,0.001060035761485419,0.01589705881926311,0.25235798527881775,-0.6184070123502224,165400.0,204463.10403638432,0.11704312114989733,0.06652977412731007
ZTS,-0.0002877646016122309,0.0004582237501804954,0.019162403896085152,0.30419373138729905,-0.7609094048157342,2092000.0,2647750.653780557,0.8008213552361396,0.1757700205338809
ZUMZ,-0.0004716786232536527,-0.0010266441096536756,0.03404460611529534,0.5404413675853214,-0.8772384643438307,254300.0,313338.54462762934,0.22422997946611908,0.6792607802874744
ZVRA,-8.184712103266135e-06,0.0,0.05335980214484654,0.8470605988972494,-0.9542968752401576,339300.0,680812.2040932348,0.30431211498973304,0.9236139630390143
ZWS,0.0007618775896115346,0.0006540518391538532,0.023691976525768155,0.37609846772857564,-0.5301657602032037,1024300.0,1269336.8311540647,0.6262833675564682,0.3490759753593429
ZYME,2.2532976774737655e-05,0.00037498176256871155,0.0388577274523848,0.6168473001128257,-0.9558854371539205,490700.0,671926.0375213189,0.41765913757700207,0.7737166324435318
