date,mkt_ret_1d,mkt_ret_5d,mkt_ret_21d,mkt_dispersion_1d,mkt_mean_vol_21d,mkt_breadth_sma50,mkt_breadth_sma200,mkt_ad_ratio,median_ret_5d,median_ret_21d,median_vol_21d,median_vol_ratio_5d,mkt_vol_21d,mkt_vol_63d,mkt_momentum_regime,mkt_vol_regime
2019-09-26,,,,,,0.0,0.0,1.0,,,,,0.01,0.01,0,0
2019-09-27,-0.0072196085356022,,,0.023988220542662288,,0.0,0.0,0.5565045992115637,,,,,0.01,0.01,0,0
2019-09-30,0.00040774461881158767,,,0.034317156926669375,,0.0,0.0,1.4101522842639593,,,,,0.01,0.01,0,0
2019-10-01,-0.016598222777155187,,,0.024426374611121772,,0.0,0.0,0.19859929964982492,,,,,0.01,0.01,0,0
2019-10-02,-0.014051087738384186,,,0.02951608584193408,,0.0,0.0,0.23896103896103896,,,,1.0541670969740777,0.01,0.01,0,0
2019-10-03,0.006262033615325183,-0.031199140817004797,,0.022390728397805572,,0.0,0.0,1.9723618090452262,-0.026502781655341503,,,0.9216479298052879,0.009614557406986517,0.01,0,0
2019-10-04,0.009046072006573192,-0.01493346027482941,,0.023829526072046168,,0.0,0.0,3.9440993788819876,-0.011180487728154661,,,0.810167979782934,0.010625200953716628,0.01,0,0
2019-10-07,-0.003165615370546341,-0.018506820264187342,,0.019844998293540705,,0.0,0.0,0.5815508021390374,-0.015694275264543655,,,0.8645589821974452,0.00970147871130753,0.01,0,0
2019-10-08,-0.01665858856713662,-0.018567186054168777,,0.02417772542516906,,0.0,0.0,0.17551622418879056,-0.016529383319630154,,,0.9477674810446141,0.010096221486442321,0.01,0,0
2019-10-09,0.0038643296210032646,-0.0006517686947813276,,0.022087932244131428,,0.0,0.0,2.327247191011236,0.0020419510768730745,,,0.8629946311393057,0.009920500782516899,0.01,0,0
2019-10-10,0.003997451771869392,-0.0029163505382371188,,0.023013244275236343,,0.0,0.0,1.9712140175219024,0.0017376596349698986,,,0.9510999499939756,0.009708663002079489,0.009708663002079489,0,0
2019-10-11,0.014886750557690774,0.0029243280128804674,,0.024060731936834657,,0.0,0.0,4.494279176201373,0.00426178411110477,,,1.0702768820192887,0.010736443167647566,0.010736443167647566,0,0
2019-10-14,-0.004107477325915702,0.0019824660575111053,,0.019646134762096343,,0.0,0.0,0.5713337757133378,0.0044435209607876155,,,0.7704353272784129,0.010259430398375093,0.010259430398375093,0,0
2019-10-15,0.009508603231788312,0.02814965785643604,,0.030888263295739907,,0.0,0.0,2.929159802306425,0.029604108291163823,,,1.0107366420281223,0.010323525884410876,0.010323525884410876,0,0
2019-10-16,3.997100572956976e-05,0.02432529924116235,,0.02289976196810636,,0.0,0.0,0.995787700084246,0.022839234757052494,,,0.970328909752927,0.009922907634634485,0.009922907634634485,0,0
2019-10-17,0.007263456419933125,0.027591303889226083,,0.024088406314506514,,0.0,0.0,2.5864661654135337,0.023953121198723247,,,0.9584199584198588,0.009796252515659803,0.009796252515659803,0,0
2019-10-18,-0.004428568857789695,0.008275984473745612,,0.021972053757870712,,0.0,0.0,0.8607395751376868,0.009731664506240741,,,1.010536398467312,0.00951659637241728,0.00951659637241728,0,0
2019-10-21,0.007685992222988923,0.020069454022650236,,0.024184976045930163,,0.0,0.0,2.7445141065830723,0.01991219616587344,,,0.9404050324262961,0.009435400441168796,0.009435400441168796,0,0
2019-10-22,-0.0001171703150610606,0.010443680475800868,,0.027408881876647737,,0.0,0.0,1.0707423580786026,0.0125887160701908,,,0.9555387771382917,0.009153700039969681,0.009153700039969681,0,0
2019-10-23,0.002208622978309367,0.012612332448380665,,0.02495155614915653,,0.0,0.0,1.467153284671533,0.01485213681148662,,,0.9448501669075361,0.0089127726543048,0.0089127726543048,0,0
2019-10-24,1.3475886459569514e-05,0.005362351914907108,,0.028665834193151687,,0.0,0.0,0.8634569850039463,0.0074216267240059764,,,0.9100034568032487,0.008675072232302482,0.008675072232302482,0,0
2019-10-25,0.006120027102563607,0.01591094787526041,0.004958191551454877,0.030331014262460914,0.02118583184887457,0.0,0.0,1.687854710556186,0.013547080566976653,0.010173094037484315,0.017441624666015093,0.9171432749809272,0.00856222009955699,0.00856222009955699,0,0
2019-10-28,0.004748868366189697,0.012973824018461186,0.01692666845324678,0.02565395997486452,0.021193474939614532,0.0,0.0,1.8397129186602872,0.010877716447292046,0.018762413201346344,0.017518023416575414,0.9876805437551004,0.008438567654200254,0.008411080039517101,0,0
2019-10-29,0.000641950148103963,0.013732944481626206,0.017160873982539154,0.027098622987468006,0.021269499621270584,0.0,0.0,1.1533575317604357,0.011907007148090523,0.019367192393928825,0.017627883821259082,0.9909443101072326,0.008438169704309592,0.008217802606526707,0,0
2019-10-30,-0.0016432779703944177,0.00988104353292242,0.03211581878929993,0.03346063558704251,0.021139597923337396,0.0,0.0,0.9816360601001669,0.00844004146566286,0.03299280323084038,0.017075112675693956,0.9684106715959325,0.007470480597099591,0.008048519219485985,0,0
2019-10-31,-0.006808537342974001,0.003059030303488853,0.03935836918471011,0.030514434116101916,0.02112794769429061,0.0,0.0,0.499054820415879,0.00310045288693713,0.040405710461451944,0.017062674415828673,1.0600234237751265,0.006857238743146431,0.008008535372181864,0,0
2019-11-01,0.014898942507725346,0.011837945708650592,0.04799527807711027,0.028416140475043754,0.02156115933584209,0.0,0.0,3.671232876712329,0.011223491255200712,0.047621280022579156,0.01758082854768287,0.964165648285076,0.007373170818005391,0.008367918259171938,0,0
2019-11-04,0.007415431710092522,0.014504509052553415,0.0463646377806296,0.03041678318089674,0.021817559016723328,0.0,0.0,1.8412887828162292,0.012984727397734016,0.046808291175315465,0.017879135936215023,0.9975163570783293,0.00730669956544646,0.008308196385809609,0,0
2019-11-05,0.0001356264100868505,0.0139981853145363,0.049665879561262796,0.034504091925561094,0.0223080723330805,0.0,0.0,1.0448662640207076,0.012213182998906023,0.04964557413612323,0.018166063342700146,1.0038203030878667,0.007220312514908001,0.008154157969786241,0,0
2019-11-06,-0.006449450968740439,0.009192012316190282,0.059875017159658976,0.03910982911014647,0.022300809001466703,0.0,0.0,0.7293178519593614,0.009520372125171088,0.060624634964517955,0.0177977186130221,0.9058406441533197,0.006137963256474314,0.008121748572579832,0,0
2019-11-07,0.0014901416377657625,0.017490691296930042,0.057500829176421485,0.03464730111260316,0.022821063016915385,0.0,0.0,1.1523895401262398,0.01706849597823045,0.058899833290101046,0.018254059945163884,0.937521245495923,0.006140233904742588,0.00798208140724695,0,0
2019-11-08,0.00044743726190444254,0.003039186051109137,0.053950814666456536,0.04087703257182118,0.023245265704791053,0.0,0.0,1.2235734331150607,0.007332579508634179,0.05456116080073406,0.01853404504958605,0.814900017695965,0.006152685346952586,0.007848000468428809,0,0
2019-11-11,-0.002547970804219509,-0.0069242164632028905,0.03651609330454625,0.024599607513194104,0.02304464728371251,0.0,0.0,0.7806354009077155,0.00012179651652164799,0.03880795816128328,0.017991790878928434,0.7637742670753678,0.005554707128291618,0.00774092177544412,0,0
2019-11-12,-0.001038065553608281,-0.00809790842689802,0.03958550507685367,0.025757997933610305,0.02319378047998111,0.0,0.0,0.9380097879282219,-0.002119548069466035,0.04245579956972483,0.01825610601591452,0.9292349520428901,0.005432211513261446,0.007623962016888075,0,0
2019-11-13,-0.0032422048615701406,-0.004890662319727721,0.026834696983495217,0.028200270361997307,0.023278826620134217,0.0,0.0,0.7633136094674556,-0.0016433988738138836,0.029889302739906275,0.018426189708179882,0.9445611568746674,0.005246931972989408,0.007534829384903628,0,0
2019-11-14,-0.0016756076791173788,-0.008056411636610864,0.02511911829864827,0.038045025569646174,0.023455933387620486,0.0,0.0,1.0705574912891986,-0.002434546384771935,0.03060047735276125,0.018429114074773597,0.9243812835832543,0.0052804180354045745,0.007431343806894067,0,0
2019-11-15,0.004860372613527867,-0.0036434762849874387,0.022716034492243006,0.025366878759867387,0.023486733456253375,0.0,0.0,2.0306513409961684,0.0002001744120467217,0.030581885893478638,0.01840058171022615,0.9889968116048994,0.005167183054857549,0.0073633354275693145,0,0
2019-11-18,-0.0046360521059465865,-0.00573155758671452,0.022508551244086114,0.026169242741087857,0.023520122613312114,0.0,0.0,0.7474226804123711,-0.00039824220581158255,0.028178107087997086,0.01823890854294053,0.9540834074131149,0.00517843218238472,0.007308331153876949,0,0
2019-11-19,0.000853604847248927,-0.0038398871858573106,0.015676163868346117,0.0250122129861336,0.023485474113321782,0.0,0.0,1.2346263008514664,0.0008269231532707276,0.021533370928704994,0.018019076477144923,0.9642618818120796,0.004951771537325974,0.007209428199195193,0,0
2019-11-20,-0.0028408950163431135,-0.003438577340630284,0.012952439167064065,0.027063804917795996,0.023422968377708853,0.0,0.0,0.6471816283924844,0.0004138239772059119,0.018018403467602376,0.01781976281733073,1.0864096413736537,0.005010842974274465,0.007131992734161739,0,0
2019-11-21,-0.0029535777803481643,-0.004716547441861069,0.007790238408406533,0.02544656192036003,0.02340876872221811,0.0,0.0,0.6386206896551724,-0.002788593008754674,0.01356478549342232,0.01779745713278488,0.9079118028533835,0.0050552719931621784,0.0070581094674457365,0,0
2019-11-22,0.003986470199405164,-0.005590449855983772,0.011763232721352126,0.02538337637952546,0.023128218705958523,0.0,0.0,1.6146179401993355,-0.0042326954143120845,0.01664856002183203,0.01745021779541698,0.8311855670102557,0.005115212294369261,0.006994826886265994,0,0
2019-11-25,0.013949181974582519,0.012994784224545334,0.01959238759337104,0.025968966464383555,0.02310414605597024,0.0,0.0,4.44874715261959,0.007515921059641791,0.023570681340699295,0.017295806772499235,1.011489710075374,0.005782486390955454,0.007224744536331396,0,0
2019-11-26,0.0006872527773946099,0.012828432154691014,0.015530772004575946,0.023860356601055257,0.023055316139505927,0.0,0.0,1.2205607476635514,0.008346540087660137,0.02110009700718617,0.017111304089046177,1.047522504828086,0.005716015756178487,0.007138234714540987,0,0
2019-11-27,0.006172640940969174,0.021841968112003302,0.02106146279744116,0.0218509662227188,0.02285370086988214,0.0,0.0,2.414388489208633,0.015977054684893622,0.024238571138009566,0.016917176863382462,0.795645477457267,0.005837417921601628,0.007104822625853594,0,0
2019-11-29,-0.0023467096348377663,0.0224488362575137,0.02035803113299781,0.020897959431844065,0.022424629298197118,0.0,0.0,0.46078431372549017,0.015913121067945155,0.019741293463334482,0.01648896609750779,0.5197186224465155,0.005855352515927372,0.007038424911812706,0,0
2019-12-02,-0.008670712979851709,0.009791653078256827,0.0184958554961201,0.02634914895839046,0.022145855987829883,0.0,0.0,0.3029475982532751,0.004713268760202029,0.01757182891677744,0.016069148585552456,1.087133852428584,0.005991550359126661,0.0070940449887619186,0,0
2019-12-03,-0.004921233329774528,-0.009078762226100223,-0.0013243203413797777,0.029209545198366882,0.021791105871751787,0.0,0.0,0.5240538806927517,-0.01212913920058784,0.0014568290385707056,0.015605417758870078,1.1093335555781012,0.005178901263564561,0.007060010691517764,0,0
2019-12-04,0.006779968892261756,-0.002986046111233075,-0.001959783159210544,0.02666798726305855,0.021384502378448588,0.0,0.0,2.444121915820029,-0.006160167560360643,0.001866250611675369,0.015034377873693069,1.1060452549813629,0.005134687620855853,0.007046287984556063,0,0
2019-12-05,0.0012431253521041064,-0.007915561700098142,-0.0008522842171932847,0.026540364785062654,0.02099827325060834,0.6344969199178645,0.0,1.3574975173783514,-0.008549898081311683,0.003752375802900125,0.014688164477967681,1.0160019796263247,0.005142837778545898,0.006973392117250936,0,0
2019-12-06,0.00964219520330219,0.0040733431380418125,0.015239361954849338,0.024324585562389717,0.020674574987796835,0.675564681724846,0.0,3.388990825688073,0.0029736129592111147,0.013909989138827865,0.014440522346456269,0.9636759482066595,0.005335390094152673,0.007022456087204862,1,0
2019-12-09,-0.0007896015709071332,0.011954454546986387,0.012959618746176444,0.025256555114391475,0.02016815591577687,0.6640657084188911,0.0,0.7423133235724744,0.008628519552641625,0.012134358824619846,0.014133763580687799,0.908649907291612,0.005342246514684576,0.00695485086639548,1,0
2019-12-10,0.00028429537048448435,0.017159983247245398,0.012796476854756484,0.02283612411571245,0.019711826847745407,0.6628336755646818,0.0,0.9618889809444905,0.013490357071169787,0.011072056229756672,0.01395078629343346,0.9246969780068979,0.005342624217628054,0.006886499511952054,1,0
2019-12-11,0.0025468087772324084,0.01292682313221605,0.017891256436208397,0.024004537258545632,0.01976160286323728,0.6739219712525667,0.0,1.4386503067484662,0.010081919306667254,0.014134433792918741,0.0139402521104432,0.9173667066689367,0.005307643751335802,0.006825055315487775,1,0
2019-12-12,0.00874327721391211,0.020426974994024055,0.02767259920372879,0.027623320988654106,0.020028607549809122,0.6948665297741273,0.0,2.196261682242991,0.015985663477502337,0.02017342867727565,0.014324281060649261,1.0604562249926546,0.005556826019731152,0.006849186288781381,1,0
2019-12-13,-0.0023810555305441867,0.00840372426017768,0.028533748534754745,0.025479363083057198,0.01991794729760534,0.6809034907597535,0.0,0.7779433681073026,0.006710102210250253,0.021965608944143858,0.014460522191647842,0.9952464133329373,0.005524576822733498,0.0067991291779393205,1,0
2019-12-16,0.005925469040028677,0.015118794871113492,0.0361348252539008,0.03619451979381859,0.01997593587849279,0.7018480492813142,0.0,2.279229711141678,0.015013415644810004,0.027138744162275626,0.014588371742779271,1.0783091568449479,0.00556468922378815,0.006772368925852562,1,0
2019-12-17,0.002927316283061237,0.01776181578369025,0.03420176892343417,0.02636468053410546,0.019951841163176734,0.7248459958932238,0.0,1.5190677966101696,0.017685551052009314,0.027032741504158006,0.01453491851292955,0.989026253646271,0.0055260102538932585,0.006717279470892665,1,0
2019-12-18,0.002792829695554428,0.018007836702012267,0.041630650724935186,0.02303885407242943,0.019797693009487857,0.7264887063655031,0.0,1.233741753063148,0.015884014922134388,0.030170469352716302,0.014400721041936754,0.9612952188211079,0.005339552934035052,0.006662810738467286,1,0
2019-12-19,0.003756778212255098,0.01302133770035526,0.04453382408994136,0.02242714640795389,0.019747803563528964,0.731006160164271,0.0,1.5813449023861172,0.01100228878639449,0.033223884329420326,0.014533389732047711,0.939105782292835,0.0053464442754211855,0.00661546162938189,1,0
2019-12-20,0.002978031504392538,0.018380424735291986,0.05035275061067702,0.022922391632313438,0.019585547552359375,0.7425051334702258,0.0,1.5596133190118153,0.016583870988458916,0.040115682925769315,0.01446747474613851,1.4830784249918545,0.005225873271289501,0.006564304466767686,1,0
2019-12-23,0.0035338707681066496,0.015988826463369958,0.05684019915913183,0.02902744164494838,0.019593939888084562,0.742094455852156,0.0,1.031596925704526,0.010953053665162716,0.041995234256945166,0.014298950084777304,0.6922293495653157,0.005083527061222776,0.006517460248423331,1,0
2019-12-24,0.003318415277071683,0.016379925457380404,0.056172144236798345,0.02289350899694117,0.019385607673299415,0.7503080082135524,0.0,1.3392680514342234,0.00949123028769847,0.04020166757592055,0.014131519990778382,0.3100520013358127,0.005077204188029122,0.006470289756154912,1,0
2019-12-26,0.003128140780943662,0.016715236542769636,0.04535110304315949,0.027764121951763646,0.019049249868545063,0.7474332648870636,0.0,1.5483870967741935,0.010047806784670337,0.0309653098780415,0.01354586996676108,0.579784859706145,0.004376524377080756,0.006423098499842985,1,0
2019-12-27,-0.004329021822161183,0.008629436508353353,0.0403348284436037,0.021327436174306012,0.018853361945733928,0.7268993839835729,0.0,0.5952702702702702,0.00461735598892553,0.027782546703823616,0.013223712747762954,0.7233357795244894,0.004592467981609034,0.006372767921383377,1,0
2019-12-30,-0.0021303110097974356,0.0035210939941633743,0.03203187649283709,0.03477943807546746,0.01891348145928814,0.7059548254620123,0.0,0.6353591160220995,-0.0017225560455416888,0.020271260540148512,0.013086801070435477,1.1120886710848632,0.004565436579307551,0.006385580310724673,1,0
2019-12-31,0.00456209929071436,0.004549322516771084,0.03894068541838921,0.02254881735772193,0.01882447537837416,0.7232032854209446,0.0,1.89119804400978,0.0006248190650216121,0.027420742447538966,0.012917968347864595,1.2530217566478488,0.004521175731581595,0.0059826364077572945,1,0
2020-01-02,0.0034378255074558996,0.004668732747155303,0.05104922390569683,0.026385440532880017,0.018798853394305738,0.7215605749486653,0.0,1.2968299711815563,0.003247839206990853,0.039134748539495744,0.013039995161441512,1.2268436228620843,0.0038312534661491147,0.005648118620801239,1,0
2020-01-03,-0.003352905441941121,-0.0018123134757294802,0.05261755179353023,0.02382558488719101,0.018614988065193256,0.6969199178644764,0.0,0.6005361930294906,-0.0021552315091377546,0.04063753493795013,0.01300233355256559,1.0629260352019398,0.0036935851732833383,0.005653545693129869,1,0
2020-01-06,0.0024537316365210384,0.00497043998295274,0.04829131453778951,0.026297774405416943,0.018597170403266323,0.6903490759753593,0.0,1.101410934744268,0.0006823158529675798,0.033038045568576736,0.013039765053571977,1.0714147624018817,0.00356154893221871,0.005573495184028594,1,0
2020-01-07,-0.0011447516597641776,0.005955999332985999,0.04590343752592123,0.02340157230775395,0.018536670468873747,0.6550308008213552,0.0,0.7132616487455197,0.0003672025423956398,0.03005539358865339,0.012982497923697814,0.9414326235467957,0.0036343393412237132,0.005552151945069735,1,0
2020-01-08,0.000295235913832466,0.0016891359561041087,0.03655647823645151,0.024443642410638247,0.01847737678096306,0.6689938398357289,0.0,1.4720496894409938,-0.0011478813061814915,0.025336137381552968,0.012860653155962687,0.996940526826319,0.003224794883652359,0.005045397371493989,1,0
2020-01-09,0.002075434212542615,0.00032674466119081826,0.03942151401990125,0.02420393959509739,0.018429631384832185,0.6784394250513347,0.0,1.3481262327416172,0.0,0.028691576964700236,0.0128013585048561,0.9590235396686312,0.003172572291960963,0.005038464243915747,1,0
2020-01-10,-0.0027199077730248986,0.0009597423301070405,0.03641731087639187,0.021948070905649795,0.018476183470494265,0.6574948665297742,0.0,0.679523141654979,0.0,0.027521681047564417,0.012895290425203277,0.904295403164977,0.0033126324150903135,0.005061036925806212,1,0
2020-01-13,0.005469052788271407,0.00397506348185741,0.03933955488743087,0.031081149663029592,0.018678455984894586,0.6952772073921971,0.0,2.645801526717557,0.005638725607731621,0.03133757094835884,0.012988660331915487,0.9648124862782571,0.003408467887410948,0.004795503328035037,1,0
2020-01-14,0.0033146234179027277,0.008434438559524316,0.033910901091421496,0.02635923615077823,0.01843625070613979,0.6981519507186859,0.0,1.2142857142857142,0.010045453250497017,0.026778474536194176,0.012513476993583924,0.9923091450875006,0.003048201749248466,0.004746742398533214,1,0
2020-01-15,0.0034714225031877623,0.011610625148879613,0.03976337912515344,0.027318347253977856,0.01839255260223218,0.7121149897330595,0.0,1.330078125,0.0100284052825739,0.03020381022178571,0.012590679051853761,0.9656317318523986,0.002929844566408099,0.004644464859477688,1,0
2020-01-16,0.010563563783697612,0.020098754720034608,0.04440147386882237,0.024824584971808183,0.018325848284261544,0.768788501026694,0.0,4.038054968287526,0.017539992441140635,0.0327042727185598,0.012701381580173155,0.9307640492686458,0.0033879838507175812,0.004778062920336539,1,0
2020-01-17,-0.0008960576821483105,0.0219226048109112,0.04057809990361282,0.02317075768080623,0.01822668680681874,0.760164271047228,0.0,0.9020080321285141,0.019905861715811705,0.030513396617649315,0.012581752921137864,0.9519897120811432,0.0034443741999166935,0.00473458342535577,1,0
2020-01-21,-0.00616567657088432,0.010287875451755472,0.03161959363717408,0.035165295822479854,0.018568911321062972,0.7039014373716632,0.0,0.5549019607843138,0.00749053530820722,0.02441478068266454,0.012910832164458192,1.0243913814009649,0.0038619241076133307,0.004774835509938778,1,0
2020-01-22,-0.001996777640646959,0.004976474393205784,0.025866037784272013,0.029188154388172707,0.018611988316469,0.6907597535934291,0.0,0.9390739236393176,0.005524872746824007,0.021380679844008058,0.012921006792199586,0.9133269936149856,0.003898158166786779,0.004728774411201704,1,0
2020-01-23,-0.0008843330269443064,0.0006207188630737148,0.022003673252935167,0.025540040654454064,0.018695179192408023,0.6767967145790554,0.0,1.052219321148825,0.00387062553712666,0.018080551677537634,0.012941085402605667,0.973112681120505,0.003902758088139157,0.004733641376868319,1,0
2020-01-24,-0.011990957088763618,-0.021933802009387517,0.006478845396064903,0.02566217256247864,0.018841229018383397,0.6012320328542095,0.0,0.2580136626379401,-0.01596042194017084,0.008867751439888409,0.013217741333165665,0.9235002093426611,0.004780071698490342,0.005021592906609865,1,0
2020-01-27,-0.015402931444020697,-0.0364406757712599,-0.012242501325027478,0.029281076739940255,0.01943774581938356,0.5182751540041067,0.0,0.1943480416460089,-0.02982749851146858,-0.006001816275738435,0.013936665827927585,0.9825069108500304,0.005822722167425193,0.005435391388813874,0,0
2020-01-28,0.0078878883363428,-0.02238711086403278,-0.0074827537696283385,0.02640472566018201,0.019638059285776492,0.5589322381930185,0.0,3.073253833049404,-0.015969285524231394,-0.0010821058379120233,0.014216589174995492,0.8778971971651552,0.006062120945438512,0.005467328985297426,0,0
2020-01-29,-0.003951974838069063,-0.024342308061454883,-0.007105706785536219,0.024180160817264543,0.019892174358498292,0.5379876796714579,0.0,0.6760365425158117,-0.018692114962761117,-0.0017880955414913762,0.014584089565554594,0.8678279866620424,0.006050313266960553,0.005478728492966515,0,0
2020-01-30,-0.0022647350245451315,-0.025722710059055704,-0.007240130800283912,0.025161448452939814,0.019922149761328237,0.531006160164271,0.0,1.0050977060322854,-0.01918817866410333,-0.0021261272805861795,0.014873906096817031,0.9425281819057599,0.0060523746684018505,0.005492080892091094,0,0
2020-01-31,-0.019277320108689548,-0.03300907307898164,-0.03107955019968782,0.026244470734220586,0.02064438333960021,0.4242299794661191,0.0,0.125,-0.027733608445060173,-0.024338491243243495,0.01576913031071805,1.1285995839264051,0.007210846694214517,0.006037184540131992,0,0
2020-02-03,0.006962896057445138,-0.0106432455775158,-0.027554479649698583,0.027915606732726472,0.020712207621805843,0.4681724845995893,0.0,2.370944992947814,-0.006206802929589725,-0.019527935872899166,0.015842771008911048,1.0099005829315133,0.007370318229030098,0.006019496977000152,0,0
2020-02-04,0.013857134372010279,-0.0046739995418483195,-0.01034443983574718,0.031044955656921204,0.02124440029451961,0.5412731006160164,0.0,3.701375245579568,-0.0013986336504814847,-0.00021014538066235473,0.01645330872441222,0.9674485055297405,0.008056888831214628,0.005981075724327656,0,0
2020-02-05,0.013710581744643619,0.012988557040864358,0.0009124102723754012,0.03231102209058878,0.021842667080784653,0.5983572895277207,0.0,3.598848368522073,0.012718197182153872,0.01060245761995929,0.017230440669712785,0.9183764099830838,0.008617668928633387,0.006146230792570723,1,0
2020-02-06,-0.0021996335335902296,0.013053658531819261,-0.00014247160145065054,0.03187108278876503,0.022115395432598314,0.5761806981519507,0.0,0.8535825545171339,0.011236051280469006,0.009662510571779151,0.017499094769271327,0.8218754296713591,0.008628009511212762,0.006157027658801428,0,0
2020-02-07,-0.011848860778280637,0.020482117862228172,-0.012286568293563754,0.030351323987707835,0.022408908776131133,0.5305954825462013,0.0,0.36177474402730375,0.02077387537800436,-0.0008628743328226221,0.017914760941234148,0.8330764628021176,0.009005475297195985,0.00629438109945483,0,0
2020-02-10,0.004213666658289991,0.01773288846307302,-0.010148335847816381,0.028074418311564445,0.022472459089365033,0.5383983572895277,0.0,1.734249713631157,0.0168642072637526,0.002389543523735377,0.017937144349567877,0.8741754515750917,0.00904904304703144,0.006309737970498298,0,0
2020-02-11,0.007550635252584104,0.011426389343646846,0.00012220717779262496,0.03434852194507362,0.0228412838388335,0.5675564681724846,0.0,2.436599423631124,0.012009581829738113,0.01010032759380653,0.018297547461730623,0.9427514421871007,0.00919842733671896,0.0063688769061380855,1,1
2020-02-12,0.007870129129844528,0.005585936728847754,0.002523283519365743,0.026983419620316168,0.022829841299395658,0.5901437371663244,0.0,2.3217270194986073,0.006019659304325683,0.01102863206691617,0.018484621567121204,0.9982549624504794,0.009284253405930405,0.006416068137924302,1,1
2020-02-13,-0.0016505281214118776,0.006135042141026106,-0.0024418680199488657,0.024280565491621584,0.022804081285126898,0.5831622176591376,0.0,1.0168776371308017,0.0073033360192176384,0.007430558682495227,0.018494893407765698,0.9097254536992893,0.009262029988953271,0.006419589732586441,0,1
2020-02-14,-0.0017816894413301006,0.01620221347797664,-0.007694979964466729,0.026630156994247017,0.0228846948444112,0.5630390143737166,0.0,0.8878281622911695,0.014609610917937091,0.0049443813282839906,0.01857474779658799,0.8976668578294326,0.009231175221068689,0.006406872237021559,0,0
2020-02-18,-0.001630731249373688,0.010357815570312963,-0.019889274997538023,0.029456418711765242,0.02288224857434654,0.5408624229979466,0.0,0.6985032074126871,0.008345238200706127,-0.00901359661034104,0.018369994322811528,0.9855481908073186,0.008886350991602432,0.006406576749336024,0,0
2020-02-19,0.006526019687858663,0.009333200005587525,-0.01246719762753105,0.0319166318657584,0.02318843757974751,0.5581108829568788,0.0,1.74364896073903,0.006151457522055607,-0.00378100323240184,0.018520738733426263,0.9688995215310868,0.009034839549273962,0.006426327889652116,0,0
2020-02-20,0.0017495421164250486,0.0032126129921680475,-0.004551978940221681,0.029425080326732585,0.02324816553863351,0.5581108829568788,0.0,1.2640075973409306,0.001746765343429994,0.0022506980789393093,0.018685233079278586,1.018821069141222,0.008955519609679996,0.006386408978018466,0,0
2020-02-21,-0.01002409127817188,-0.005160950164591956,-0.012579292577746603,0.028847495401817056,0.023524872060653,0.5166324435318275,0.0,0.378534333525678,-0.0063196613618432505,-0.006124647797627981,0.018944193012942784,1.0202904125396182,0.009203188127335433,0.006538156439956609,0,0
2020-02-24,-0.03224308934685333,-0.03562235007011519,-0.043938048897655624,0.029569918901551983,0.02479070039058517,0.3749486652977413,0.0,0.0694076038903625,-0.03473508407670996,-0.03641788869550589,0.020617245918030436,1.157662271156025,0.011507415689570063,0.007748192638178878,0,1
2020-02-25,-0.035002618593953656,-0.06899423741469515,-0.06694971040284567,0.030328979352639288,0.026211811279820373,0.24476386036960984,0.0,0.06195079086115993,-0.06685059618107492,-0.06155375602956255,0.021950199313542706,1.2437633642195018,0.013431869747437927,0.00893634107518158,0,1
2020-02-26,-0.012112841892000027,-0.08763309899455385,-0.063659620850825,0.03709603915713522,0.026587226635508783,0.22012320328542095,0.0,0.42899584076054664,-0.08220294556404338,-0.056116857067425516,0.022386390374379252,1.0625037050609758,0.01330081919545804,0.009048317611552179,0,1
2020-02-27,-0.03726852697025729,-0.1266511680812362,-0.10881603615742508,0.03778137301313995,0.02828372116927629,0.12566735112936345,0.0,0.09390519187358916,-0.12130481860344598,-0.10110894900918718,0.023861847672686506,1.267255243990726,0.014990138080149474,0.009997347664944768,0,1
2020-02-28,-0.010906223906059555,-0.12753330070912386,-0.11577028522541558,0.042969726019844,0.02925183672731793,0.09856262833675565,0.0,0.4427114577084583,-0.1254214406782975,-0.1166020930490281,0.024358233852811197,1.345582148347814,0.015038350288828519,0.010069868338530142,0,1
2020-03-02,0.02673693261626525,-0.06855327874600527,-0.0867686175846052,0.038124420197199936,0.03084595131000096,0.1650924024640657,0.0,5.098484848484849,-0.0639334241060464,-0.08176845085930239,0.025897868336484022,0.9350653237897928,0.016601937828410115,0.010633843309240377,0,1
2020-03-03,-0.019288999133332364,-0.05283965928538398,-0.08678029660924802,0.03505655791770955,0.03117664684370642,0.1437371663244353,0.0,0.2516865594187857,-0.048578537089467716,-0.08255171941531307,0.026258534872728882,0.8923290372047009,0.0166024707377668,0.010880244454277151,0,1
2020-03-04,0.028174869114060523,-0.012551948279323433,-0.06556832355263263,0.03130088277462013,0.03216355159540982,0.2246406570841889,0.0,7.5587188612099645,-0.009732900375396251,-0.05969621649477814,0.027326171124778243,0.7242464255053955,0.01790540203450559,0.011450417131366974,0,1
2020-03-05,-0.03456700755153823,-0.009850428860604379,-0.11399246547618114,0.03792473083448078,0.03296045554881037,0.17453798767967146,0.0,0.10406207211319032,-0.0029137789538806014,-0.10655476895812542,0.028371715821839883,0.8224560322246833,0.018709456147116516,0.01221187908735408,0,1
2020-03-06,-0.024529072510658643,-0.02347327746520347,-0.1522321197314834,0.04088244466054167,0.03312340406675023,0.13963039014373715,0.0,0.24152106885919836,-0.014620916435936887,-0.1390772695039178,0.02837294356910068,1.0182767624020443,0.018614231683986546,0.01251767953228261,0,1
2020-03-09,-0.11039672113832052,-0.16060693121978925,-0.2604292073362137,0.09551643863360634,0.041522140060723876,0.060369609856262836,0.0,0.017118997912317326,-0.1359270964189713,-0.23108158444673765,0.03583710622216872,1.175525566877798,0.029142974232979967,0.018551513065365302,0,1
2020-03-10,0.03183033211047859,-0.1094875999759783,-0.21675001444745448,0.051336129424136845,0.043428004256695206,0.07392197125256673,0.0,4.356347438752784,-0.08417935645595903,-0.18841996155656335,0.037626529944174605,1.0918662594438084,0.03070142335859161,0.019008244503047507,0,1
2020-03-11,-0.06512565670234634,-0.20278812579238514,-0.2860893378080908,0.04836796184115404,0.04550688332445437,0.03490759753593429,0.0,0.03630926954293037,-0.17772030099996913,-0.25362929949289104,0.03984043554829456,1.0294919409252519,0.032722188686987355,0.020550226183085104,0,1
2020-03-12,-0.1222281853585781,-0.29044930359942506,-0.415868158419253,0.0700909377822275,0.052507708647327685,0.017659137577002052,0.0,0.02269861286254729,-0.26092961892939154,-0.3839053637508052,0.04671259717663677,1.2175888799786052,0.03997467445075781,0.025363774519483007,0,1
2020-03-13,0.0649730721345726,-0.2009471589541938,-0.3587652154145249,0.07101556747666823,0.05695905563291858,0.02915811088295688,0.0,7.066666666666666,-0.17187666287223388,-0.3219405803683639,0.05147352022169077,1.0498935882295033,0.04371808933910055,0.02687810295532264,0,1
2020-03-16,-0.14282495089674288,-0.23337538871261612,-0.49993963818985593,0.09598448662979296,0.06549945539437382,0.01642710472279261,0.0,0.04291845493562232,-0.21551038361434421,-0.4597082194441085,0.060368788440496736,1.0078889239507667,0.05140474057069554,0.03193335955965071,0,1
2020-03-17,0.03596362261404464,-0.2292420982090501,-0.4621943261344812,0.0944255552764252,0.06910285878870961,0.031211498973305954,0.0,2.471264367816092,-0.20540798118476536,-0.40280503240570553,0.06396513456056656,1.066829765758058,0.05285285723368437,0.0323933699158309,0,1
2020-03-18,-0.12606986833859776,-0.2901863098453015,-0.5866334632237052,0.1165659690518929,0.0754744585919134,0.02381930184804928,0.0,0.09221772379667116,-0.2532732927662391,-0.5246335540368846,0.07010987625795584,1.0010721619295129,0.057247022654678605,0.03565924427485297,0,1
2020-03-19,0.06497560574395027,-0.10298251874277316,-0.5281838771676136,0.10224902419409576,0.07992764082610822,0.02546201232032854,0.0,3.1084745762711865,-0.08587563735245413,-0.47643824719112665,0.07289339220970786,0.9513956440736571,0.06034341668921804,0.036829483693346765,0,1
2020-03-20,-0.026365114712623653,-0.1943207055899694,-0.5562985339966623,0.07687621763238857,0.08118443191376339,0.016837782340862424,0.0,0.4836923076923077,-0.1783600819342345,-0.5050646569053324,0.07387967945295029,1.0544434863315286,0.06002779334289032,0.03687564240805826,0,1
2020-03-23,-0.028274870816394803,-0.07977062550962132,-0.5745493135348854,0.0773527613196275,0.08245714717018744,0.018069815195071868,0.0,0.49845009299442034,-0.07740561927595142,-0.526249144618073,0.07541524773942504,0.8402283990519276,0.05990947453392069,0.03692610577617974,0,1
2020-03-24,0.09351277771967453,-0.022221470403991427,-0.44879344646835745,0.09738252971720848,0.08814369182732665,0.02792607802874743,0.0,18.1984126984127,-0.027616105818227984,-0.39720982103330654,0.08072435227331619,0.8610623353819077,0.0654278554511232,0.03909420267340186,0,1
2020-03-25,0.035696144182947795,0.13954454211755413,-0.378094683691456,0.07392746409482502,0.089975779547224,0.02915811088295688,0.0,2.406515580736544,0.13073441490850085,-0.32755426923002007,0.08176339280026497,0.9347097256496412,0.06650147546039702,0.03944862854255282,0,1
2020-03-26,0.058082809794953484,0.13265174616855735,-0.30789903200450247,0.06835456967945819,0.092208559787611,0.04476386036960986,0.0,7.056666666666667,0.12553206361602706,-0.2664738197072315,0.08394941107875724,0.8678940756578638,0.06854518712938554,0.04027356269994829,0,1
2020-03-27,-0.04036396488806783,0.11865289599311318,-0.310994469922313,0.054235325649874815,0.09250867795082858,0.0324435318275154,0.0,0.20459081836327345,0.11497682243986558,-0.2657031873288908,0.08422009083924495,0.7924318300240348,0.06859953866876135,0.04048516962821997,0,1
2020-03-30,0.009340212522068096,0.15626797933157607,-0.2907480334941854,0.05690500942249057,0.09287072940956391,0.05297741273100616,0.0,1.9012048192771085,0.1610472912860343,-0.2317179783024141,0.08435367557135694,0.8065585104332587,0.06879911974331417,0.04053512816111432,0,1
2020-03-31,-0.004917470806564607,0.05783773080533695,-0.3224024369170152,0.05722978276341782,0.09275020682545863,0.05297741273100616,0.0,0.7269452449567724,0.06207773389792471,-0.26583036874616744,0.08442778816269829,0.96099253495947,0.06820977260668348,0.04053173033093823,0,1
2020-04-01,-0.06378926928942988,-0.04164768266704073,-0.36690270707311273,0.05605881054039064,0.09361210039129474,0.03860369609856263,0.0,0.07832665776591011,-0.028286604311089834,-0.3074541273509078,0.08512201936547747,0.9249760206847465,0.06902455638330283,0.04113813251619531,0,1
2020-04-02,0.007934355158385285,-0.09179613730360893,-0.38714322102878795,0.04942364540395018,0.09348367859158546,0.05379876796714579,0.0,1.6831460674157304,-0.07086290507817349,-0.3243576664207941,0.08487197042835952,0.9080021149552963,0.06849457763901659,0.04116165250899475,0,1
2020-04-03,-0.026463287249232685,-0.07789545966477379,-0.3790395007264824,0.0464119414346842,0.09356066521103777,0.05010266940451746,0.0,0.2689873417721519,-0.06021864568368787,-0.3194894670625379,0.08499676456429468,0.8880267762056764,0.06842193881935354,0.0412259106829971,0,1
2020-04-06,0.07458715413374795,-0.012648518053093923,-0.27992327408207585,0.05257903886152277,0.09598863201115405,0.09281314168377823,0.0,19.887931034482758,-0.006546677200385634,-0.22463275628795445,0.08736832114227877,0.9899326699022813,0.0713102335895131,0.04250256779398732,0,1
2020-04-07,0.012625788431528638,0.0048947411849993225,-0.15690076451222668,0.049468902086573875,0.09273347855111745,0.08583162217659138,0.0,1.6123778501628665,0.01112815887052109,-0.11794647016559547,0.08477288643091128,1.0585047026940813,0.06790948822128777,0.04256771550007895,0,1
2020-04-08,0.04653426940877401,0.11521827988320321,-0.14219682721393123,0.05033015436741857,0.09296724061481156,0.11950718685831623,0.0,9.543859649122806,0.10745210679599226,-0.10939531746216183,0.0848340365695124,0.9017193533019496,0.06840894107820387,0.043084476098631495,0,1
2020-04-09,0.03752372498450297,0.1448076497093209,-0.03954744552708192,0.05102660826711555,0.09251072081680349,0.1728952772073922,0.0,4.447963800904978,0.12768195054735812,-0.01611050151188413,0.08423649316435805,1.0227722445748877,0.06769443150199878,0.04342037772951936,0,1
2020-04-13,-0.016599529142223693,0.15467140781632988,0.06608121068927249,0.04839051217254157,0.08785941911876359,0.1535934291581109,0.0,0.3697142857142857,0.13620570982610747,0.07872117270055264,0.07976069837671557,0.7580200678349216,0.061989141411375626,0.04344212771617732,0,1
2020-04-14,0.02044374771527696,0.10052800139785888,0.021551886269976842,0.03960550990295774,0.08581688956991688,0.23326488706365503,0.0,3.1649305555555554,0.08240923896935086,0.027211752742599064,0.07808586533029548,0.8911753751197131,0.06051253624367037,0.043544239196447294,0,1
2020-04-15,-0.03829144189695457,0.04961077106937567,0.12608539526976517,0.040476185434794185,0.07811854951255723,0.1815195071868583,0.0,0.12389380530973451,0.03990983538643732,0.1280103369764434,0.07029953318874028,0.8885267860789093,0.051753116796239965,0.04372641305875908,0,1
2020-04-16,-0.00808029232508004,-0.00500379066447838,0.08204148033064047,0.04383807756838726,0.07562453915045877,0.2082135523613963,0.0,0.7191091954022989,-0.006832990988631273,0.08244017651238784,0.06771125794614434,0.9442365041143459,0.05136931064642392,0.04371038793494876,0,1
2020-04-17,0.04029279193500815,-0.002234723713973201,0.24840414060424643,0.042007061062912715,0.06744346356671242,0.27145790554414784,0.0,7.722021660649819,-0.0030782340935275087,0.23734238768634427,0.06057086653586683,1.0205196535642769,0.04236048766598256,0.044052939743459696,0,1
2020-04-20,-0.01591562428491769,-0.0015508188566671955,0.16751291057537845,0.03982385352298468,0.06428125306019442,0.25585215605749484,0.0,0.3559797866367209,-0.0049381825500267465,0.1705536258171599,0.05842275379793308,0.9044665012406573,0.040940074066864125,0.04406724723907992,0,1
2020-04-21,-0.023508051584905872,-0.04550261815685003,0.17036997370309623,0.034790873010794955,0.0626418734903479,0.20369609856262832,0.0,0.19116186693147963,-0.049111247321984505,0.16860421548668222,0.05664060457847515,0.9090479490895316,0.04082482904427683,0.044122920034903874,0,1
2020-04-22,0.015538994816983412,0.008327818557087953,0.21418383933647445,0.037087102632593044,0.06052343402840432,0.25913757700205337,0.0,2.635258358662614,0.0051485665513211895,0.2102954379900146,0.05495358149058109,0.8428965037583815,0.03998312273945656,0.044205086154395744,0,1
2020-04-23,0.011605364175961367,0.028013475058129365,0.13227642579276128,0.04350409932914419,0.055725591611966226,0.27967145790554415,0.0,1.653421633554084,0.015122484242586842,0.12521888337327222,0.05026790187869243,0.9304229893292953,0.03515278388991706,0.044256010369027196,0,0
2020-04-24,0.0120323846449188,-0.00024693223195998144,0.10861266625473227,0.034539819141995026,0.0539071317941684,0.3347022587268994,0.0,2.4473304473304474,-0.007775314642928196,0.10793077358115404,0.048898243759746024,0.8942552437413266,0.034537206539202316,0.04430458911764803,0,0
2020-04-27,0.03463744145237395,0.05030613350533166,0.08516729791215273,0.0431086065233694,0.052126478680676165,0.44969199178644764,0.0,6.182089552238806,0.0434736377916015,0.08046144848858518,0.04743713116024558,1.0272248380028843,0.033089920787764786,0.04456904673464121,0,0
2020-04-28,0.015410068453728012,0.08922425354396556,0.1409413312539486,0.04368325997892679,0.05085823678949537,0.5203285420944559,0.0,1.9641975308641975,0.07918360673957525,0.128617334834746,0.04595150570041006,1.0638648537288395,0.03154881484237614,0.04461294814577089,1,0
2020-04-29,0.046220641392503654,0.1199059001194858,0.17782176012438414,0.058431739726851326,0.05120239161164274,0.7006160164271047,0.0,6.459876543209877,0.10955055542389536,0.15248588112579872,0.04625974839846716,1.1618066462759356,0.032707680493119756,0.045067062762148904,1,0
2020-04-30,-0.02645400501369948,0.08184653092982494,0.15628522591724925,0.04092882694830599,0.05130537939543322,0.6201232032854209,0.0,0.21911540416878494,0.06956808464743952,0.1328781565333123,0.046931780084889095,1.0264831028270571,0.033476949752930245,0.045158192848098,1,0
2020-05-01,-0.03712972280038779,0.03268442348451835,0.18294477240629134,0.0412224620352419,0.04944079028679381,0.504312114989733,0.0,0.11531365313653137,0.023214186215614916,0.15864892888023013,0.04495405532944628,0.865317684227871,0.03105882765021219,0.04531126911838931,1,0
2020-05-04,0.0023918604482568552,0.00043884248040125225,0.1774022776961629,0.040716514817778944,0.04897826931266709,0.5273100616016427,0.0,0.9624489795918367,-0.009017728234503801,0.14563694362205146,0.044623814458909644,0.8275942570327519,0.03108929743184731,0.0452966047207366,1,0
2020-05-05,0.0046040419725143205,-0.010367184000812445,0.20846960691790992,0.043234038937666225,0.04821171298183126,0.5679671457905544,0.0,1.459016393442623,-0.01693523212082759,0.17746875771027235,0.04390762885622622,0.861533957845408,0.030067359678735067,0.045251529100194345,1,0
2020-05-06,-0.011109011041265021,-0.06769683643458113,0.12277344174289692,0.04762614423797323,0.045603872174976884,0.535523613963039,0.0,0.49937421777221525,-0.06559722017571899,0.09296689828765743,0.04105173320554177,0.8568243154291698,0.026450723567729362,0.04519828958305372,1,0
2020-05-07,0.01863647143245618,-0.022606359988425462,0.12878412474382447,0.0421356511974873,0.04538229395997422,0.611088295687885,0.0,3.0489864864864864,-0.023758307381424384,0.09899417962604487,0.04103536265094351,0.9652357494721959,0.026560046609240037,0.04529457830341274,1,0
2020-05-08,0.03290835021341592,0.04743171302537825,0.11515820554846638,0.044280846891665865,0.0447164650561462,0.7449691991786448,0.0,6.4937888198757765,0.03687667103341923,0.08688524419932458,0.04043668661386035,0.9285333333332838,0.025675402223592162,0.045529125468899874,1,0
2020-05-11,-0.007759312581847639,0.03728053999527376,0.06987516798211578,0.047926412625768786,0.04384504311007006,0.7063655030800822,0.0,0.5525467440361057,0.02905641251199853,0.04896323448941825,0.03968149874615761,1.017152881554122,0.024734284448937986,0.04551982770097816,1,0
2020-05-12,-0.02634425577216847,0.006332242250590967,0.060130441352171,0.044130192586393786,0.043904970242455085,0.6242299794661191,0.0,0.2047952047952048,-0.002052944490336064,0.039220685989937804,0.03988875044779012,1.0104813269562933,0.02521358670397369,0.045580654731998294,1,0
2020-05-13,-0.03662454590470607,-0.019183292612850074,0.0030621477321879764,0.04138427673546791,0.044370046800758664,0.5363449691991786,0.0,0.12727272727272726,-0.023544009551901134,-0.013614233533593301,0.04055642821353958,1.078847337848321,0.026277022168266065,0.04572882947697677,1,0
2020-05-14,0.007922754523703418,-0.029897009521602836,0.04927634415284597,0.036048325523468386,0.043465630563201345,0.5638603696098563,0.0,1.6522222222222223,-0.0322243771140835,0.026788313221292825,0.03935714097541255,1.006414851748403,0.024790112276177712,0.04575706302158054,1,0
2020-05-15,0.009399666785031954,-0.053405692949986795,0.06675630326295796,0.04469224358458555,0.04325677801527244,0.5979466119096509,0.0,1.6625698324022347,-0.055262651021357995,0.03664356810550671,0.039166209846557,0.8962941683423659,0.02471585807259086,0.04579201839410909,1,0
2020-05-18,0.05707995591782434,0.011433575549685177,0.08354346724577415,0.04859089578362746,0.044401410211914384,0.7991786447638604,0.0,10.175115207373272,0.007595048883146181,0.05581485575789304,0.04013206773539308,1.006252681910056,0.026202993286658538,0.04645379629350306,1,0
2020-05-19,-0.011620274405156818,0.026157556916696828,0.08783881712553503,0.04549486440599294,0.04418326908004433,0.7540041067761807,0.0,0.4199645599527466,0.019920795651709195,0.06092489639512552,0.040290611423965825,0.8251337664493503,0.026056291189855946,0.04644346532641581,1,0
2020-05-20,0.023692739656885824,0.08647484247828872,0.13503960836732673,0.033138380557435246,0.04378673149365778,0.8262833675564681,0.0,4.990074441687345,0.08126043877161541,0.10715921897944998,0.04015812113941857,0.8764585668138678,0.025579649569967732,0.046571903959659766,1,0
2020-05-21,0.000595862459355315,0.07914795041394063,0.12009647600969862,0.032727569452433394,0.043562352877690995,0.8336755646817249,0.0,0.770941438102298,0.07019959468818511,0.0896692498184065,0.03997556583784226,0.8309580011579651,0.02552137661911382,0.04656890251764562,1,0
2020-05-22,0.0020437295796267513,0.07179201320853541,0.11053484141336402,0.029804056650084086,0.043282891878100194,0.8291581108829569,0.0,1.1833180568285977,0.06732858354947187,0.08126840100097542,0.039722286691793035,0.7454091345363512,0.02549638774134394,0.04643144650005906,1,0
2020-05-26,0.030928654873681724,0.045640712164392805,0.12943111164212692,0.042955140866391794,0.04399128656521866,0.9088295687885011,0.0,4.043933054393306,0.041743819088902206,0.10335446682795042,0.04067805311113262,1.1472747367286031,0.026074117848309986,0.04644768886256191,1,0
2020-05-27,0.025971792032043233,0.08323277860159285,0.12076546222179621,0.039536415932945115,0.04370389640104236,0.9408624229979466,0.0,4.191810344827586,0.0773632371095495,0.0932905383615457,0.040511313076018275,1.1561518128771575,0.025666337556845654,0.04656458581373993,1,0
2020-05-28,-0.01594817703936186,0.04359186190534516,0.08940721672870634,0.03712385609168178,0.0436921028615595,0.9260780287474333,0.0,0.4394484412470024,0.041530364619426156,0.06926862932638372,0.04059384766594959,1.0090872100908035,0.02598646967222158,0.04637841561584711,1,0
2020-05-29,-0.0033076837468725287,0.03968831569911732,0.03987889158933016,0.03629863966609277,0.04209017596234753,0.9117043121149897,0.0,0.8402140672782875,0.04001990501578623,0.029151140521487186,0.039008682268543114,1.1093473319530665,0.02417172460901648,0.04636285589922995,1,0
2020-06-01,0.01462868255801158,0.05227326867750215,0.08096157916104121,0.03331912621177649,0.041353695459302606,0.9240246406570842,0.0,2.539705882352941,0.049761292832733756,0.06447613031852859,0.03790946009419931,0.8139509040194672,0.02341284576943274,0.04627035250349026,1,0
2020-06-02,0.013447260919384127,0.03479187472320455,0.13153856288081314,0.035972647397191915,0.04005009093236137,0.9297741273100616,0.0,2.414772727272727,0.03068593105861015,0.10943055246912985,0.036477911329102615,0.8585581422216964,0.02151005369900263,0.0462494765076463,1,0
2020-06-03,0.02726526600712318,0.036085348698284496,0.15641196843967944,0.04589620239268267,0.04045173985507548,0.9416837782340862,0.0,3.6939571150097468,0.029355446449994504,0.13696935246295086,0.0367192314187627,0.9675561406617827,0.021966178023572907,0.046240416175168254,1,0
2020-06-04,0.006777929226792602,0.05881145496443896,0.15858585569395775,0.039820833337856645,0.0403464493940412,0.9392197125256674,0.0,1.1675675675675676,0.048286810542644096,0.13799209385236302,0.03659835648892061,0.9422008363407175,0.02195722498155539,0.046047108183507,1,0
2020-06-05,0.03467212287423903,0.09679126158555051,0.20436698960946179,0.05259176853054106,0.04057787090771242,0.9494866529774127,0.0,5.0551378446115285,0.0825011201529521,0.17998778142124744,0.036700733075808165,1.1751586893119597,0.02228214953202391,0.0461463685984172,1,0
2020-06-08,0.02839241951067517,0.11055499853821411,0.2141229376876808,0.05496684921832951,0.040871849964001374,0.962217659137577,0.0,3.396709323583181,0.08866733854952161,0.18452907912650304,0.03649013503990128,0.9900497512436827,0.02257684404971353,0.04401852916560869,1,0
2020-06-09,-0.02096459078821949,0.07614314683061049,0.16024999668604537,0.04021120619991261,0.040945109791615045,0.9568788501026694,0.0,0.2399588053553038,0.058765652608183686,0.13633641156373424,0.036269631340713517,0.8627083244533297,0.02292513952105764,0.043962405039452104,1,0
2020-06-10,-0.023321374650512934,0.025556506172974374,0.14468793461738008,0.04616643789392957,0.04121673369916226,0.9453798767967145,0.0,0.3101575230852797,0.013481141031474358,0.1244396416544088,0.036596418952712706,0.8940291784634957,0.023686382643077514,0.04324069501621686,1,0
2020-06-11,-0.07976076264708719,-0.06098218570090541,0.09127142774246136,0.0476209080573139,0.044750919869110235,0.7926078028747433,0.0,0.015429524603836531,-0.06176197759546464,0.07910424976159373,0.039778946439311784,1.0601706331387357,0.02957097421799923,0.04155882922557048,1,0
2020-06-12,0.026222823264554936,-0.06943148531058951,0.15411879691172234,0.0338931302150535,0.043667236089669895,0.8340862422997947,0.0,5.403183023872679,-0.06962964064121874,0.134322762598659,0.03866555658662954,0.9036673682117154,0.02837317595594278,0.04091539104734284,1,0
2020-06-15,0.015185982394210712,-0.08263792242705398,0.16138202478222965,0.030086294229600536,0.04357971502315636,0.8509240246406571,0.0,2.955592105263158,-0.08056384375287025,0.1396270141314559,0.03852703278352481,0.9120075606844182,0.028424869975357883,0.03644064271131334,1,0
2020-06-16,0.019512722135272744,-0.04216060950356174,0.17149508013247045,0.028522969043918232,0.04334594595164599,0.886652977412731,0.0,5.286089238845144,-0.0414159224279335,0.15342126368032205,0.03854904357442646,0.9156947873215726,0.028540806112874177,0.036276269788148276,1,0
2020-06-17,-0.013918769524477976,-0.03275800437752678,0.10049635469016813,0.03386111878493817,0.04161850339774049,0.8447638603696098,0.0,0.37471395881006864,-0.03157919139227456,0.08186384583629683,0.03665772761923214,0.792254246452718,0.026595804772626776,0.032266560330431106,1,0
2020-06-18,-0.0007165443803186076,0.04628621388924181,0.11140008471500636,0.028845075624607443,0.04116799320011521,0.82217659137577,0.0,0.7816691505216096,0.03837771672419815,0.09313352189621128,0.03624013878571122,0.8347495078610363,0.02636493628782275,0.03140837886469545,1,0
2020-06-19,-0.005717816754869168,0.014345573869817704,0.08198952830325133,0.030340710869567415,0.04094541128646467,0.7991786447638604,0.0,0.5416397675919948,0.009267942318313314,0.06640706419553176,0.0357625486643078,1.4642346587599935,0.026119329525986994,0.03117395544633984,1,0
2020-06-22,0.0043193921817745685,0.003478983657381561,0.0857130580256706,0.029169447001082684,0.040858210664606785,0.8053388090349076,0.0,1.3388834476003917,0.0016299379013408203,0.0709338260197178,0.035883838107059945,0.8202133062467841,0.026108383798513275,0.030862345171680322,1,0
2020-06-23,0.005249407703601931,-0.01078433077428925,0.08891873614964577,0.028073406564920404,0.040760073193745305,0.8024640657084189,0.0,1.314617618586641,-0.013861642211499436,0.07164651979520544,0.03591599598982423,0.8593574477645312,0.026105244458536674,0.028790151547239802,1,0
2020-06-24,-0.03407007610725282,-0.0309356373570641,0.023920005168711227,0.03189844230430774,0.040540323915331376,0.6431211498973306,0.0,0.083668903803132,-0.03390164532310382,0.00833494914760768,0.03553150933346919,0.9472185720542108,0.02662998320541978,0.028942135620680726,1,0
2020-06-25,0.011858479599160917,-0.018360613377584576,0.009806692735828912,0.031033061370422353,0.03983658084774313,0.6870636550308008,0.0,2.7629513343799057,-0.02067593881088508,-0.005365475918030543,0.034560187311313544,0.8128437101050746,0.026145626896547612,0.02812748576046748,1,0
2020-06-26,-0.02534755195968028,-0.03799034858239569,0.0004073178155104921,0.03589739645229294,0.039991942179791455,0.5609856262833676,0.0,0.17233009708737865,-0.036627569988243,-0.015493184072217522,0.034793007228550006,1.3852753944090543,0.02651848585174834,0.027812291962319206,1,0
2020-06-29,0.022929377534006756,-0.019380363230163494,0.02664437909638978,0.035536589048454754,0.040303857856795654,0.6665297741273101,0.0,4.396396396396397,-0.018236204947856886,0.008630556914203356,0.0352618819460362,0.7825302141852021,0.02696814738346273,0.02790955994460686,1,0
2020-06-30,0.011358326363293276,-0.01327144457047215,0.02337402290167147,0.03008812317601412,0.04021140109514551,0.7236139630390144,0.0,3.2066549912434326,-0.008396269354448024,0.00993249216948738,0.0351758756516658,0.853260869565171,0.026896488728503073,0.02790215432954375,1,0
2020-07-01,-0.005612789529830656,0.015185842006950018,0.004313972452456692,0.033514712408120824,0.04015552304534654,0.6685831622176591,0.0,0.7004249291784702,0.016571325678677206,-0.0075415425114749995,0.03523656260478206,0.7888177900490629,0.0267808018149307,0.026547659596237082,1,0
2020-07-02,0.004786939838317114,0.008114302246106214,-0.018164353716349373,0.03427727078732507,0.0391580035856673,0.6731006160164271,0.0,1.5410885805763073,0.00985682729402366,-0.029365357910672886,0.034149225636077085,0.7420483851160392,0.026085361393105414,0.0265451251202634,0,0
2020-07-06,0.01510799614866858,0.04856985035445507,-0.009834286794473398,0.04927142108121201,0.03921930251538302,0.7137577002053388,0.0,2.9718543046357615,0.04445174358792284,-0.02217387124936003,0.03404540760876864,0.9314040728831712,0.026270077102885068,0.02626534929500445,0,0
2020-07-07,-0.01824120806821166,0.007399264752236649,-0.06274761773692408,0.03524667497609611,0.03799821957305369,0.615605749486653,0.0,0.2502596053997923,0.005805540506272309,-0.07284486596276026,0.033164333416457796,0.9272987384575352,0.02524880317731009,0.0249053941535547,0,0
2020-07-08,0.008038818465172733,0.004079756854116109,-0.08310121878242653,0.03015086659871748,0.036679010423016786,0.6086242299794661,0.0,1.6503884572697003,-0.0017673708721192144,-0.08869789903132427,0.03245137892957285,0.9551148225469275,0.024358956131870554,0.02488705300988389,0,0
2020-07-09,-0.017854256293293264,-0.008161709909346497,-0.07999088428750029,0.030855922024929386,0.036409590314664356,0.5108829568788501,0.0,0.27801268498942916,-0.014930727881497333,-0.08946658936475474,0.0323616796080639,0.9982605334363646,0.024259628025979075,0.02443531547473778,0,0
2020-07-10,0.015188234025743088,0.0022395842780794776,-0.04148127561124427,0.029908205240272878,0.03614654692973025,0.5897330595482546,0.0,2.6443768996960486,-0.004758857291782216,-0.04831909715824198,0.03209279062020618,0.8519163763065905,0.024166238346647974,0.024087389598048473,0,0
2020-07-13,-0.010819230403663409,-0.02368764227425251,0.027460256632179516,0.05409701670486087,0.03150544070041959,0.5564681724845996,0.3798767967145791,0.5446945337620579,-0.024408818297634735,0.01756803463597133,0.027679596483268634,1.0491071428571144,0.01655513218062206,0.02402343116392139,1,0
2020-07-14,0.01395394788497975,0.008507513678938901,0.015191381252604327,0.034252962869669154,0.030976510073315106,0.6168377823408624,0.4057494866529774,2.936378466557912,0.008001313987922767,0.009831952745012707,0.027246173945021282,0.9481198275221735,0.015832628793947534,0.023960556509658525,1,0
2020-07-15,0.029775144004292275,0.03024383921805844,0.02978054286268589,0.03528693939915733,0.03170164898526216,0.7581108829568789,0.43737166324435317,6.45679012345679,0.030223171124233904,0.0243037400539409,0.02805487864736002,1.0269696969696658,0.0167900935755397,0.023612813281851084,1,0
2020-07-16,-0.005183394381396708,0.042914701129955,0.005084426346016438,0.02567665834218086,0.03129728770593764,0.7174537987679671,0.43655030800821354,0.5809649702577661,0.04522334285716891,0.0012523007814929567,0.027680685759436077,0.8113952613764478,0.016317578703543917,0.023592083912212753,1,0
2020-07-17,0.003630896395698197,0.0313573634999101,0.022634092266192608,0.028134189638183187,0.031000721934807837,0.71129363449692,0.4525667351129363,1.3145631067961165,0.028404714612813735,0.015480763681611909,0.027373661782792675,0.8323515551366513,0.016002428624222163,0.023126548392360103,1,0
2020-07-20,-0.0010452876165263623,0.04113130628704715,0.022305349029984853,0.03256542326376076,0.0310894904795439,0.6731006160164271,0.4439425051334702,0.7251082251082251,0.03369498725451951,0.015816277910242697,0.0276285416232399,0.8806852455060392,0.016004432401053908,0.023003021917188088,1,0
2020-07-21,0.014863375179742587,0.04204073358180998,0.042886540964596605,0.037473003499647765,0.031413520177845676,0.7429158110882957,0.46406570841889117,2.453371592539455,0.03373809227695161,0.03141622826482829,0.027732772101835546,1.0106382978722477,0.01619748725957526,0.022782869760203498,1,0
2020-07-22,0.0028755058664167088,0.01514109544393442,0.041442654649238755,0.02919315045746136,0.03140353159703978,0.7326488706365503,0.4747433264887064,1.304725168756027,0.010167994150812704,0.03261694013014247,0.02756625533930962,0.938881555309077,0.01619040060536897,0.022736364375524724,1,0
2020-07-23,-0.002048384712045009,0.01827610511328612,0.03414486223359181,0.038164417550564336,0.031631952553737165,0.7277207392197125,0.4731006160164271,0.7896706586826348,0.012739111389668288,0.026798135172800844,0.027746928201673005,1.0013518926497045,0.016194889237929097,0.02272704256398246,1,0
2020-07-24,-0.010470637796526948,0.0041745709210609765,0.05774430054431769,0.027344617072389863,0.030517670529890902,0.6611909650924025,0.45462012320328543,0.30344450519409516,0.0010427768121893033,0.04767078683105322,0.026555657180449353,0.8803118968105573,0.014302254123026522,0.022770893027360996,1,0
2020-07-27,0.009270926731310697,0.014490785268898035,0.05515674767646746,0.03450244851567813,0.0305481543577449,0.6685831622176591,0.4722792607802875,1.8694610778443115,0.010729232701181094,0.04307128492286864,0.02650571407788795,0.9351378773055025,0.014230824484704651,0.02243047235963657,1,0
2020-07-28,-0.006419439585938686,-0.0067920294967832385,0.07408486005020906,0.035453429286655534,0.02987477204414932,0.633264887063655,0.4574948665297741,0.5248724489795918,-0.007942991605165603,0.061988939520496986,0.025712268568578268,0.9154896198691747,0.012908422955287475,0.022403449778130025,1,0
2020-07-29,0.017657775762879125,0.007990240399679176,0.06881325827908141,0.047318672968455,0.02976112853198738,0.7047227926078029,0.4891170431211499,3.9958592132505175,0.005954043544521011,0.05714235139437516,0.025456600265469677,0.9854656846770434,0.0125587815436111,0.021787026113341518,1,0
2020-07-30,-0.006292571409890928,0.0037460537018332565,0.05116236050589722,0.03402196607971388,0.029982993957076143,0.6513347022587269,0.48254620123203285,0.5094339622641509,0.0010345306633087927,0.03908434586538733,0.02567907769822179,0.9629370629370461,0.012581507331184547,0.021506386089765402,1,0
2020-07-31,-0.00697454548705249,0.007242146011307714,0.04980060454867538,0.03188907898561357,0.029845183646961138,0.6073921971252567,0.4698151950718686,0.5705843729481287,0.004347773215466213,0.03965736248190186,0.025580865360302307,1.1058445258752427,0.012628488446933104,0.02093895220566631,1,0
2020-08-03,0.013208386186823805,0.01117960546682082,0.058222050897182076,0.038735521664531966,0.030201244934228773,0.6365503080082136,0.4891170431211499,2.0935897435897437,0.00679180666977646,0.04346396987790622,0.025820642214491145,0.968215434991222,0.012840953432103744,0.020978635858474648,1,0
2020-08-04,0.008678618673082682,0.026277663725842188,0.05179267342159617,0.0319587997513921,0.029986189061147216,0.6574948665297742,0.49691991786447637,1.739476678043231,0.01783230611541544,0.03697364033139401,0.025933105917221477,0.9256803505534922,0.012606646609828893,0.020989567336824118,1,0
2020-08-05,0.013604700495370405,0.02222458845833347,0.08363858198517823,0.033479516949059734,0.029677048093204542,0.7108829568788501,0.5219712525667352,2.6809160305343513,0.013925339850581834,0.06644850481519678,0.02563270272315504,0.9480758733624131,0.011885956617150667,0.020949048663224053,1,0
2020-08-06,-0.0016090493483443327,0.02690811051988007,0.07399071417166117,0.03927402740885245,0.030032248588532897,0.6919917864476386,0.5186858316221766,0.8605919003115264,0.01980271518820068,0.06189171558297583,0.02601116674939253,0.84682419691847,0.01190777926760758,0.020869419381507305,1,0
2020-08-07,0.008314882370321144,0.0421975383772537,0.10015985283527558,0.039161650225262926,0.029888936603827115,0.737987679671458,0.5416837782340862,1.7545871559633028,0.03488463332216769,0.09116177832108868,0.025707218777564603,0.9039606184254773,0.010884046370037691,0.02053308299275475,1,0
2020-08-10,0.011597566963798156,0.040586719154228054,0.09656918577333064,0.03521710920517374,0.029945820939922197,0.7741273100616016,0.5618069815195071,2.0062735257214555,0.03560862655585604,0.08573032422185811,0.025640613349274546,0.9711589388030003,0.010739431923951007,0.020516376549301565,1,0
2020-08-11,-0.004911136732011027,0.02699696374913434,0.10247727944498303,0.03776341396701914,0.029847469203359255,0.7675564681724846,0.5618069815195071,0.8895027624309392,0.027150997424957038,0.09040285727488752,0.025522952765025173,1.078513737994758,0.010386944172976831,0.020194227364135887,1,0
2020-08-12,0.005312019751771769,0.018704283005535706,0.09383535131177505,0.04198053560959594,0.029826203927952044,0.7778234086242299,0.5683778234086242,1.6478405315614617,0.023096598552957783,0.08289891642482994,0.025577018905354045,0.8645035280139427,0.010178565044143679,0.019530153550227664,1,0
2020-08-13,-0.001990522743477513,0.018322809610402526,0.06206968456400526,0.02792728907963176,0.029043919922021155,0.7593429158110883,0.5589322381930185,0.6565307532826538,0.01803890697669478,0.05126566086686575,0.02452891326328229,0.7795268962033512,0.00844184986933255,0.019539419918010732,1,0
2020-08-14,-0.00027337435205727716,0.009734552888024106,0.0669797045933447,0.026447715097596476,0.02894208174238492,0.7560574948665297,0.5589322381930185,0.9109863672814755,0.009610519537315463,0.05258714834739019,0.024331656118535678,0.7492169344245636,0.008271428659061868,0.01953446591458577,1,0
2020-08-17,0.0032919780861002065,0.0014289640103261562,0.0666407862837467,0.029805901425949282,0.02894347528763593,0.75564681724846,0.5655030800821356,1.0699481865284974,0.0,0.05326703553297438,0.024266128095234665,0.8894382690806184,0.008270855001241983,0.018308113719839,1,0
2020-08-18,-0.00889830133900288,-0.0025582005966656965,0.05878777256127019,0.030446871502179722,0.02876748819031205,0.7264887063655031,0.5540041067761807,0.4509685230024213,-0.004040405644838063,0.048790122601029336,0.024206983192725122,0.954590652966444,0.008640406181803022,0.01827620903581991,1,0
2020-08-19,-0.0034789711577456472,-0.011349191506183113,0.04044542622378195,0.027504616524083463,0.028255100425126398,0.7075975359342915,0.5523613963039015,0.6654954321855235,-0.013129291441792736,0.032947838994533366,0.02331540851332321,0.9680894035276367,0.008279463889487047,0.018101109559181747,1,0
2020-08-20,-0.00451992729752896,-0.013878596060234562,0.03304999305983628,0.035306301166517506,0.02823824934976098,0.682135523613963,0.5400410677618069,0.5608638743455497,-0.015462775048248705,0.02600512580395481,0.023327768980950143,0.9149629791668559,0.008393551267628975,0.018121818453087735,1,0
2020-08-21,-0.009043945330481053,-0.022649167038658335,0.026054432441400235,0.027658840809365072,0.027990901176507727,0.6394250513347023,0.5232032854209445,0.4504830917874396,-0.020192439336664,0.021834470807307244,0.022915242436832933,0.9981378026070298,0.008678479433062932,0.01818049040686512,1,0
2020-08-24,0.011243283455420474,-0.014697861669338067,0.04776835369334766,0.03482395971890694,0.028225626529946625,0.704312114989733,0.5527720739219713,2.6234939759036147,-0.008126776071308638,0.04348864233227782,0.023450579060830323,0.9772332269158204,0.008505188970152492,0.01784780720188937,1,0
2020-08-25,0.0024411687443425885,-0.003358391585992598,0.04093859570637955,0.024028332941012236,0.027825569949950526,0.7141683778234086,0.5572895277207393,1.1001757469244289,-0.00041452910320073557,0.03764530412990532,0.022978120759744876,0.904111018363932,0.008353513834612379,0.017583471459693658,1,0
2020-08-26,-0.004483637642908789,-0.0043630580711557405,0.04287439764940945,0.0319591521100401,0.027767875251982793,0.6780287474332649,0.5429158110882957,0.6339468302658486,-0.0017369650335235408,0.03859104571879573,0.022995541493674013,0.9369007114135333,0.008266775974684292,0.01745694888732802,1,0
2020-08-27,0.0012775167001300434,0.0014343859265032635,0.026494138586660367,0.03051867446830834,0.027176701852846964,0.6977412731006161,0.553182751540041,1.2749762131303521,0.006230433397832238,0.026619142577198756,0.02244797691803069,0.9606292053100345,0.007452298364786631,0.017444597765361364,1,0
2020-08-28,0.012074204857813044,0.022552536114797364,0.044860914854364345,0.024430890642946092,0.02679627557486416,0.7326488706365503,0.5716632443531827,2.8896103896103895,0.02051711542888285,0.041220586395488756,0.022015440497226695,0.9132870034228696,0.007597753805182962,0.017417566942675863,1,0
2020-08-31,-0.01013751288186937,0.001171739777507517,0.04169794745954746,0.02735480390230148,0.02669420590198345,0.6825462012320328,0.5540041067761807,0.4018746338605741,-0.0029844850149812214,0.03708875241201901,0.022029614500667285,1.1271456256920982,0.007815623517588226,0.01741872749112251,1,0
2020-09-01,0.006604581484404023,0.0053351525175689505,0.03509414275712768,0.03165986792814249,0.026376969031864247,0.6919917864476386,0.5679671457905544,1.7517162471395882,0.002737855793363956,0.03231295357047398,0.021907364560047597,0.991105679464966,0.007466548801587891,0.017118110226858146,1,0
2020-09-02,0.007855619777297507,0.017674409937775245,0.0342711438613425,0.03027546649369357,0.026318373979327736,0.7273100616016427,0.5954825462012321,2.3272980501392757,0.01757367679408341,0.037995726371969886,0.021851759503515842,1.0190855579998659,0.007429999377889895,0.01712431874670934,1,0
2020-09-03,-0.026233804495103943,-0.009836911257458742,-0.005567361129131846,0.04221030886998534,0.027041848533732194,0.6234086242299794,0.5523613963039015,0.1811062163485071,-0.008804861836329891,0.0013925426593549611,0.02223528295892875,1.0842026825631363,0.00911503036407971,0.01692277931654293,0,0
2020-09-04,-0.0042344183442344415,-0.02614553445950623,-0.008192730125021955,0.02539521378433418,0.026601390030826164,0.5831622176591376,0.551129363449692,0.6444749485243652,-0.020916682343081385,-0.0012906575466681306,0.022053749085276367,0.9843920585499913,0.009152312758210207,0.016542401089662283,0,0
2020-09-08,-0.019314255909808047,-0.0353222774874449,-0.03582186840515114,0.033925457686230724,0.02666603112536483,0.46324435318275153,0.5063655030800821,0.2435367114788004,-0.02914384827642944,-0.0306531945434483,0.022188675114473515,1.0257294952680882,0.009801252366510206,0.01651038471971597,0,0
2020-09-09,0.01230100866927579,-0.02962585030257314,-0.035118426699673515,0.026935290998035568,0.02641534831848716,0.5252566735112937,0.5388090349075976,2.88474025974026,-0.021782167786345473,-0.02616810451615428,0.021964643741505346,0.8810611384399027,0.00985007237740667,0.01631629967512927,0,0
2020-09-10,-0.01264068342528755,-0.050122153505158196,-0.04284797339295003,0.024584155490767624,0.026073440649127654,0.4574948665297741,0.5112936344969199,0.26371308016877637,-0.046153132478615445,-0.033831133526734655,0.021724926075943,0.9008318739053962,0.010117926548064838,0.01281989915691041,0,0
2020-09-11,-0.001889066491346872,-0.025777415501401123,-0.05004905963606868,0.023770506657853848,0.025742187217674958,0.44722792607802875,0.5158110882956879,0.9074960127591707,-0.0239039982852072,-0.04082201687199717,0.021693944262622365,0.8563074352547589,0.009977335702738488,0.012424480774182166,0,0
2020-09-14,0.022424181707426445,0.0008811845502597609,-0.025634355185164718,0.033671114223879445,0.026382405316757156,0.5248459958932238,0.5503080082135524,6.097345132743363,-0.0012893237925110127,-0.018273054098358422,0.022215501388457803,0.9298229768786043,0.011353008881938506,0.012590731944756486,0,0
2020-09-15,0.002243600435776151,0.02243904089584396,-0.023117380397331293,0.026374794487277857,0.02645056741911022,0.5334702258726899,0.5568788501026694,1.1798365122615804,0.019202565334793552,-0.014333431032286868,0.02234254212723313,0.9311123339105647,0.011376771088609593,0.012368338813819464,0,0
2020-09-16,0.007736191356246694,0.017874223582814867,-0.018673167127184802,0.03003855510345626,0.026563713038031907,0.5519507186858317,0.5683778234086242,1.645484949832776,0.011608715993696053,-0.013664331809069228,0.022396095792647484,1.0677591550912486,0.011503204000002201,0.012253718385547702,0,0
2020-09-17,-0.0033180707457144587,0.027196836262387954,-0.01309293653389638,0.028641072169987826,0.026510098012573646,0.5252566735112937,0.5605749486652978,0.6287671232876713,0.01971716041479805,-0.013367220335890322,0.02222864593543215,0.9907980635699296,0.011372653446806835,0.012264388310315791,0,0
2020-09-18,-0.005413393028535385,0.023672509725199443,-0.015027358404686119,0.029041168265802345,0.026659027784883656,0.47145790554414785,0.5441478439425051,0.4787430683918669,0.011714338643314334,-0.017601335939674716,0.02230247387022244,1.5395803436372655,0.011404727532956759,0.012261726732702956,0,0
2020-09-21,-0.031366356940104125,-0.030118028922331123,-0.04187378804726128,0.0358277584422645,0.027972670399318708,0.31745379876796714,0.4804928131416838,0.14407179971658007,-0.0319105900773763,-0.04055397436578177,0.023942149939357296,0.9600366076876086,0.013213690440213246,0.012916640160346488,0,0
2020-09-22,0.0027755985612180397,-0.029586030796889238,-0.03005424415556219,0.02454267036872243,0.028004377807335393,0.33305954825462014,0.4924024640657084,1.4271151885830784,-0.027822478939220338,-0.02989918080701799,0.024189619584958275,0.7473426489907926,0.01314995617043683,0.012905779508495911,0,0
2020-09-23,-0.029994495069555396,-0.06731671722269132,-0.07129202268053807,0.033429404222722274,0.028245899189798977,0.2349075975359343,0.44353182751540043,0.08951866846603689,-0.059855107960146384,-0.06852333826921056,0.024099051730345416,0.8274820729326473,0.014199773262552935,0.012738943777976674,0,0
2020-09-24,-0.00038036137345003035,-0.0643790078504269,-0.07411355279833068,0.029070990008348046,0.0284227262474209,0.22628336755646816,0.4431211498973306,1.0748476936466493,-0.056695288921622906,-0.06748871309403391,0.02423857853932094,0.7732501810725133,0.01415506993603286,0.012656658404478337,0,0
2020-09-25,0.012620284045020832,-0.04634533077687068,-0.05700963111040107,0.027718962671858582,0.028475225852069453,0.2767967145790554,0.47145790554414785,3.376146788990826,-0.03871451629938583,-0.05471378171414314,0.024440621634236413,0.8085272716338804,0.014583012176980607,0.01231262018458785,0,0
2020-09-28,0.020180054471700317,0.005201080634933757,-0.038107093338830784,0.03324296492495254,0.028979070999924753,0.3642710472279261,0.5026694045174538,6.335365853658536,0.009926445705634212,-0.0381949172883951,0.024955032872031956,0.8959613122467358,0.015402116703794636,0.012238113952600337,0,0
2020-09-29,-0.003573892425258035,-0.0011484103515423138,-0.05375519062190187,0.03052661414144236,0.028907850683130922,0.32813141683778235,0.5014373716632443,0.5533159947984395,0.0018310386746078653,-0.05266656309229647,0.024803056609740966,0.856083924402608,0.01507156148674778,0.012176899013888465,0,0
2020-09-30,0.0017198874719245721,0.03056597218993765,-0.04189779026810793,0.026883234926602446,0.028809900474703228,0.3371663244353183,0.5047227926078028,1.373134328358209,0.030382113798232028,-0.040569194700503984,0.02465453962854862,1.1057439446366706,0.014995395088172023,0.012150884575784046,0,0
2020-10-01,0.010389128742141132,0.041335462305528814,-0.03811324301037081,0.027366127219454972,0.028703944720824336,0.4004106776180698,0.5232032854209445,2.34593837535014,0.038627810383500445,-0.03531064587664931,0.024636189254005,0.9880769278863583,0.015126087213337708,0.012201022846133733,0,0
2020-10-02,0.004705022707037077,0.03342020096754507,-0.04126384008063124,0.029369595550024625,0.0286333101199824,0.4246406570841889,0.5334702258726899,1.5168776371308017,0.029600724211776227,-0.03931528459572871,0.02470648116740049,0.9170335252285707,0.015040757868192572,0.012075051764574603,0,0
2020-10-05,0.022413651284171377,0.03565379778001613,0.00738361569864408,0.030325845397407153,0.028147754515805083,0.531006160164271,0.5728952772073922,6.12759643916914,0.03018065394575196,0.0008451019125655271,0.024407163344523898,0.8939342875418669,0.014861245392588545,0.012132069561603712,1,0
2020-10-06,-0.005955300483683117,0.03327238972159104,0.005662733559195403,0.02892686561170237,0.028149709321111147,0.5039014373716633,0.5708418891170431,0.552956465237167,0.029002850361555522,4.701272998792899e-05,0.02428449302736552,1.0208327141965434,0.014892509364903292,0.012135856902612463,1,0
2020-10-07,0.018775751191025664,0.05032825344069214,0.04375274066002912,0.03035398156156062,0.02775450035326333,0.5811088295687885,0.602053388090349,4.725536992840095,0.04122822956243392,0.033607801415821606,0.023709623446810945,0.9511577763194856,0.014706452292515859,0.012088822760801253,1,0
2020-10-08,0.013850754024330768,0.053789878722881775,0.0453024860150841,0.03409558124112024,0.027922065223728428,0.6517453798767967,0.633264887063655,3.6647286821705425,0.04705417668157329,0.03589107505126635,0.02382982508757591,0.8665569963227759,0.01476406331164863,0.012065934086549532,1,0
2020-10-09,0.0043027283338518225,0.05338758434969652,0.062245897774223465,0.027099645922120545,0.027693680938349972,0.6694045174537988,0.6447638603696099,1.2728136882129277,0.04644444300509239,0.050879020461042555,0.023387678602771533,0.8644897725428767,0.014372725444377465,0.011962953056889825,1,0
2020-10-12,0.003573498395440033,0.03454743146096518,0.06770846266101037,0.02917734097993125,0.02772265664157259,0.6878850102669405,0.6566735112936345,1.8441247002398082,0.03163328683236026,0.058198083022338816,0.023428814214804052,0.8501101378003068,0.014329867491629407,0.011865828285070074,1,0
2020-10-13,-0.008489118456231225,0.03201361348841707,0.036795162497352714,0.02784743890920254,0.027451311839974797,0.637782340862423,0.6398357289527721,0.4447129909365559,0.02662806470845212,0.02874085752719001,0.02338023107374036,0.938540371689247,0.01383827854140275,0.011378510433378263,1,0
2020-10-14,-0.004517338959373804,0.008720523338017594,0.030034223102202755,0.024272211795314785,0.02739902274502383,0.6008213552361397,0.6340862422997947,0.5591116917047682,0.007411507111460343,0.023224518966281017,0.023117800499993697,0.9058917695548963,0.013904760614790951,0.011372827181247446,1,0
2020-10-15,0.004513131097373256,-0.000617099588939919,0.026811162843329312,0.024513982211074745,0.027181965899037954,0.6164271047227926,0.6410677618069816,1.5639097744360901,-0.0014632967551393447,0.022321812851044485,0.023138927885622204,0.9172735279585732,0.013849353102386502,0.011376445117021499,1,0
2020-10-16,-0.003334890683087962,-0.008254718605879703,0.026794342905955813,0.022039751217699497,0.026996257413536142,0.5995893223819302,0.6390143737166324,0.7468910021945867,-0.00698576607336745,0.025535742371307166,0.02297509167238729,0.928757552329397,0.013849632603040112,0.01138734316654049,1,0
2020-10-19,-0.010576996629220537,-0.02240521363054027,0.02163073930527066,0.023189589873612495,0.026859996751755932,0.5379876796714579,0.6114989733059548,0.2829581993569132,-0.023760112497933847,0.01969473144580663,0.022956900088819628,0.9867335911727879,0.014019132538479074,0.011344220107832677,1,0
2020-10-20,0.004836309372368207,-0.009079785801940838,0.05783340561774299,0.024210556868804266,0.025296420693458437,0.5716632443531827,0.62217659137577,1.8814993954050785,-0.01064070171560578,0.05329992693294575,0.021120446765788402,0.9586365102691766,0.011902251770391234,0.011352841122395292,1,0
2020-10-21,-0.005951172425325835,-0.01051361926789287,0.049106634631199124,0.028343444840788826,0.025467172261246944,0.553182751540041,0.6238193018480492,0.6063257065948856,-0.011037808955771073,0.04481328517750015,0.02130264110506673,0.9759025812537434,0.012052851341180821,0.011379129941112268,1,0
2020-10-22,0.012530776063828235,-0.0024959743014378905,0.09163190576458276,0.02738340222110593,0.02443845925723444,0.6086242299794661,0.6595482546201232,2.663093415007657,-0.003867496048696642,0.08571913357837854,0.020570485810434302,1.0119152691967779,0.00968962786164563,0.0113834175940151,1,0
2020-10-23,0.004898116280719712,0.005737032662369785,0.09691038341875251,0.021397853394560545,0.024245737327478745,0.6275154004106777,0.6636550308008213,1.75635103926097,0.0019242815603231433,0.08761821333252777,0.0204265869205043,0.8836721061169537,0.009628689889536333,0.011345944882963655,1,0
2020-10-26,-0.023112401558894737,-0.006798372267304412,0.06117769781483693,0.025044952212411035,0.024905494797944294,0.5129363449691992,0.6151950718685831,0.12471024571163654,-0.005519779147224235,0.05150329094513418,0.021314339549559295,1.0250436808385228,0.011176181619116593,0.011711322964878975,1,0
2020-10-27,-0.010103242671545823,-0.02173792431121844,0.030894400671590792,0.032529283658229956,0.024852363134200566,0.4587268993839836,0.5917864476386037,0.45167173252279635,-0.02076886141725956,0.02190760735070937,0.021434545061991758,0.9639597345863989,0.010783680445150899,0.011586365372039463,0,0
2020-10-28,-0.03299211913518894,-0.04877887102108155,0.0014761739616598868,0.03635971920082982,0.02621952469451826,0.313347022587269,0.5195071868583162,0.07583148558758315,-0.047628034905484,-0.0043787651773347525,0.022863821498632343,1.1864562727146988,0.01312785092271871,0.012298066108307998,0,0
2020-10-29,0.012469651032334064,-0.04883999605257572,0.012225937522069382,0.029781181945869834,0.02656824239472684,0.37453798767967145,0.5544147843942505,2.6108597285067874,-0.04791856575678933,0.0031811863955800122,0.023208446326831382,1.0317021981663252,0.013402107220676949,0.01236700629438055,0,0
2020-10-30,-0.011164299963203244,-0.06490241229649868,-0.009327491183274998,0.03172355254075475,0.026779879453437676,0.3227926078028747,0.5338809034907598,0.48635235732009924,-0.061365193182268914,-0.015865948671109246,0.023289774545195964,1.0441001301951032,0.013438772243030339,0.012334394939562367,0,0
2020-11-02,0.018449216315414862,-0.023340794422189077,0.004416702425102787,0.029009365790309573,0.027159040472058017,0.4164271047227926,0.575359342915811,4.192640692640692,-0.021125831843925854,-0.0009676080914527369,0.023420183843442903,0.9247575402323301,0.014024019344634271,0.01250798583340751,0,0
2020-11-03,0.0237204911055946,0.01048293935495134,0.005723542246526009,0.028732896687304818,0.027380979974073807,0.5285420944558522,0.628747433264887,7.390243902439025,0.009514774940142494,0.0030172775924850455,0.02370473324059236,0.9011344605398818,0.014129970406563677,0.012748598145588938,1,0
2020-11-04,-0.0008815700816288536,0.042593488408511425,0.010797272648580271,0.04226845748141588,0.028343203264167737,0.5425051334702259,0.6308008213552362,0.9535830618892508,0.04069432589363934,0.009546602648708645,0.025309976649061625,0.9609247571093907,0.014061367828732926,0.012747336462563513,1,0
2020-11-05,0.02797546878907565,0.05809930616525301,0.01999699024663025,0.0438585540809258,0.029213698806378082,0.6714579055441479,0.6747433264887064,5.830028328611898,0.05392014170381804,0.01713753705729754,0.026146072624892183,0.9513636835009753,0.014783519404487352,0.013184092598504771,1,0
2020-11-06,-0.005978820609528611,0.06328478551892765,0.0001674156127708681,0.03739727071076605,0.02928328228774884,0.6410677618069816,0.6640657084188911,0.6370471633629529,0.05748304077750107,0.001226367371167452,0.026264812982881372,0.836344172353751,0.014549900996991088,0.013130106228519709,1,0
2020-11-09,0.03862737004149684,0.08346293924500962,0.03449205732041589,0.08670623836987765,0.03418036190521706,0.7486652977412731,0.7683778234086243,2.6651445966514458,0.07586568282586631,0.03328914444135989,0.030260388485386997,1.4279420464119597,0.016809077135973006,0.01397713498261565,1,0
2020-11-10,0.0122780017053057,0.07202044984472072,0.04319656063028155,0.040762507066538244,0.034897579268460426,0.7794661190965092,0.795482546201232,2.1402359108781126,0.06625808082809806,0.040176426090264124,0.031055446311422895,1.0596786534046085,0.016965669709695833,0.014040369748474587,1,0
2020-11-11,0.0012072061849450091,0.07410922611129458,0.052892885271457794,0.036069539648612,0.03513279075980183,0.8086242299794661,0.7963039014373716,0.9752475247524752,0.06842060783396195,0.047954429773839485,0.031501429751749306,0.8038247812721644,0.016795391977031903,0.014035288462013212,1,0
2020-11-12,-0.015601789353942174,0.03053196796827676,0.04180843487688942,0.03236867513126604,0.03555459418994327,0.7683778234086243,0.7749486652977413,0.24036979969183359,0.02815058017830533,0.03818247564238275,0.031838135871046995,0.7848023161991521,0.017196946826106712,0.014190023255803695,1,0
2020-11-13,0.021023457643189056,0.057534246220994435,0.058318761422705215,0.027896922355532646,0.03582666504959979,0.8147843942505133,0.8123203285420945,6.401234567901234,0.05120392149725604,0.054432226777040515,0.03197705568186237,0.7004970613980188,0.017688409222815053,0.014414849842588695,1,0
2020-11-16,0.02244861774708611,0.0413554939265837,0.08410226985287929,0.03467600563651704,0.036267978361167574,0.8410677618069815,0.8414784394250513,4.301098901098901,0.03779940015348226,0.07545624502692361,0.03213689847365903,1.0148858332281434,0.018132226552157023,0.014605500033155623,1,0
2020-11-17,0.003653049586989139,0.032730541808267136,0.09833231606908897,0.029829931409803487,0.03622360503687769,0.839835728952772,0.8464065708418891,1.1300089047195014,0.025191902103067765,0.08692818876766349,0.032091969136186484,0.9611858190708883,0.01782330378535822,0.014593507844839362,1,0
2020-11-18,-0.009257383421709914,0.022265952201612215,0.08423862327501085,0.030304374686134266,0.03653439159417988,0.8078028747433265,0.8283367556468173,0.4043427230046948,0.015497338310533916,0.07289089864114104,0.032469153747583544,0.9924159265542237,0.01808070923254081,0.014638032778199648,1,0
2020-11-19,0.008296003033802495,0.04616374458935688,0.09848579873413917,0.027084491082649324,0.036404274505750345,0.8209445585215606,0.8373716632443532,1.821933962264151,0.036630410925868474,0.08357202981342955,0.032531111921995426,0.8617986201572724,0.017955056592569383,0.014597815657164122,1,0
2020-11-20,0.002133681775574327,0.027273968721742155,0.08808870444588528,0.11535355407645426,0.036736845366914246,0.8172484599589322,0.8381930184804928,0.8317972350230415,0.015059482175361266,0.07328482479756884,0.032338682602534405,0.8992094861659917,0.017871186837733265,0.0145484624069512,1,0
2020-11-23,0.019458035065506137,0.02428338604016218,0.10264862323067168,0.040752652827196145,0.037238674853037106,0.8340862422997947,0.8566735112936344,3.042016806722689,0.009332441461513897,0.08370481288177566,0.03247401673195123,1.0195941161446518,0.0181796124212828,0.01471901631752767,1,0
2020-11-24,0.018795452570544904,0.03942578902371795,0.14455647736011132,0.03572670983168364,0.03702421207773761,0.8451745379876797,0.8784394250513347,3.36231884057971,0.027530726163688617,0.12415278596110854,0.03248369833307021,1.1477987421381644,0.01722748762444188,0.014845507092723366,1,0
2020-11-25,-0.002819987354421262,0.0458631850910066,0.15183973267723588,0.03038176347762801,0.03677646278929449,0.8472279260780288,0.8718685831622177,0.6611111111111111,0.031375722530422236,0.12991467089652156,0.032176216274987304,0.8593068432786742,0.01693931341756529,0.01485929860098817,1,0
2020-11-27,0.005024848675945785,0.04259203073314989,0.1898567004883706,0.029331218372024948,0.03536783783256665,0.8591375770020534,0.8751540041067761,1.1924839596700274,0.028418263008731983,0.16472737346191227,0.030649855998341025,0.5099745949772915,0.014242527937954613,0.014810938990499711,1,0
2020-11-30,-0.014418870412144711,0.026039478545430844,0.16296817904389183,0.040676781026764385,0.0359479762915217,0.8476386036960986,0.864476386036961,0.35297418630751964,0.015866686258041038,0.13784101972091367,0.03130643730681607,1.2580566703148937,0.015101593764445228,0.014878055599455275,1,0
2020-12-01,0.009639240343933344,0.016220683823858058,0.18377171935102843,0.03098072693696415,0.035628680131276666,0.8587268993839836,0.875564681724846,2.695852534562212,0.012787866680827409,0.15975609064463142,0.03072349544475713,1.0460656145344474,0.014467100566642183,0.014897722336832397,1,0
2020-12-02,0.00439389381741973,0.0018191250707328835,0.1697163968530333,0.03222845470364856,0.03550424033013508,0.8447638603696098,0.8837782340862423,1.4078549848942599,-0.0032544111621568453,0.14117422360850357,0.03063417391236746,0.9412758766370536,0.014320374770255594,0.014882767516746593,1,0
2020-12-03,0.006096930031992269,0.010736042457146416,0.15209283577943095,0.028857464125586384,0.03520124697851475,0.8459958932238193,0.8862422997946612,1.6225382932166301,0.005138082420882045,0.12327823273441821,0.03029940091249469,0.9470141348793208,0.013867302134775336,0.01444053138100017,1,0
2020-12-04,0.020967394314426242,0.02667858809562687,0.17394180017548605,0.03125363159463834,0.03445164717719842,0.8652977412731007,0.8989733059548255,4.72209026128266,0.022060368847463846,0.14679949574892437,0.029396320452094015,0.8617770016404492,0.014045783407691212,0.014595760023502042,1,0
2020-12-07,-0.0023037831363946575,0.03879367537137693,0.14366254825001573,0.03156992350119107,0.03385068277242797,0.8607802874743327,0.8973305954825462,0.6461327857631759,0.03337861592144554,0.11966771159455529,0.028595896418904133,0.9217720641186293,0.013465335313298472,0.014330825791723456,1,0
2020-12-08,0.007448598294496696,0.03660303332194028,0.15708996715404108,0.03325144879838318,0.033419503892783066,0.8628336755646817,0.9059548254620123,1.8086854460093897,0.026704170720635755,0.13007802577761168,0.02815075009555333,0.9647484756097101,0.013141040661946919,0.014294620600961856,1,0
2020-12-09,-0.007738290884613754,0.024470848619906796,0.11072430622793046,0.03401406704842436,0.029265006709069227,0.8386036960985627,0.9002053388090349,0.7077690662865289,0.01855868903026965,0.08720378058566848,0.02422712143909729,1.033257068148348,0.011429896124522002,0.014220062571133809,1,0
2020-12-10,0.009915766600299605,0.028289685188214127,0.10836207112292437,0.04436873422127079,0.028725531826381816,0.839835728952772,0.9039014373716633,1.3738872403560831,0.015020637589990024,0.07644316475874871,0.023381816503885443,0.9101064142512519,0.01136896667166684,0.01422845012483127,1,0
2020-12-11,-0.006593232258513023,0.0007290586152748664,0.10056163267946634,0.03076508378005143,0.02843336944219698,0.8287474332648871,0.8965092402464065,0.5657552083333334,-0.006103230978939003,0.0719479769986478,0.02314028197165856,0.8913926474012251,0.011629028384339405,0.014074154341605579,1,0
2020-12-14,-0.003737016624128827,-0.0007041748724593026,0.11242640540927969,0.03476705070758208,0.02816854871202628,0.8184804928131417,0.8944558521560575,0.6358658453114305,-0.005060828495805148,0.08519464025623455,0.0226124809302732,1.0218531468530576,0.010851035777747443,0.014099621158427505,1,0
2020-12-15,0.01924428341115494,0.011091510244198941,0.11064723117724556,0.02862961773711417,0.028125770301812427,0.859958932238193,0.9117043121149897,5.6,0.005899419611895304,0.08169543326848355,0.02247824242635171,0.9684761193015665,0.010728829377679836,0.014236838346408012,1,0
2020-12-16,-0.001397761670531771,0.017432039458280927,0.08680085175962768,0.02608093824591379,0.0275798497819621,0.86652977412731,0.9075975359342916,0.7447272727272727,0.00877359348565263,0.05637132252438845,0.021633789239879492,0.9588937010865071,0.01006076404144868,0.014224909832861447,1,0
2020-12-17,0.01041408838951472,0.01793036124749604,0.09356189056215326,0.02767270412169334,0.027632672546758042,0.8817248459958932,0.9141683778234087,2.2375168690958165,0.01305187339408546,0.06377620979824074,0.0216389602738603,0.9855643707783702,0.010152387354865925,0.01421120455691752,1,0
2020-12-18,-0.0034159003616886898,0.021107693144320375,0.0994033736221745,0.0302514511810249,0.027512411408953583,0.8628336755646817,0.9043121149897331,0.6897759103641457,0.013446435811029188,0.06954523279133186,0.02162645335169873,1.6193234909361978,0.009832884263701852,0.01352856728449105,1,0
2020-12-21,-0.0036720585596677294,0.021172651208781472,0.08743531202870428,0.03362936158323119,0.02768914635141955,0.8439425051334702,0.8944558521560575,0.5167615433270082,0.01153769366020496,0.05633736208361146,0.02176032175801731,0.8316284213436319,0.009962061561891672,0.01356104443601496,1,0
2020-12-22,0.0033830135511923503,0.005311381348818882,0.0886846438043223,0.041880302834278016,0.027501889154323014,0.8373716632443532,0.8903490759753594,0.8521671826625387,-0.0063588207704107155,0.056536708338689165,0.02181931940489728,0.7108282196897375,0.009953059498204363,0.012855885309259836,1,0
2020-12-23,0.009583081385195855,0.016292224404546505,0.07880969012401201,0.037784502844268875,0.027093737803589167,0.8554414784394251,0.897741273100616,2.088917525773196,0.0027612454810596767,0.04987421973774689,0.02159983208826942,0.6573464175292156,0.009416076770152753,0.012859158488402739,1,0
2020-12-24,-0.0011381509432508829,0.004739985071780902,0.05887608661021623,0.022860449417366622,0.026121686128826076,0.864476386036961,0.897741273100616,1.1274509803921569,-0.0030047122082813094,0.02982163925624977,0.020452801092774125,0.31534575981786855,0.008809002128410062,0.012834427720868421,1,0
2020-12-28,-0.0003607340749147344,0.007795151358554859,0.06133533988972275,0.03127806922502229,0.026143031768759206,0.8517453798767967,0.8997946611909651,1.1216931216931216,0.002743982266323113,0.036435635876204665,0.020288277883975456,0.9648118654190663,0.008746629450511564,0.012681930760767752,1,0
2020-12-29,-0.01077075153819246,0.0006964583800301268,0.045539739675584515,0.03125003805460004,0.0263407838846348,0.8353182751540041,0.8928131416837782,0.3359288097886541,0.0019748783439091392,0.02630547887918947,0.020435575191465657,1.0191082802541278,0.009222849076444816,0.012782120841600148,1,0
2020-12-30,0.010358854923938966,0.0076722997527767425,0.07031746501166819,0.02192819351209131,0.025440064098434564,0.846817248459959,0.897741273100616,2.779527559055118,0.009389544350734913,0.05136069915066331,0.019580823692757567,0.9732076491654676,0.008555471935909238,0.012806199507158385,1,0
2020-12-31,0.00037454522232860973,-0.0015362364100905037,0.06105276989006345,0.022935089430362293,0.025043621755548688,0.8533880903490759,0.897741273100616,1.4424057084607544,0.00436441434522989,0.040654088937360444,0.01919073088773282,1.0852264997959276,0.008453119897103303,0.012786453544331906,1,0
2021-01-04,-0.008528051124929279,-0.008926136591768897,0.048130824947714444,0.03633428807520383,0.025532782547976834,0.8061601642710472,0.893223819301848,0.40534262485482,-0.007498663368450492,0.027365777418486368,0.019685409080511286,1.3234678551202734,0.008802585109235796,0.012878672660370915,1,0
2021-01-05,0.01713061725326796,0.008565214736413798,0.05916451216899014,0.02944417866404125,0.025671668480862414,0.8340862422997947,0.9026694045174538,3.4285714285714284,0.0025593009972221608,0.03437176332977702,0.019793666600616103,1.1094855063710818,0.00935313088262016,0.012770463227366965,1,0
2021-01-06,0.026547398226680435,0.04588336450128669,0.06474451608124433,0.04254678713467048,0.026662748604041973,0.8718685831622177,0.9100616016427104,3.4311926605504586,0.04013613836304093,0.04362244914971174,0.021624221798552584,1.3310053037865408,0.009954469981869295,0.013038340270087809,1,0
2021-01-07,0.015932898582287223,0.05145740815963495,0.08298119779992622,0.039897664548552605,0.0269488868386762,0.8809034907597536,0.9088295687885011,2.2789115646258504,0.04329685533902863,0.05996347327187628,0.021717533495701265,0.9602242980098956,0.010252054187312634,0.012991071072708867,1,0
2021-01-08,-0.0012242740519299966,0.049858588885376344,0.07430832545349951,0.03696688332466499,0.027102139673243302,0.8792607802874743,0.9080082135523614,0.8948616600790514,0.038083614831714796,0.050192064799865106,0.021934844408389144,0.8764804396441886,0.01027878676832689,0.01294385839910795,1,0
2021-01-11,-0.0009373817396384721,0.05744925827066715,0.0811092345984748,0.03181931959776872,0.02693882109192114,0.8472279260780288,0.9014373716632443,0.7853949329359166,0.04977807759086248,0.055498326589809896,0.021814404407130856,0.7972922495495612,0.010009331328166844,0.012956593848135543,1,0
2021-01-12,0.01498009712521023,0.05529873814260942,0.08617356512338542,0.033403924624902624,0.026876313750223587,0.8550308008213552,0.9034907597535934,2.678407350689127,0.04706753644646394,0.06338722155568575,0.0219461481272346,0.8633895465193844,0.010221236398212073,0.013035781122264991,1,0
2021-01-13,-0.0038681967783831444,0.02488314313754584,0.0888986006035153,0.031125617527389713,0.026935774847115394,0.8464065708418891,0.9039014373716633,0.6078824315297261,0.011232131483426283,0.062457378519646264,0.022045334944954646,0.9002369044484206,0.010095166445827213,0.012978545000911886,1,0
2021-01-14,0.015772465778317563,0.02472271033357618,0.10840808300596168,0.037547042054517116,0.02695341616718278,0.8533880903490759,0.9088295687885011,2.510948905109489,0.01174336028554997,0.07904722216135857,0.022140939924151462,0.9882720846748824,0.010221914334765573,0.013019320743794624,1,0
2021-01-15,-0.01302126627099184,0.012925718114514335,0.07614253332381492,0.030312331307217902,0.02704454743687505,0.8291581108829569,0.9059548254620123,0.3861671469740634,0.004274580233712107,0.04964181093637486,0.02207484655216559,1.0066195500696669,0.010422368385151105,0.0131980402397067,1,0
2021-01-19,0.012955098491431264,0.026818198345584073,0.09049539348577794,0.043908939723283434,0.027380067125564213,0.8287474332648871,0.9100616016427104,2.030188679245283,0.012123854751866375,0.058776555817768535,0.02226739197010243,1.0089995135397984,0.010546336208799394,0.01321376202284981,1,0
2021-01-20,0.005847252194308247,0.017685353414682088,0.08592855729057147,0.03184565645582624,0.02748411240682137,0.8542094455852156,0.9145790554414784,1.636761487964989,0.008444141591370082,0.055546516323290426,0.022273239824073986,0.9322169059010916,0.010460898389709159,0.013079877835994541,1,0
2021-01-21,-0.007232986319184697,0.014320563873880532,0.08211147133307546,0.029338731711499,0.027505362381650054,0.8271047227926078,0.9108829568788501,0.5154379332073094,0.00649224301684674,0.053929570883480715,0.02226481330006087,0.8848797250858472,0.010629674458118684,0.013161662980796815,1,0
2021-01-22,0.004441200605945927,0.0029892987015089,0.0902247304986891,0.029484543876547236,0.027296961510278817,0.8106776180698152,0.9067761806981519,1.1125769569041337,0.0,0.060299337934575654,0.022130802039130225,0.8814854662486743,0.010486797614909995,0.013097117455352782,1,0
2021-01-25,0.0013696988391440196,0.01738026381164476,0.08821141578664078,0.03733120050543978,0.027306014350514735,0.8036960985626284,0.9170431211498973,0.7752394988946205,0.0061792335620644775,0.05817339347359,0.02225178064923753,1.0415698055625067,0.010504753285548578,0.013060566424251421,1,0
2021-01-26,-0.004792930227614827,-0.0003677649074013343,0.0738354041738301,0.03992157605682147,0.027652922022601167,0.7679671457905544,0.915400410677618,0.5810276679841897,-0.007884181046957305,0.04288847736777507,0.022540906536741703,0.948293644427122,0.010604400680336905,0.013109263884638442,1,0
2021-01-27,-0.022744734089257587,-0.028959751190967165,0.052228821027823405,0.05867468452221236,0.02950189137835452,0.6008213552361397,0.8936344969199178,0.20209059233449478,-0.04338477709390599,0.01679685727103949,0.024216319074193336,1.300829112312158,0.012030792567867222,0.013097051791069831,1,0
2021-01-28,0.0058495913998919645,-0.0158771734718905,0.0584391465026301,0.05037073298722642,0.030287526923742935,0.6603696098562628,0.8960985626283368,1.7191011235955056,-0.024944308896628242,0.02446856487474894,0.024968251114561225,1.0264590104771165,0.012033617852714574,0.012972462872043105,1,0
2021-01-29,-0.017985168844633307,-0.03830354292246974,0.051224729196189256,0.03616367168728772,0.030717637732261473,0.5404517453798768,0.8763860369609856,0.2022977022977023,-0.044382164311376766,0.01664333077650573,0.02543681309158698,1.0122118869507686,0.012532539075811063,0.01240165751399755,1,0
2021-02-01,0.023820220614333414,-0.015853021147280343,0.06468609488658371,0.036692322292131076,0.031431865996893224,0.6529774127310062,0.8928131416837782,5.656593406593407,-0.022070120799723578,0.027299222976830708,0.026115448343322644,0.8327155098409522,0.013279847310542913,0.012599446144887508,1,0
2021-02-02,0.013360960381682586,0.002300869462017072,0.07767251004593767,0.050077118397419865,0.03213576848972114,0.7166324435318275,0.9034907597535934,3.566287878787879,-0.0009134829219896472,0.039778475125344784,0.026632366847809667,0.8158971698656747,0.013448842340455836,0.012478747200113287,1,0
2021-02-03,0.00842124129932627,0.033466844850600926,0.09462180247019324,0.032697063111892626,0.03175042743285799,0.7215605749486653,0.9051334702258726,1.375,0.02773968733175128,0.055936443338270275,0.026213659414150187,0.8189843664589461,0.013184378135934146,0.012369447336741416,1,0
2021-02-04,0.014131997697808612,0.041749251148517574,0.09162318291473388,0.03415365640179849,0.03185834567817543,0.7790554414784394,0.9121149897330596,3.3471971066907775,0.03217887939460774,0.05711658342713422,0.02644806484771548,0.8741289919873576,0.013056427596520622,0.012192612068720545,1,0
2021-02-05,0.01076519086904368,0.07049961086219457,0.07584097555709712,0.03205019888116197,0.03072803101666017,0.8086242299794661,0.9166324435318275,2.3144827586206898,0.06281476896421445,0.03642581661514199,0.024386137902002527,0.8950361944156956,0.012137516157369766,0.012193255265927683,1,0
2021-02-08,0.022983442980361965,0.06966283322822311,0.08289151995517187,0.04316478246331798,0.030852428325026666,0.8480492813141683,0.9236139630390143,4.377777777777778,0.05890395912714148,0.043147870011446196,0.024482018402175877,0.9782644383885317,0.012584662256332842,0.01205694885176535,1,0
2021-02-09,0.004319274025620537,0.06062114687216106,0.08843506803272239,0.034468147330455674,0.030761347710325154,0.8513347022587269,0.9277207392197125,1.2553990610328638,0.046240559909619346,0.047617487276638934,0.02449801621567157,0.927218344965069,0.012528777336621664,0.011976437255918257,1,0
2021-02-10,0.0001232593246934433,0.05232316489752823,0.08949570909705432,0.03727896382407844,0.030806832761206267,0.8476386036960986,0.9264887063655031,0.9991694352159468,0.04093061116063392,0.051575822465074916,0.024308035094702713,0.9635462749955334,0.012509106762435123,0.011193554389777843,1,0
2021-02-11,7.534794353679551e-05,0.03826651514325642,0.07459095991538088,0.03676535392975675,0.030805231861420878,0.8361396303901437,0.9203285420944558,1.015886287625418,0.026935674007321556,0.040710045574691794,0.02395634720420813,0.9481825482733169,0.012291496886566184,0.011161719330959483,1,0
2021-02-12,0.005874882569704598,0.03337620684391734,0.08433403926346862,0.029129961520216584,0.030744563321177285,0.8361396303901437,0.9207392197125257,1.4803312629399585,0.023123201530029752,0.045908269473429464,0.024090208108684556,0.8386160543801711,0.012180794269841307,0.011156539018833551,1,0
2021-02-16,0.003391383800201224,0.013784147663756597,0.07195295728535228,0.03523400115766958,0.030721219615108597,0.82217659137577,0.9174537987679672,1.0294117647058822,0.008494112064425073,0.038578404391327446,0.02436807181247936,1.0585515304530217,0.011879201880090931,0.010861527024073505,1,0
2021-02-17,-0.006100634359944611,0.0033642392781914523,0.07887358919639952,0.029130690988803776,0.030571528917971397,0.8028747433264887,0.9186858316221765,0.5865257595772787,0.001276381133490283,0.045526686198617605,0.024016421229438797,0.9380740967544038,0.011489707641530417,0.01073881992527125,1,0
2021-02-18,-0.01477386531059434,-0.011532885357096333,0.051144625394373915,0.0317018397334544,0.03058659942968367,0.7630390143737167,0.913347022587269,0.35254616675993283,-0.007133220009353892,0.028880612279129542,0.024219212846478745,0.9478104446316232,0.011963234709491077,0.010743519787626589,1,0
2021-02-19,0.015126821946936899,0.0035185886463037696,0.060424195147002556,0.031506321815870424,0.030707095920025917,0.7761806981519507,0.9084188911704312,2.6066066066066065,0.0011355982345486498,0.03696514434693394,0.0245524424665253,0.9894853309090379,0.01226317571230889,0.010840795833286107,1,0
2021-02-22,-0.003497989101364983,-0.005854283024765811,0.06415919236482229,0.04078849308261536,0.031158086799248357,0.7515400410677618,0.8973305954825462,0.9697959183673469,-0.004062290033089924,0.04285433575757067,0.02494766388346867,1.0599382080329502,0.012135632201978792,0.010752765387415977,1,0
2021-02-23,-0.006937109745494254,-0.01618277657046129,0.0527808820133821,0.03454595977271533,0.03139946396203004,0.7301848049281314,0.8854209445585216,0.7670830271858927,-0.00729799426907485,0.03931021936202557,0.024984640795338187,1.136104319478387,0.012323213018245764,0.010823349898809958,1,0
2021-02-24,0.019868833425105304,0.009786691214588623,0.07128001659934338,0.03467572716228785,0.03151716471313612,0.7708418891170431,0.8944558521560575,3.898989898989899,0.010277433126031183,0.057691145336414056,0.02509130706527597,0.9893698090274883,0.012885727409004477,0.011012065447025939,1,0
2021-02-25,-0.031106815934952355,-0.006546259409769391,0.04496613089200586,0.03812312635709629,0.03233278403357691,0.659958932238193,0.8652977412731007,0.10968921389396709,-0.002929663447450365,0.036333584611510115,0.02612161748771736,0.9855633322285661,0.01485119954800713,0.011684896157661048,1,0
2021-02-26,-0.006671751933358846,-0.028344833290065135,0.061039113047904596,0.03269915924244582,0.031105594610033926,0.6242299794661191,0.8537987679671458,0.5966887417218543,-0.01848465140200713,0.05483154850963777,0.024819987969700738,1.0332108700722966,0.013887436050031628,0.011574440056431864,1,0
2021-03-01,0.027275813288347422,0.0024289690996472744,0.08246533493636006,0.03398611801162804,0.03100831355998367,0.7199178644763861,0.8698151950718686,7.824817518248175,0.0065631855623295736,0.07356936913620007,0.02470870712420996,0.8637612397955357,0.014866998381263586,0.01195634898105972,1,0
2021-03-02,-0.009438695711841189,-7.261686669966058e-05,0.09101180806915217,0.03150860871152466,0.03053969652609326,0.6804928131416838,0.8661190965092402,0.5195707070707071,0.002038575272652217,0.08341779818800502,0.024183835501955367,0.8456764000563657,0.014344989806358587,0.012059359378785809,1,0
2021-03-03,-0.008449999817770561,-0.028391450109575528,0.0587415876370482,0.036208417505153224,0.03034520272567198,0.6316221765913758,0.8525667351129363,0.7846039970392302,-0.018317015141830387,0.05688107606827225,0.02404701847552287,0.9441444880386909,0.013873890696239078,0.011943345448060472,1,0
2021-03-04,-0.02522021609804198,-0.022504850272665154,0.02016041115732363,0.03838119776567952,0.030540165669208644,0.5523613963039015,0.8291581108829569,0.22924095771777891,-0.011039689047969037,0.020632632564108126,0.0243144776282465,1.1644374508260638,0.014920119909954772,0.01243185342306448,1,0
2021-03-05,0.01722061300587195,0.0013875146665656458,0.028959782863869313,0.029199361903066722,0.030797924761827074,0.6193018480492813,0.8546201232032854,4.0,0.013005949070841436,0.034932165182417194,0.024554212862813236,1.097104802265983,0.01525983214043896,0.012567299213963467,1,0
2021-03-08,0.0016182137846983203,-0.024270084837083462,0.01644599895075902,0.03948611721051693,0.030909378164555266,0.609034907597536,0.8414784394250513,1.4517766497461928,-0.0008469361622330732,0.02807213126550771,0.024827976412406826,0.9372231518850165,0.014978671253472678,0.012560586447727956,1,0
2021-03-09,0.016341695554780135,0.0015103064295378626,0.022022503636495477,0.04456933967191436,0.031660056048015944,0.6657084188911704,0.86652977412731,1.6275787187839306,0.008403732097167532,0.029531939213777298,0.025233612402289905,0.8836521047749264,0.015212097655643176,0.012464966515628522,1,0
2021-03-10,0.012764446486785994,0.02272475273409442,0.011803507142919506,0.027393838855569137,0.031261030482776925,0.6985626283367556,0.8731006160164271,2.92671009771987,0.02622787114026094,0.027643925351976007,0.025113744995274606,0.8140918446102261,0.014627561519407773,0.012514191484968124,1,0
2021-03-11,0.01938921039081569,0.0673341792229521,0.02687344350811466,0.03735386062771955,0.03162153373638268,0.740041067761807,0.8825462012320329,3.0066555740432612,0.059000848241218935,0.03536123616319685,0.025313006688804186,0.8551731045304167,0.0151803182974882,0.012674812973466228,1,0
2021-03-12,0.005909240593657292,0.05602280681073742,0.032659424777078505,0.024574956892958272,0.03140437480115811,0.7408624229979466,0.8862422997946612,1.6807563959955507,0.04518051962644219,0.040285288389947875,0.025283600962429334,0.8209068776627494,0.015210756940784496,0.012604584364543092,1,0
2021-03-15,0.008301330125164501,0.0627059231512036,0.04088540695870621,0.02739566294047673,0.031284639562455384,0.7683778234086243,0.895687885010267,1.8693586698337292,0.046627913507925375,0.046831257281577506,0.02537383664844278,0.9073448285821556,0.01527651864781015,0.012592400353322035,1,0
2021-03-16,-0.013408142980497785,0.032956084615925696,0.021602381408503832,0.027084805076909187,0.0314159975369346,0.7437371663244353,0.8915811088295688,0.33314886552296624,0.027118008408255668,0.035090810279484526,0.025697518802437376,0.9153468050245517,0.015604619887566692,0.012706644515326156,1,0
2021-03-17,0.008360128072061764,0.028551766201201464,0.02657112568036437,0.02297356707441355,0.03113634563599509,0.7552361396303902,0.8928131416837782,2.0342205323193916,0.020307750657541552,0.0407844398717755,0.025471161091285822,0.9374999999999443,0.015679724664796186,0.012693169593340548,1,0
2021-03-18,-0.02282947636049535,-0.013666920550109577,0.009842283679813631,0.03047494674562576,0.031557257611604037,0.6829568788501027,0.8731006160164271,0.2490974729241877,-0.007221288364536568,0.029120814970855224,0.02599404578266075,1.0364087712039505,0.016477332769740834,0.01294427547231445,1,0
2021-03-19,0.005736050155424255,-0.013840110988342617,0.03035219914583222,0.025493003260904458,0.03133400720993417,0.6936344969199179,0.8804928131416838,1.346041055718475,-0.011139417500377266,0.03765284771049793,0.025776664901195973,1.561058734186589,0.01613293003379382,0.012939792216735847,1,0
2021-03-22,-0.005523606573366644,-0.02766504768687376,0.009701770625528683,0.025747426488496098,0.031229795562529934,0.6878850102669405,0.8821355236139631,0.7024147727272727,-0.024327470746911734,0.025896226814977986,0.025888698093704313,0.7580548926014207,0.015884749506693024,0.012942936686635303,1,0
2021-03-23,-0.02983111408524265,-0.04408801879161862,-0.01663135435834898,0.030084748087285496,0.03153388895098347,0.5712525667351129,0.86652977412731,0.15490943755958056,-0.04047958541388136,0.0020570613503294788,0.026461964007368343,0.8495885133951651,0.01719807455553993,0.013550521433053415,0,0
2021-03-24,-0.01584177017819854,-0.06828991704187892,-0.025536014791053267,0.03509315178711703,0.03161866090486419,0.5158110882956879,0.848870636550308,0.5206087507926442,-0.05943229827198414,-0.004079675318804808,0.026537160728965566,0.8174999482004763,0.017464869407567373,0.013719213528968183,0,0
2021-03-25,0.015706877028126214,-0.02975356365325736,-0.029697971188032354,0.02995217344888183,0.03135959110819536,0.5848049281314168,0.8542094455852156,3.747534516765286,-0.022878617149972358,-0.00868637887692213,0.0262975328059552,0.831125374730997,0.017235750603717376,0.013828637424965354,0,0
2021-03-26,0.0143167803145974,-0.021172833494084217,0.015725625061517395,0.03173311943559077,0.030655295997502875,0.6414784394250513,0.8722792607802875,3.989669421487603,-0.008692400103872023,0.032185253190142864,0.025514372237476775,0.8985455148766667,0.016138433566834323,0.013882926050081432,1,0
2021-03-29,-0.01891802656894503,-0.03456725348966261,0.0034793504259312087,0.027627688942734027,0.03056666642078401,0.5868583162217659,0.8587268993839836,0.29699248120300753,-0.016772100414305546,0.024391429819821016,0.025718103210409394,0.9294525136728761,0.01663364017685711,0.014129082619767586,1,0
2021-03-30,0.009319265551587397,0.004583126147167435,-0.01447719731082882,0.02502468549538417,0.02985544163847974,0.6073921971252567,0.8566735112936344,2.0715197956577267,0.014415395574033037,0.011802298419970002,0.025146669895448708,0.846131695142981,0.015599734710718897,0.014157224936092701,0,0
2021-03-31,0.007523874886520348,0.02794877121188632,0.0024853732875327163,0.028468118843839943,0.02981404528648046,0.6254620123203285,0.871047227926078,1.2324074074074074,0.02451883585514835,0.017138873630847703,0.024921336870957156,1.0878942529019326,0.015563162388911972,0.014078315203662258,1,0
2021-04-01,0.015349886220457623,0.027591780404217732,0.026285259325760896,0.023311914465070544,0.029563664005185866,0.6924024640657084,0.8825462012320329,4.155650319829424,0.024391641728201897,0.03282036003530819,0.024834433951462176,0.895826366312694,0.015773158244471657,0.014138327374289255,1,0
2021-04-05,0.0051198084909311065,0.01839480858055144,0.05662528391473398,0.02496969262991836,0.028581662096831193,0.7055441478439425,0.8874743326488707,1.9558282208588957,0.014815113887313934,0.059292791057367844,0.02416916079867874,0.8934289040896499,0.014570891303550262,0.014140130573790224,1,0
2021-04-06,0.0009371833194842586,0.03825001846898073,0.04034185422834629,0.025508894760069425,0.028081205444501028,0.7108829568788501,0.8874743326488707,1.1269982238010656,0.029831961234326927,0.0421698997737248,0.023427409018898754,0.8922371546754674,0.014187555680712541,0.014071706091303041,1,0
2021-04-07,-0.00896150046507082,0.019969252452322516,0.029762139978577157,0.024931344476926916,0.02742795680820687,0.6759753593429159,0.8784394250513347,0.47264904732636753,0.016296839995206147,0.03145899682203186,0.022730201096680506,0.829083875505466,0.014385309702299691,0.014021082018203795,1,0
2021-04-08,0.006066767923082192,0.018512145488884364,0.019487212346879213,0.020829646959626243,0.026484587791211166,0.7002053388090349,0.8800821355236139,1.7448512585812357,0.01764711893879643,0.026431775850325114,0.02220574510475423,0.9468840813690286,0.014022471606070331,0.013680468901109225,1,0
2021-04-09,-0.00019730030950476435,0.0029649589589219763,0.006525465550588459,0.019787686791131062,0.02604631158030194,0.6878850102669405,0.8821355236139631,1.2408963585434174,0.006727891297360463,0.015543506234237848,0.021757675392493552,0.8708141138323114,0.013758193439317145,0.013563332770384932,1,0
2021-04-12,-0.005747817061738333,-0.00790266659374746,-0.018611561901965563,0.02796342257615253,0.025405760407538232,0.6685831622176591,0.8726899383983573,1.0330228619813717,0.0010161820796033684,0.004863319762378268,0.021283777409610443,0.925653502319783,0.013092720463175252,0.013590507371276967,0,0
2021-04-13,-0.001300506389176873,-0.010140356302408594,-0.02582130888479973,0.025284227278153278,0.025370462988876248,0.6537987679671458,0.8772073921971253,0.790454884414616,-0.002740660012238388,-0.004592836922904883,0.02123928310713231,0.993398950904668,0.012999815430846226,0.013591649747326035,0,0
2021-04-14,0.005241636178509034,0.004062780341171256,-0.028881002831455203,0.025084644099382707,0.02522634607139721,0.6722792607802874,0.8804928131416838,1.5791173304628634,0.007563853499699663,-0.007747859040196999,0.021206384128237634,0.9472689797320305,0.012904449972109183,0.013491210317422071,0,0
2021-04-15,0.003556204733967257,0.0015522171520563216,-0.011916655116990155,0.02528294615547067,0.025023162782476512,0.6952772073921971,0.8878850102669404,1.9556103575832307,0.009919367134113767,0.009589023711042075,0.020859558407767216,0.9359512665198076,0.012641839833937194,0.013477094929536361,0,0
2021-04-16,0.00126971897505468,0.0030192364366157633,-0.01900706421399724,0.021366691370395992,0.024830750687287517,0.6956878850102669,0.8878850102669404,1.536430834213305,0.010199513698461693,0.005873571049830939,0.020666741066931046,0.9739984696944788,0.012485194619116473,0.013352527561582953,0,0
2021-04-19,-0.009276337168554064,-0.0005092836701999682,-0.005453925022055954,0.024635673787131895,0.024137759945619702,0.657905544147844,0.8731006160164271,0.40965273690406123,0.004806531904414235,0.016388861601072086,0.020105063161321695,0.9816563748637552,0.011615192535158322,0.013296131171138653,0,0
2021-04-20,-0.016419273025145963,-0.015628050306169056,-0.027609248202626172,0.026257532702494268,0.024265519029321947,0.5655030800821356,0.8657084188911705,0.30836522689994533,-0.007332171744229032,-0.0014308257709291468,0.02056039682040714,1.0395091977565414,0.012041723405072188,0.01339625954287287,0,0
2021-04-21,0.020197497301708424,-0.000672189182969667,-0.0018881443275511065,0.023859273020181187,0.02452293587315165,0.6451745379876797,0.8845995893223819,7.013245033112582,0.0036114298184330715,0.02163249007150432,0.02056353264376201,0.9195843310559022,0.012871712302886914,0.013602914972268789,0,0
2021-04-22,-0.003938311190270605,-0.008166705107207527,0.024004658567420938,0.02217329475552748,0.023445254675250306,0.6184804928131417,0.8813141683778234,0.5244134432466709,-0.0055976670023728395,0.039585108931938624,0.019306106775777265,0.9472279869551624,0.010981723510354088,0.013576735943928081,1,0
2021-04-23,0.01431430072455459,0.004877876642292386,0.05416072947017407,0.023155973262842328,0.02296819187126796,0.6813141683778234,0.886652977412731,4.230936819172113,0.003801438895658446,0.06093717780952811,0.01926860365510249,0.8919013265068523,0.010615217347934814,0.013672156876453736,1,0
2021-04-26,0.009644494196806921,0.023798708007653366,0.048098346638854775,0.025758944310286556,0.02268139973004506,0.7141683778234086,0.8907597535934292,1.904126213592233,0.01412111681048676,0.04991148159715817,0.018829848623535286,0.9192803067544528,0.010318642643389867,0.013712601284285544,1,0
2021-04-27,0.0002545073799665954,0.040472488412765927,0.03403607370422397,0.021579469273463776,0.02211113990143325,0.708829568788501,0.8874743326488707,0.9883624272651704,0.03199369126698517,0.03577266853848689,0.01836806822187423,0.9255527769281934,0.00994882439107345,0.013690422289160726,1,0
2021-04-28,0.004422398217815358,0.024697389328872856,0.057376498490984355,0.024558193929723825,0.021572322597201776,0.7285420944558522,0.8841889117043121,1.3213592233009708,0.016962648083657494,0.05164081004568265,0.017703794573817686,0.9297725024727663,0.008773960389722365,0.013337635770648724,1,0
2021-04-29,-0.0015613688834958677,0.027074331635647594,0.046495864055901094,0.026814532967147624,0.02163422178400634,0.7154004106776181,0.8809034907597536,1.2160664819944598,0.021409199643791597,0.046610333110965116,0.017635243578430056,0.9991956385735543,0.00868635624209332,0.013335232957424645,1,0
2021-04-30,-0.011624526714712265,0.0011355041963807373,0.027347462454668486,0.022509589076577716,0.021648452081370062,0.6537987679671458,0.8681724845995893,0.31607629427792916,-0.00018257431234825085,0.035907420118967436,0.017963775329046923,1.1004441315062483,0.009096452835793406,0.01320634445226176,1,0
2021-05-03,0.007294308222304795,-0.0012146817781213876,0.019291884456515657,0.02801397378783779,0.021619652455713578,0.6891170431211499,0.868993839835729,1.9449204406364748,0.0032840721155310434,0.029724811715083826,0.017923914511746377,1.0405951671990312,0.00863246145067566,0.012925428232159244,1,0
2021-05-04,-0.010355301631461847,-0.011824490789549828,0.0038167743341227032,0.028488159157641302,0.02184377867495508,0.6299794661190965,0.8496919917864476,0.5321042593769867,-0.0025112339981095935,0.019102126949804312,0.018055145210744833,1.0485258904519408,0.008911892752740196,0.012924386443536367,1,0
2021-05-05,0.0008523248791425796,-0.015394564128222604,0.0037319158937810246,0.028044045671190756,0.022081413345178665,0.6324435318275154,0.8484599589322382,1.130550621669627,-0.004110709955551436,0.01868518505213547,0.018246736125724698,0.9262519254345836,0.008911552326023966,0.012892065980947711,1,0
2021-05-06,0.0002338273840702425,-0.013599367860656497,0.012927243742922085,0.03270357932844737,0.022399160068078072,0.6386036960985626,0.842299794661191,1.4621676891615543,-0.0006236317614416284,0.02702870276625325,0.018580047655459533,0.952086280056493,0.008662467574911549,0.012784965468780315,1,0
2021-05-07,0.013122996127594952,0.011148154981650721,0.01998347194743485,0.027388481724752105,0.02270263618709373,0.6784394250513347,0.8521560574948666,3.554924242424242,0.016589640328977258,0.033915497268087964,0.018849343701613785,0.881222547584174,0.009014199592729803,0.012817604021659601,1,0
2021-05-10,-0.017742081601430242,-0.01388823484208431,0.00243869065550937,0.034708065883523584,0.023435162335781076,0.6151950718685831,0.8308008213552361,0.3797250859106529,-0.00097000999851548,0.023927148331753908,0.019253512361867973,1.0052438002985595,0.00989593696313138,0.012716359526048297,1,0
2021-05-11,-0.0047846441659322,-0.008317577376554662,0.0034018635513155026,0.028989271293228692,0.02369525185410826,0.5852156057494866,0.8271047227926078,0.49133663366336633,-0.004519532920770074,0.016281088000327813,0.01961204732143356,1.000880540064426,0.009869597021079651,0.012722017250032932,1,0
2021-05-12,-0.0275178111991166,-0.03668771345481384,-0.022815441258624225,0.029135557340152964,0.024658332175569342,0.4492813141683778,0.7971252566735113,0.11090742438130156,-0.030285930577568298,-0.007874129847346421,0.020495793286761613,1.0196785279232556,0.011574715496773923,0.01319213169067169,0,0
2021-05-13,0.008258771681817982,-0.028662769157066104,-0.019798305755315278,0.031951149407716255,0.025134638185152148,0.5190965092402464,0.8012320328542094,2.6525679758308156,-0.02026138278994985,0.001584909346962559,0.021222150451752422,0.9517140189408462,0.011675478119640809,0.013235640058043011,0,0
2021-05-14,0.02352998082439984,-0.018255784460261222,0.00017547033511730248,0.026731338960020543,0.025666472280116478,0.5983572895277207,0.8250513347022588,9.279661016949152,-0.012563998764483981,0.010736672772435844,0.02168442490453927,0.8011007464632508,0.012817981710183602,0.013547920215704862,1,0
2021-05-17,0.0036895436320584377,0.0031758407732274574,0.0025952949921210604,0.027174800660316023,0.02580623572015228,0.6016427104722792,0.8234086242299795,1.0660377358490567,0.00037524786017052866,0.009868679450603908,0.021759900290653538,0.807805287452734,0.012840744475702295,0.013549120499700279,1,0
2021-05-18,-0.0024927322303793338,0.005467752708780323,0.009378899930295791,0.024190040582477427,0.02589908718518683,0.5691991786447639,0.8254620123203286,0.5847682119205299,0.00271370323795161,0.010826115153609553,0.02181217346771085,0.9096877319175593,0.012676729954167423,0.013529837426995449,1,0
2021-05-19,-0.007133492720593376,0.025852071187303552,0.018664680234848383,0.022788648316712262,0.02553707001388354,0.5404517453798768,0.82217659137577,0.4857496902106567,0.022086148053428525,0.01538344350095814,0.0212589464547638,0.9639062458804482,0.012212459882542213,0.013427137188273975,1,0
2021-05-20,0.008260905499162467,0.025854205004648037,0.0067280884323024275,0.022302393198224007,0.02525121622221501,0.5745379876796715,0.8386036960985627,2.2752043596730247,0.016402416027658726,0.006964637436626462,0.020920853638366887,0.9299511002444873,0.011527403592530584,0.013332712915355331,1,0
2021-05-21,0.0023342932644841697,0.004658517444732369,0.0130006928870572,0.01956689427212455,0.02511108293388488,0.5946611909650924,0.8369609856262834,1.2186046511627906,0.0006771465572445075,0.013670757836883153,0.02084171031558708,0.9240654205606936,0.011492750768411237,0.013326651160689236,1,0
2021-05-24,0.004608249162071686,0.005577222974745618,0.0032946413245742946,0.02159607309966829,0.024863992875509052,0.6135523613963039,0.8427104722792608,1.9390243902439024,0.003465074658904979,0.006040418650569327,0.020568729415584894,0.8423165137614196,0.011103005781978367,0.013304562847055128,1,0
2021-05-25,-0.00941556755099307,-0.001345612345868121,-0.015765420423225693,0.022713997653663977,0.0248740267187428,0.5626283367556468,0.837782340862423,0.38895281933256615,0.00016308037339930582,-0.004868667017026917,0.020678743710282863,0.9984308494988505,0.011067638950044097,0.013127569272382554,0,0
2021-05-26,0.013674262948368168,0.019462143323093425,-0.0023456648548241163,0.026308541661516062,0.025100084098450843,0.626694045174538,0.8480492813141683,3.7693836978131214,0.013669151865473702,0.002428585786242948,0.020697664617060543,0.9540636042401703,0.011507273714622505,0.012616186056118696,0,0
2021-05-27,0.009796053693792063,0.02099729151772302,0.0030279906211525894,0.023031980703801407,0.02509298459765157,0.6652977412731006,0.8505133470225873,2.386459802538787,0.014066269813792574,0.008599820142831394,0.02070334036416117,1.1583019485835688,0.011671712448524765,0.012630469202633552,1,0
2021-05-28,0.0009921374827361717,0.019655135735975028,0.00558149698738463,0.019374172365356643,0.024824880242652444,0.6751540041067762,0.8501026694045175,1.2537593984962405,0.013977098942770595,0.00826273607267399,0.020408799113299063,0.8529821959149003,0.011666355511276053,0.012174892352838121,1,0
2021-06-01,0.010717962267289565,0.025764848841192903,0.02792398596938646,0.02955673424789467,0.024864544154249105,0.702258726899384,0.8542094455852156,2.3490304709141276,0.017178250845809942,0.025209256338853406,0.020236389903358486,1.0024944988238818,0.011545940171968654,0.012171763196531373,1,0
2021-06-02,0.00024813601929181677,0.03542855241147779,0.020877813766373484,0.03176654620083702,0.024811831831760615,0.6825462012320328,0.8550308008213552,0.836266258607498,0.023480120274226402,0.016531213344998907,0.02014503248358567,0.9698830023531375,0.011466045294861688,0.012112991221182938,1,0
2021-06-03,-0.006110846022956303,0.015643443440153313,0.025122269374879026,0.023883992159448107,0.024506444345659833,0.6537987679671458,0.8472279260780288,0.625422582826234,0.009642784387160779,0.01817338552739524,0.019982129848254055,0.8894058697207508,0.011292069486055031,0.011675791494003754,1,0
2021-06-04,0.005257282527481261,0.01110467227384251,0.029527227023217705,0.024530145203155867,0.024295587274022368,0.6735112936344969,0.8537987679671458,1.81615925058548,0.006942040009427729,0.019868523324828594,0.019729575492263247,0.8333333333332485,0.01132622168948554,0.011509749516337452,1,0
2021-06-07,0.007465423190180825,0.01757795798128716,0.03675882282932828,0.030937058462084718,0.02408087569315698,0.680082135523614,0.8583162217659137,1.3987975951903808,0.009087299887188545,0.022264529815424473,0.019437115523411926,0.9360129163833993,0.01139850307321527,0.011536979603270117,1,0
2021-06-08,0.006716559298366116,0.013576555012363711,0.03035238600009945,0.025498290944626825,0.023832648734961097,0.6973305954825462,0.8603696098562629,1.8942307692307692,0.0066817165118419125,0.017036141210813645,0.019218529196144966,0.9637245068538145,0.011162190864962245,0.011396932602833316,1,0
2021-06-09,-0.004156420293677413,0.00917199869939448,0.04393804730785228,0.024661840424719503,0.02310719431664042,0.6685831622176591,0.8624229979466119,0.603874415497662,0.005078299294881893,0.025789274413370287,0.018625036506140533,0.932967768638659,0.01035935155712795,0.011316909583904437,1,0
2021-06-10,-0.0012272344486130749,0.014055610273737711,0.0474954570251714,0.02706744227686897,0.022914354910646032,0.653388090349076,0.8636550308008214,0.9584013050570962,0.008497694979190994,0.033668656495522996,0.018596869776810895,0.9389126450824392,0.010269974927763133,0.011067194627832637,1,0
2021-06-11,0.006396186240470197,0.015194513986726646,0.0814094544647582,0.02048844086353351,0.021409876408046084,0.6854209445585215,0.868993839835729,2.2398921832884096,0.008303882599884302,0.06267979286220589,0.017144965524210052,0.8469087340529654,0.007697251741887366,0.011071193824656378,1,0
2021-06-14,-0.0026196200293604898,0.0051094707671853305,0.07053106275357973,0.02367927705363923,0.020785992877121115,0.6595482546201232,0.8694045174537988,0.6822953114065781,0.003470863673451227,0.04898135124321204,0.016348457572692023,0.9904262594027433,0.007753440555708083,0.01103282639930864,1,0
2021-06-15,-0.003293420442225336,-0.004900508973406119,0.043707661486954555,0.02289146236817094,0.020331772395146244,0.6505133470225872,0.8587268993839836,0.8655788655788655,-0.0033704790569971613,0.0293465773130753,0.01572504280426355,0.9868200603149598,0.006345947931504578,0.010902256173159758,1,0
2021-06-16,-0.002726722524485053,-0.0034708112042137577,0.03729139533041106,0.01992934671874967,0.020126920784621572,0.626694045174538,0.848870636550308,0.6219512195121951,-0.0033314267935324274,0.02387796682050764,0.015669319736127202,1.053855455306434,0.006418689716361702,0.01086286436972399,1,0
2021-06-17,-0.012586910115076625,-0.014830486870677307,0.02719721744571377,0.028147766219475172,0.020647752649224516,0.5318275154004107,0.8406570841889117,0.4388789505068575,-0.014327480012517263,0.01743651334168987,0.016717203850274184,1.1370329468065001,0.007096499906911635,0.010583693956615453,1,0
2021-06-18,-0.018226299210534595,-0.039452972321682094,0.016104410955772547,0.02214054459104876,0.021219520794868604,0.4151950718685832,0.8090349075975359,0.17458777885548013,-0.04051727710716201,0.004228150747987114,0.0175876347024774,1.492420421058216,0.008097501632560207,0.010820202346768825,0,0
2021-06-21,0.016816686201707568,-0.02001666609061404,0.02466019165831765,0.023674479103077527,0.021664362094925737,0.5121149897330596,0.8320328542094456,5.445333333333333,-0.01908987438861661,0.011657069347724836,0.018091576397989195,0.8122782114974871,0.008687176730137882,0.010997104514200601,1,0
2021-06-22,0.001938249211804972,-0.014784996436583733,0.024264147605638452,0.020561234360367903,0.02165105492586627,0.5162217659137577,0.8316221765913757,1.084568439407149,-0.01783327110468957,0.011811200629930506,0.01794838944974158,0.734104890381695,0.008684962152079272,0.010291038700223994,1,0
2021-06-23,0.0032719147115444114,-0.008786359200554268,0.022927813155111176,0.0186194941006807,0.021555391815888794,0.5170431211498974,0.8299794661190965,1.1101243339253997,-0.012112003738473348,0.00713889879363403,0.01788968897506159,0.7486842394208431,0.00866326692532641,0.010066638517421893,1,0
2021-06-24,0.011281065543785183,0.015081616458307542,0.043624446249889426,0.019602609805609898,0.021450021290560197,0.5737166324435319,0.8447638603696098,3.7514792899408285,0.009171961946033416,0.022706180800020917,0.0178467726812942,0.7673423811752311,0.008585052595319687,0.009979371153988344,1,0
2021-06-25,0.0024049537289258334,0.03571286939776797,0.03235513703044709,0.021752561863239914,0.021304842872515457,0.5979466119096509,0.8513347022587269,1.4591002044989776,0.032072537427162866,0.017570823765600964,0.017898166148195064,1.5602985282834079,0.008165886684686813,0.009838806884458989,1,0
2021-06-28,-0.00722088592982445,0.011675297266235953,0.01533819740683058,0.027815491400679185,0.021518099292102893,0.5383983572895277,0.8435318275154005,0.5556270096463023,0.006517712632214672,0.0051419043341736186,0.018052246192837934,0.8356858186648838,0.008150030656794028,0.009563056126388988,1,0
2021-06-29,-0.0034687688109694644,0.006268279243461515,0.010877291113124942,0.018907901025965457,0.02151312222778426,0.5112936344969199,0.8312114989733059,0.6490020646937371,0.002677246134944854,-0.001028036988104839,0.01807473357273252,0.7206596208310557,0.008200843908433083,0.009523624034084417,1,0
2021-06-30,0.0007038084888294902,0.003700173020746593,0.0008631373346648651,0.024157990955785937,0.021195943727389716,0.5047227926078028,0.8283367556468173,1.094240837696335,0.0030283250733199782,-0.009022726587954508,0.017750534656823504,0.8381918501961577,0.007862238995902302,0.009486954009291972,1,0
2021-07-01,0.005517038621792114,-0.002063853901246477,0.006132039937165162,0.02163110415632344,0.021000578817920047,0.5392197125256674,0.8373716632443532,2.4285714285714284,-0.00038402771973925724,-0.0023342246043527317,0.01773866739185147,0.7625515647258352,0.007952726241357764,0.009324740792025893,1,0
2021-07-02,-0.0048173100989026465,-0.009286117729074958,0.00742557586121882,0.02234584011880148,0.020850770120501478,0.5178644763860369,0.8308008213552361,0.7002126151665485,-0.006107548543851769,-0.0009592374193633403,0.017461458019732187,0.7829841429791027,0.007905523458654131,0.00933341396147355,1,0
2021-07-06,-0.012653237695590602,-0.014718469494841112,-0.010484944361853044,0.023286282022453253,0.02100055592886011,0.4566735112936345,0.8061601642710472,0.35995500562429694,-0.00895779913702811,-0.016225969057156703,0.01777731810146504,1.051725051672027,0.008306028375966707,0.009480851497806553,0,0
2021-07-07,-0.006356379247491968,-0.017606079931363615,-0.024306746799525835,0.02301325711101066,0.020762263911444864,0.4431211498973306,0.7967145790554415,0.7429398986241854,-0.009233670909270086,-0.02403812321180779,0.017746975111154792,0.9878424777520805,0.008190158511636366,0.009445146954738557,0,0
2021-07-08,-0.011586134656811705,-0.02989602307700481,-0.04260944075470365,0.019196443715616136,0.020668092474626875,0.3774127310061602,0.7761806981519507,0.21721518987341773,-0.025033201536504953,-0.04105464501473643,0.017768217008510452,1.024167987321689,0.008283655637512875,0.009535822859382783,0,0
2021-07-09,0.020076222991911762,-0.015336838706885162,-0.01837679746911448,0.018511144002382858,0.021112383455876682,0.4862422997946612,0.8057494866529774,10.285046728971963,-0.01026656007529627,-0.018739255797477726,0.018649594431062434,0.8540011284028348,0.009561726029457979,0.00986137617328613,0,0
2021-07-12,0.0012625515894752841,-0.009256977018507234,-0.01588701143102612,0.019282898101526152,0.02087122355565613,0.502258726899384,0.8041067761806981,1.361220472440945,-0.004108174471641695,-0.015398905058570002,0.01826884775673812,0.8510723752911539,0.009572571193362089,0.009829877930754669,0,0
2021-07-13,-0.01403196887850529,-0.010635708201421921,-0.03631516655000161,0.02010598962853321,0.02098928800146086,0.4283367556468172,0.7770020533880904,0.1934685799109352,-0.005012002411973024,-0.03402524000314429,0.018519685788778325,0.9015591980065769,0.009843491914816583,0.00999808467045802,0,0
2021-07-14,-0.010239093174350022,-0.014518422128279968,-0.04393463969499114,0.024242237720142144,0.021068124953848685,0.3786447638603696,0.7572895277207392,0.4975062344139651,-0.007684108851341389,-0.035025585476356404,0.018557833164782378,0.9653502799212463,0.010016851000691322,0.010066019538826444,0,0
2021-07-15,-0.005749447524204352,-0.008681734995672617,-0.04639066677697016,0.018775086502499427,0.020971628160274182,0.35236139630390145,0.7482546201232033,0.6160053799596503,0.0,-0.038806826150102974,0.018534449439861215,1.0227378892682406,0.010045874108030699,0.010082864553467972,0,0
2021-07-16,-0.013450389731036586,-0.04220834771862096,-0.057114333983521684,0.021791163397660122,0.021086810955367324,0.3108829568788501,0.7108829568788501,0.3182561307901907,-0.033006276007035776,-0.04545110178551461,0.01875416441709513,1.0262099159862434,0.010341699054394088,0.010221630602561548,0,0
2021-07-19,-0.018537594374496705,-0.06200849368259295,-0.06306501824294178,0.027913663830164054,0.021184532855725434,0.22833675564681724,0.6480492813141684,0.1967375185368265,-0.05577934170575324,-0.051835699242166855,0.01871493762557966,1.2279951100244122,0.010700869481540969,0.010417907085234747,0,0
2021-07-20,0.023704922307554006,-0.024271602496533658,-0.021133796724853167,0.035994061361546176,0.021664330407387956,0.33347022587268993,0.7125256673511293,11.598958333333334,-0.017659189518305096,-0.009067450672887084,0.019103990484239424,1.0791125541125424,0.011593143182007834,0.010647996958502312,0,0
2021-07-21,0.018055250724333612,0.004022741402149974,-0.019895232202227126,0.025318932359660932,0.021641902369508907,0.39753593429158113,0.7429158110882957,5.103274559193955,0.0016895851112676294,-0.012494456134826994,0.018839413100938365,0.8225613575536466,0.011691087166233807,0.010586401560195177,0,0
2021-07-22,-0.010650188581562635,-0.0008779996552083073,-0.03248366999559473,0.024676038381553505,0.021796625556601994,0.35236139630390145,0.7149897330595483,0.34055555555555556,-0.0035421338285664726,-0.021225151133330827,0.019110892201357494,0.7385997597200151,0.01185727959295265,0.010662042801746485,0,0
2021-07-23,0.0007691466805562358,0.013341536756384512,-0.034986438026582904,0.04326110590180856,0.022102210080183645,0.38151950718685834,0.7211498973305955,1.9294403892944039,0.01144510353445337,-0.01710953150491325,0.019281587019377714,0.7302494802494683,0.011818939670347594,0.010505715635316257,0,0
2021-07-26,0.003446500865721708,0.03532563199660293,-0.04282100270464638,0.028251959452864718,0.022166373122512354,0.39342915811088297,0.7318275154004107,1.4844398340248963,0.03473283008113109,-0.022602495927684017,0.019262874958206062,0.8638368076970453,0.011509419304060775,0.010441443249689316,0,0
2021-07-27,-0.009280474916306805,0.0023402347727421195,-0.054506431349879016,0.02351705004838012,0.02219858539983359,0.35975359342915814,0.7137577002053388,0.4645909645909646,0.007578185755329436,-0.033748277246508446,0.0192907431917676,0.9987293962021043,0.011566158210183005,0.01050311941033525,0,0
2021-07-28,0.012558748162315904,-0.0031562677892755914,-0.03472679725773867,0.025787778980308262,0.022338089333677084,0.4020533880903491,0.7301848049281314,2.6515151515151514,0.001722460969342068,-0.01928100595995194,0.01928547467827332,1.0087719298244981,0.011969020270644724,0.01061268513272832,0,0
2021-07-29,0.006513813247836425,0.014007734040123471,-0.024744215198932776,0.025275299354137633,0.022613450942962184,0.45297741273100617,0.7412731006160165,2.5676077265973256,0.017694296058486693,-0.008401584339935464,0.019618589142070826,0.9624440781727711,0.012090939859449977,0.010645424787698171,0,0
2021-07-30,-0.006111670980375496,0.007126916379191735,-0.03155969466813777,0.02289958961100295,0.022623714569935494,0.4238193018480493,0.7182751540041068,0.5568475452196382,0.00785445062025592,-0.015531878423701627,0.0197791649209684,1.0336538461538278,0.012129304317716695,0.010571831722897324,0,0
2021-08-02,-0.002340797467439319,0.0013396180460307104,-0.0394175307573692,0.020262916176800577,0.022571020733538533,0.4078028747433265,0.7059548254620123,0.6878083157152924,0.0018732475546453474,-0.023481385200857872,0.019808506907549157,0.9879872509675736,0.012022652857171195,0.010533583444487123,0,0
2021-08-03,0.0030655532286616278,0.01368564619099914,-0.031534667429804916,0.030068708491645866,0.02288315036629307,0.4427104722792608,0.7117043121149897,1.7757225433526012,0.012492118757582434,-0.01600920674178912,0.0199315683871366,1.0211854430292067,0.012049291299588604,0.010460284551594824,0,0
2021-08-04,-0.012457356574735451,-0.01133045854605222,-0.03133878630894977,0.03018746816317456,0.0231451012560073,0.38562628336755644,0.6763860369609856,0.33443891652846874,-0.006095776943457111,-0.016210292348757857,0.020033899766921676,0.9667170001258032,0.012040299390123813,0.010576879673977439,0,0
2021-08-05,0.01229780899842772,-0.005546462795460925,-0.012684598063030086,0.03273416697639977,0.023774300186997607,0.44435318275154007,0.6960985626283368,3.21792618629174,-0.002478269969277632,-0.002116064417933502,0.02052387518576619,0.9001348833277508,0.012347701152769208,0.010693338612142727,0,0
2021-08-06,0.00451358193899668,0.0050787901239112525,0.0034151185327783006,0.026685212796356324,0.023908278793410433,0.4817248459958932,0.7051334702258727,1.6600221483942414,0.006349846129001234,0.014607854881148746,0.020625375369803668,0.8638303898363332,0.012129622534674634,0.01057726085399772,0,0
2021-08-09,-0.0032796189307420483,0.004139968660608524,-0.019940723389875507,0.02607400840358368,0.023647623197868377,0.46036960985626285,0.691170431211499,0.5977318212141428,0.005468779211879733,-0.0055974345420550225,0.020108665274580145,0.8664921465968359,0.011251392205955377,0.010343439312032158,0,0
2021-08-10,0.0040422039775650405,0.005116619409511937,-0.017161071001785752,0.031048955190662073,0.02401535851934121,0.4940451745379877,0.6952772073921971,1.4645426515930113,0.004564141508003308,-0.005198187268495886,0.020483526383512946,0.9393817743877018,0.011294983100158576,0.010336135007487165,0,0
2021-08-11,0.00495387763553127,0.02252785361977866,0.0018247755122508058,0.02180723166073265,0.02391426598312747,0.5260780287474333,0.708829568788501,2.1080729166666665,0.022060613635967525,0.01145781185857743,0.020346631103629307,0.938595650924409,0.010938562467959802,0.009721520727164475,1,0
2021-08-12,-0.0031014345638223826,0.007128610057528559,0.00896243412277844,0.02048033649795539,0.023735638214962513,0.5154004106776181,0.6932238193018481,0.6890934844192634,0.008418706134095367,0.014787261926501743,0.02029155330279291,0.8733544612384159,0.01071017365888858,0.009685188151841684,1,0
2021-08-13,-0.006653170926249484,-0.004038142807717604,0.008058710720733313,0.021790848930151353,0.02378417757478065,0.49691991786447637,0.682135523613963,0.6804195804195804,0.0011869955435517155,0.01606746694368258,0.020168633460905798,0.8230140065349869,0.010738010588975899,0.00926839430857031,0,0
2021-08-16,-0.008830828963368838,-0.009589352840344397,0.012678271488401057,0.021433512037122137,0.023594308963028547,0.475564681724846,0.6636550308008213,0.49688279301745636,0.0008908324264410537,0.02238133250907513,0.019757948070805772,0.968064625721925,0.010484765810660147,0.009323931661646885,0,0
2021-08-17,-0.011202603141240327,-0.02483415995914976,0.02001326272165744,0.02338061575781619,0.023124709704261115,0.4242299794661191,0.6402464065708419,0.3495798319327731,-0.013584621756868255,0.031169396171045017,0.01939708179439281,1.0648705911677916,0.009922306994354679,0.009423818844468718,0,0
2021-08-18,-0.007655363570762444,-0.03744340116544348,-0.011347023156659013,0.01941314786098956,0.02235769046442255,0.3835728952772074,0.6139630390143738,0.31089217296113847,-0.03164565185680993,0.003601981542714418,0.018761623065272348,1.0012710378681517,0.008598448912421817,0.009430192847453138,0,0
2021-08-19,-0.01328733127163981,-0.0476292978732609,-0.04268960515263243,0.02359629884883909,0.02211152188300728,0.3359342915811088,0.575359342915811,0.33499446290143964,-0.040874155802426364,-0.021125211946066542,0.01840957233693755,1.1098937741151549,0.007901195127488254,0.009506625047102531,0,0
2021-08-20,0.012856349638120063,-0.02811977730889136,-0.01918306693294974,0.020034511834902635,0.02211184843704866,0.39342915811088297,0.6,4.88943488943489,-0.02227262208056919,0.0018109400301431424,0.018369446762467143,0.9346490966549331,0.008275550217664103,0.009650384056674585,0,0
2021-08-23,0.017361189964901304,-0.0019277583806212144,-0.0025910236486046696,0.0251405819273342,0.022319099299240426,0.4574948665297741,0.631211498973306,4.2299349240780915,-0.004737582402851826,0.006240229466968871,0.01864694955291148,0.9062958399342785,0.009186178772060221,0.009888688603927396,0,0
2021-08-24,0.011945508175976413,0.021220352936595528,0.005907983661650038,0.02396500513610136,0.02235642824899187,0.5018480492813142,0.655441478439425,2.5676077265973256,0.011461412142856028,0.01105323493615074,0.018664288945861113,0.8747125457797089,0.00953203017135598,0.00993484896616661,1,0
2021-08-25,0.004413053938331103,0.03328877044568907,0.01960151251628794,0.020005588507807266,0.022129393626557917,0.5330595482546201,0.6620123203285421,1.736,0.02533532348119318,0.02072909389811132,0.018421196901109767,0.8837154752829155,0.009311030462514679,0.009798434075316617,1,0
2021-08-26,-0.009300155557893725,0.037275946159435164,-0.0022573912039216878,0.01866667835156899,0.02188223442299526,0.4833675564681725,0.6295687885010267,0.24778761061946902,0.027175543481007994,0.00492384805707716,0.018423685148828497,0.8895214374666033,0.009167142418498465,0.009784594027730709,0,0
2021-08-27,0.020859353482473413,0.04527895000378851,0.012088149030715301,0.023667796184514353,0.022180825766211575,0.6041067761806982,0.6796714579055442,10.166666666666666,0.033831055306916165,0.013510358136301547,0.01861700421114797,1.0331483985266776,0.01016537571942291,0.010141967050460155,1,0
2021-08-30,-0.0033785544194617095,0.024539205619425495,0.014821265591629088,0.022693951226199747,0.022104621331408947,0.5696098562628337,0.6595482546201232,0.6620498614958449,0.01677467211898093,0.015991343505621747,0.01848861811607758,0.912198973549144,0.010092713115583261,0.010056195709440233,1,0
2021-08-31,0.00380289591542303,0.016396593358872107,0.020964958974491438,0.021789848630538983,0.022149601428690182,0.5856262833675565,0.6669404517453799,1.352015732546706,0.010264708296073814,0.02031373840574349,0.01845561462999724,1.1456895802974274,0.010089029539288934,0.010069011757201141,1,0
2021-09-01,0.003907978364888221,0.01589151778542923,0.021807384110718028,0.02060866189832441,0.021848309960337133,0.6049281314168378,0.6714579055441479,1.4178498985801218,0.01044973080070642,0.018800328171945567,0.018159885198891022,0.9739798094695737,0.010099329646089046,0.010053185241347625,1,0
2021-09-02,0.006182263425778942,0.0313739367691019,0.04044700411123243,0.020674154267949746,0.02128757433760348,0.6299794661190965,0.6763860369609856,2.048407643312102,0.023963947887420477,0.03439114129285979,0.017546767776594276,0.9260686112639712,0.00966360900483318,0.01006171315972709,1,0
2021-09-03,-0.0032006183949405726,0.007313964891687908,0.024948576717864133,0.01880099631060933,0.02064507469007613,0.5991786447638604,0.659958932238193,0.5598958333333334,0.0032020297780368536,0.018288284925602423,0.01708932909176667,0.8499609853973442,0.009420663197198689,0.010023359740339579,1,0
2021-09-07,-0.0072049860420041155,0.0034875332691455,0.013230008736863336,0.023283078477062003,0.020562301904036816,0.5412731006160164,0.635728952772074,0.3714448236632537,-0.0019704612084921152,0.004185696474027894,0.016770515705895758,0.986456297123674,0.009559869211279895,0.010022073120817054,1,0
2021-09-08,-0.009590069505432241,-0.009905432151709767,0.0069195581621731474,0.02327591111029189,0.020617826136883087,0.5084188911704313,0.6073921971252567,0.48921749845964263,-0.00977663804304285,0.0032840721155310434,0.016968905472427312,0.9952927036906957,0.009785423897187857,0.01007803990521439,1,0
2021-09-09,-0.0002427831945129592,-0.014056193711110948,0.002634570990095142,0.020912955981680116,0.020313559596053785,0.4948665297741273,0.5983572895277207,0.87109375,-0.014090402768720086,-0.001888349521762484,0.016502971195151532,0.9842215351036628,0.00974874207040534,0.010077654773032588,0,0
2021-09-10,-0.00816802329700313,-0.028406480433893024,-0.010487329942439253,0.01978641126338596,0.02023075227486481,0.4402464065708419,0.57782340862423,0.3452914798206278,-0.028205879832384744,-0.016905809532682337,0.016329908236242828,0.9676452965844915,0.009843851696823908,0.010084355827367225,0,0
2021-09-13,0.006078255185099199,-0.01912760685385325,-0.001307640193517674,0.034741812725498145,0.020677808586857,0.49363449691991784,0.5979466119096509,1.8764988009592327,-0.018371676515887347,-0.007578600700142152,0.016608872434677038,1.0223870676131956,0.009926002536294939,0.010117330812372587,0,0
2021-09-14,-0.012327063873102815,-0.02424968468495195,-0.006981533140371008,0.021798570677006298,0.020783906563590894,0.4127310061601643,0.5642710472279261,0.27993613624268227,-0.02020906755961036,-0.0154036996976762,0.016834210238556576,0.972579263067556,0.010188137057220808,0.01021996295498015,0,0
2021-09-15,0.009613631235641672,-0.0050459839438780395,0.011462927058639502,0.02141060122163489,0.02080033879886219,0.4759753593429158,0.5872689938398358,2.949096880131363,-0.005648468584165873,-0.0006671267115023126,0.016999273427729757,1.0230550849397748,0.010213875505468312,0.010298821902833303,0,0
2021-09-16,-0.002642897770178608,-0.007446098519543686,0.020022632429701225,0.020825506815377103,0.020548814069076132,0.4595482546201232,0.5691991786447639,0.659043659043659,-0.007307112718638457,0.004614349268854138,0.016740862395573968,0.9224498317609965,0.009887158277978604,0.010186541960732709,0,0
2021-09-17,-0.0021861585482556975,-0.0014642337707962525,0.025491837452207972,0.03484534557506936,0.020789892916958427,0.433264887063655,0.5572895277207393,0.6037234042553191,-0.0019664021521168334,0.009180789765994615,0.016824625639020232,1.711261401576336,0.009719668104791945,0.009930154125733899,0,0
2021-09-20,-0.023386744573568232,-0.030929233529463678,0.015392424150279551,0.025960541467170972,0.02125399710663814,0.3071868583162218,0.4997946611909651,0.11397058823529412,-0.02691824156962596,0.0010214931879525826,0.017404556492836537,0.9236773633998014,0.010675879007158565,0.01011486978327676,0,0
2021-09-21,0.002271814185526847,-0.01633035547083402,0.0048078886976863355,0.02257363890633041,0.021038657935816007,0.3248459958932238,0.4928131416837782,1.0331632653061225,-0.01608090614919335,-0.008686855407208477,0.017199948277567496,0.714233771270656,0.010318780785353232,0.010116386361264157,0,0
2021-09-22,0.014112557613078615,-0.011831429093397072,0.0015592563458636443,0.020788682652923392,0.020891450438372,0.4024640657084189,0.535523613963039,5.181585677749361,-0.011809152738151644,-0.007820597486299248,0.01742736202149955,0.7217228621511995,0.01007045947347007,0.010276718712024006,0,0
2021-09-23,0.015642853823354827,0.006454322500136362,0.005256601993242056,0.022914346496112153,0.021040803920009222,0.497741273100616,0.5811088295687885,4.271334792122539,0.002527260432047373,-0.004109376672081479,0.017847917538413673,0.7244033180606605,0.010317671157958301,0.010372109480431069,0,0
2021-09-24,-0.0031245197128672636,0.0055159613355247935,-0.0022809716579563085,0.020716451758858417,0.021054960849626235,0.48213552361396306,0.5819301848049281,0.7584434654919237,0.004562144615275611,-0.009281959308210672,0.017683142544573704,0.8241196692371824,0.010296704302907416,0.01037050500077203,0,0
2021-09-27,0.011214317816610773,0.0401170237257038,0.01823350171654819,0.025966787770043787,0.021400276901277663,0.5260780287474333,0.609034907597536,2.104651162790698,0.03237559297303747,0.005581593563284127,0.018309109360990682,1.0230619221689694,0.010354049251839971,0.01044024873448104,1,0
2021-09-28,-0.018547805510168134,0.019297404030008816,-0.02117365727609336,0.023383813475819585,0.02137585137561444,0.4184804928131417,0.5597535934291581,0.1372825575928538,0.012422508040835311,-0.028228871112139498,0.018060554662365568,1.0871029073912484,0.010118097364513417,0.010684122095991134,0,0
2021-09-29,-0.0029955738520515626,0.002189272564878639,-0.020790676708683207,0.021662473086298265,0.02137216194475017,0.41232032854209444,0.5630390143737166,0.9632052330335241,0.0015760203879753526,-0.025466628762953608,0.01799526005600876,0.9063656992714569,0.010113955776502434,0.010687358169746385,0,0
2021-09-30,-0.006402465484531443,-0.01985604674300763,-0.030996038108637682,0.02548642271538537,0.021639671505816773,0.3581108829568789,0.5133470225872689,0.45151515151515154,-0.02055822086970951,-0.03740259343784541,0.018406243466913767,1.0737982396749988,0.010117323774907688,0.010682903530282888,0,0
2021-10-01,0.013395463639859691,-0.0033360633902806748,-0.02150855283366621,0.024685527034178343,0.02196719944673578,0.4262833675564682,0.5618069815195071,3.870182555780933,-0.005390533723081655,-0.028562271776682975,0.018920461248649694,0.9894435498299348,0.010571404225217606,0.010817601915708616,0,0
2021-10-04,-0.009258910849995736,-0.023809292056887178,-0.03694972710944089,0.03259906352214195,0.022250785255178693,0.3942505133470226,0.5412731006160164,0.5222363405336722,-0.01885289137936925,-0.0402137613956469,0.019075997637923975,0.9720531975310938,0.010582095188716762,0.010764395973666902,0,0
2021-10-05,0.005910690621263789,0.0006492040745447433,-0.02783841809323652,0.019423540626462107,0.022352108899433936,0.42217659137577,0.551129363449692,1.986335403726708,0.0023639335345499854,-0.030800930758378676,0.01901317908864188,0.9245910080277,0.010706112343193097,0.010766633150101807,0,0
2021-10-06,-0.004559321615779493,-0.0009145436891831876,-0.0251927536670119,0.023380095983612195,0.022316991021231105,0.4086242299794661,0.5416837782340862,0.7430858806404658,0.00046116063322991746,-0.02457432155615538,0.01887850873127001,0.8649486845099824,0.010648881396774635,0.01068334816386424,0,0
2021-10-07,0.013688135605130164,0.019176057400478418,-0.0019145485564494979,0.020353485481501166,0.02236233901975241,0.4767967145790554,0.5728952772073922,4.136752136752137,0.020457064938014264,-0.010086180598587713,0.018868472021375787,0.9173034772821244,0.010939417688207258,0.01051744533360044,0,0
2021-10-08,-0.0034005037336530923,0.0023800900269656334,-0.005072269095589626,0.026104334227548178,0.022388653165309323,0.4611909650924025,0.557700205338809,0.667595818815331,0.0035859901237429567,-0.012244776691115724,0.01888931012776929,0.7499612756656219,0.010963282076526753,0.010523128101339776,0,0
2021-10-11,-0.0029885014690810333,0.008650499407880334,0.0001072527323324718,0.025017710168316703,0.022322863218594648,0.44476386036960985,0.5396303901437371,0.5531776913099871,0.0064869628055532,-0.007457289229480178,0.018765259656230264,0.7996978958091685,0.010833536369123715,0.010381913676244794,0,0
2021-10-12,0.004429064017838798,0.0071688728044553415,-0.0015419384349279273,0.02208061398878239,0.022086740347810663,0.4624229979466119,0.5437371663244354,1.4715615305067218,0.003666034659694526,-0.0077022128185933025,0.018601986136800943,0.9346949395081998,0.010793213046063675,0.010315946320846026,0,0
2021-10-13,0.004152462826907466,0.015880657247142303,0.014937588265082352,0.022152174002413597,0.021962876755077326,0.4841889117043121,0.5535934291581108,1.4730848861283643,0.009807935720553053,0.006591293218566514,0.018463189102893872,0.9720053535578311,0.010451419298803067,0.010300854442122524,0,0
2021-10-14,0.011713087234664276,0.013905608876676415,0.017037044264104958,0.020317783639993252,0.022098512603535257,0.5589322381930185,0.5950718685831622,4.476082004555809,0.012082581983993881,0.011084783997027406,0.018660098549396147,1.035988294466944,0.010550405630267554,0.010248611802513108,1,0
2021-10-15,-0.0004377396907002066,0.016868372919629303,0.01924220234358336,0.019701902147556193,0.022037544891632045,0.5663244353182751,0.5930184804928131,0.9842454394693201,0.014825924616457176,0.016455069506641162,0.01861868594605279,1.0714285033420967,0.010525251286044366,0.00995133229612199,1,0
2021-10-18,0.00014824113754009796,0.020005115526250433,0.021576602029379156,0.023472981171597206,0.021840671225377483,0.5593429158110883,0.5876796714579056,0.9719703215169002,0.018764277659520587,0.019892873285231136,0.018542651238920356,0.9361049107142531,0.010503150678465134,0.009515199494955396,1,0
2021-10-19,0.005291824494099041,0.020867876002510676,0.050255171097046435,0.021427003758103778,0.021065253046072197,0.5926078028747434,0.5995893223819302,1.9055690072639224,0.020424954448650855,0.04146356724767171,0.01772829810546166,0.8997867803836035,0.008914287083333482,0.009269546702167907,1,0
2021-10-20,0.006804831153943182,0.023520244329546396,0.05478818806546277,0.019530645718336657,0.021060061485664177,0.631211498973306,0.6139630390143738,2.34733893557423,0.024446847174705365,0.046284391808416155,0.017810307034532392,0.9062726051461761,0.00896593672507169,0.009195581123010726,1,0
2021-10-21,-0.000540311533282358,0.01126684556159976,0.04013531891910179,0.020832404032960168,0.02102649214136747,0.6205338809034907,0.6069815195071868,0.9892384105960265,0.010849483508416488,0.033522698843797924,0.01769973031413555,0.9267201193361061,0.008588135702497512,0.00919676771891754,1,0
2021-10-22,-0.002225414209362917,0.009479171042937048,0.022267050886384046,0.023621534230213286,0.020763203819281158,0.6135523613963039,0.6032854209445585,0.9941812136325852,0.010146595209877008,0.024267111126466536,0.017334156011303163,0.9131068403315004,0.008026429430653364,0.00919642087948312,1,0
2021-10-25,0.006378642232561038,0.01570957213795799,0.03177021283181235,0.023217674136830645,0.02083936003628,0.6422997946611909,0.6094455852156058,1.6763070077864293,0.01588479230435154,0.029360548066740044,0.017517404982776062,1.0017559262510096,0.00804655912874446,0.009138403583670835,1,0
2021-10-26,-0.006072717859639936,0.004345029784219011,0.014483177155561642,0.022017540567142203,0.020594768256150933,0.6147843942505133,0.5991786447638604,0.5687952600394997,0.006208534750333857,0.01779983663392996,0.017223067836053714,1.0094925155165813,0.007887124580815358,0.009052114104522828,1,0
2021-10-27,-0.016077303138598276,-0.01853710450832245,0.016953679527131497,0.024342230209783062,0.02062601221489147,0.5277207392197125,0.5585215605749486,0.21644803229061554,-0.014603096512038062,0.019802579431719567,0.017488090305722185,1.0346095912004583,0.007598996462834513,0.00925457293177463,1,0
2021-10-28,0.013952107404969629,-0.0040446855700704614,0.033901360784152686,0.02883060138288768,0.021079736260913723,0.6024640657084189,0.5860369609856263,3.9710743801652892,-0.002219639934529786,0.03059088525011962,0.018051703444082714,0.983536087348988,0.008060834683425186,0.009380856336808517,1,0
2021-10-29,-0.0032885004925479995,-0.005107771853255544,0.03701532577613613,0.025768787264104257,0.02097059805796786,0.5761806981519507,0.5757700205338809,0.7675276752767528,-0.004523377723275867,0.037417847418502584,0.0178641473182822,1.0664382686938971,0.00793362456188614,0.00938615132038899,1,0
2021-11-01,0.02000610365325484,0.008519689567438262,0.043625965789531276,0.02752354395909999,0.02126306067511247,0.6718685831622176,0.6242299794661191,4.33112582781457,0.006337566070863252,0.04265920342825095,0.01822959956762008,1.0227140361094336,0.008527216564655682,0.009700323542209587,1,0
2021-11-02,-0.002468999661320553,0.012123407765757642,0.050415876978206466,0.034970942217588515,0.02122375753482732,0.6546201232032854,0.6176591375770021,0.8145344436033308,0.007928509328610464,0.04383464611934952,0.018218150273011168,0.9267570756998227,0.008198263569892892,0.009562500379571967,1,0
2021-11-03,0.012873462975728488,0.04107417388008441,0.057378649332671165,0.033243737317444705,0.021887295408323452,0.7080082135523614,0.6480492813141684,2.9784411276948592,0.03324541297662875,0.05192021571909981,0.018817659725335126,0.9992805250412294,0.008483159435127386,0.009573878332465317,1,0
2021-11-04,-0.004403296010389994,0.022718770464724786,0.057534674938060665,0.032336726561940456,0.02227583608375002,0.6772073921971252,0.6324435318275154,0.6866619618913197,0.016451645717556578,0.04965184731255857,0.01916166074220312,0.9462309714495178,0.008476519628488666,0.009584973149551965,1,0
2021-11-05,0.009515486757626007,0.035522757714898795,0.05336202609055651,0.03659951694704465,0.022959279882799378,0.7236139630390144,0.6570841889117043,2.2550607287449393,0.03004691191776109,0.04913570605648369,0.019750291831841845,0.974944371627969,0.008253005623715894,0.009634217364268664,1,0
2021-11-08,0.004805422895454039,0.02032207695709799,0.06156795271966364,0.029078513129361744,0.02305368738485098,0.7388090349075975,0.6591375770020534,1.2687559354226021,0.017857600292717848,0.05334595152158649,0.019765059114685405,0.8885708710075818,0.008151260160789566,0.009638677284222838,1,0
2021-11-09,-0.002729978933811432,0.020061097684607107,0.06182647525493325,0.026698355800819078,0.023126383247533834,0.7236139630390144,0.6628336755646818,0.9040767386091128,0.018380981725376933,0.05400878462677534,0.01982353435160591,0.841483778625929,0.008142061867430094,0.009635663475323832,1,0
2021-11-10,-0.011908976960970027,-0.004721342252091403,0.045488434276124416,0.02723439897978849,0.023597913575962637,0.6895277207392198,0.6353182751540041,0.45780206435944143,0.0,0.04294253002790926,0.020351710483611077,0.8891087927702985,0.008750890704009626,0.00975656174964589,1,0
2021-11-11,0.007725455629961898,0.0074074093882604865,0.04906142707917885,0.025229544946115717,0.023709716183775698,0.704312114989733,0.6476386036960986,1.8711217183770883,0.00827956385741428,0.044965010686959205,0.020406030616651968,0.7929676769526237,0.0088258555627259,0.009750503729044012,1,0
2021-11-12,0.0029923551518976754,0.0008842777825321526,0.04034069499641225,0.02522835841353056,0.02366798883601739,0.7026694045174537,0.653388090349076,1.3048897411313518,0.0,0.034047235283481615,0.020312967794126238,0.8729423453905792,0.008563873506206283,0.009673571350966567,1,0
2021-11-15,-0.003428409056371579,-0.007349554169293467,0.03735002563074087,0.023912108422061786,0.02376760767668832,0.6969199178644764,0.6365503080082136,0.8383141762452108,-0.00233358497088567,0.03450563840717644,0.020207705820958047,0.954246317768575,0.008629672984471367,0.00956315290790306,1,0
2021-11-16,-0.0019693357966535287,-0.0065889110321355636,0.03523244869654724,0.024841605577943675,0.02381189870029835,0.675564681724846,0.6201232032854209,0.8575875486381322,-0.0018709161498181377,0.032247552412836396,0.020232199093425874,1.0231111111110203,0.008661987136794058,0.009504729081483232,1,0
2021-11-17,-0.01069300843854445,-0.005372942509709989,0.01924761576390375,0.024526527869608402,0.023971862117708593,0.6299794661190965,0.6057494866529775,0.35965909090909093,-0.0031147135209037037,0.020028451795850343,0.02034127018914268,1.026774317079381,0.009023321780083875,0.009445919422716092,1,0
2021-11-18,-0.008515090633684969,-0.021613488773356858,0.003927693976275596,0.025575977069326808,0.024100757214205633,0.5885010266940451,0.5827515400410678,0.4793592113370302,-0.013091531947087268,0.0076629340817890345,0.020196120331196638,1.0294631080766494,0.009141976302581876,0.009409624026989638,1,0
2021-11-19,-0.009247293982735305,-0.033853137907989835,-0.004779288473177353,0.024355537022291703,0.024280552772529565,0.5400410677618069,0.5634496919917864,0.4312908982748364,-0.023827955148277354,0.0005280443384873208,0.020591831708178868,1.0209988101745984,0.009371184656173294,0.009259751760416027,0,0
2021-11-22,-0.004286909382303554,-0.03471163823392181,-0.0068407836461179886,0.030289260536311265,0.02458698444099144,0.5433264887063655,0.5589322381930185,0.9365461847389558,-0.021443611375446765,0.00047901217126870594,0.020739384896705255,1.0286295369211353,0.009403899350204189,0.009163909913560253,0,0
2021-11-23,-7.580332002007422e-05,-0.03281810575728835,-0.013295229198699098,0.0234837519636454,0.024648192877181615,0.5383983572895277,0.5597535934291581,1.1419642857142858,-0.01873104180222048,-0.0012968143806116965,0.020940603204707288,0.9592742713761359,0.009278459554307877,0.009149076655058784,0,0
2021-11-24,0.0026950454542832227,-0.019430051864460684,-0.0045274658847759405,0.02160399254794859,0.024604410723502897,0.5408624229979466,0.5585215605749486,1.1084656084656084,-0.010333208307162908,0.001641276469898851,0.020721836197794424,0.750952447112675,0.009218521574765177,0.00907146112954681,0,0
2021-11-26,-0.030346170251153697,-0.041261131481929406,-0.018796332997331362,0.02577098534852335,0.025450435262657646,0.39342915811088297,0.48213552361396306,0.07259849490925188,-0.03668158279857634,-0.012492814238681777,0.021902139216242972,0.8433759085079037,0.010830940297985167,0.009497070108246951,0,0
2021-11-29,-0.0009843621225245067,-0.032998199621718606,-0.033732802524825495,0.027677488967830406,0.025066022001726907,0.3917864476386037,0.4817248459958932,0.937046004842615,-0.027953350001256334,-0.02074398001565594,0.021355145508759686,1.0884900125715502,0.010283800673280745,0.009489605393127314,0,0
2021-11-30,-0.019634138736135433,-0.04834542897555048,-0.050078440768412925,0.025940684911516246,0.025495931562772835,0.2780287474332649,0.42874743326488707,0.15660919540229884,-0.04825712724841528,-0.038723805309847835,0.021712124095552867,1.4424183325207076,0.011010405675030614,0.009780029638583317,0,0
2021-12-01,-0.01987876083895021,-0.06814838649448063,-0.08996330526061798,0.030324758234319675,0.025278944253892363,0.21930184804928132,0.39260780287474334,0.23328228688106176,-0.0660926993935422,-0.06990053766455077,0.02132347612698502,1.123158417480503,0.010376712455543039,0.010054591228866658,0,0
2021-12-02,0.022533000569240697,-0.04831043137952315,-0.06496130503005673,0.02545302366150208,0.025849622021031787,0.31252566735112935,0.45010266940451743,6.058651026392962,-0.0425162206766913,-0.04382017191756878,0.022133846923241562,0.9543604212884086,0.011915561672287663,0.010448311230703944,0,0
2021-12-03,-0.017403712428535473,-0.03536797355690493,-0.0952384804343207,0.0320103730078334,0.02555769321529051,0.2698151950718686,0.42012320328542097,0.2982740021574973,-0.022888443318057637,-0.06737882030561317,0.0215923774512944,0.8955641269613897,0.011717090233316865,0.010651814430393598,0,0
2021-12-06,0.01743931100396238,-0.01694430043041804,-0.07339587341996832,0.025470573910420524,0.025802942978476746,0.34496919917864477,0.46940451745379874,4.875609756097561,-0.005378368414841663,-0.04368438538582817,0.022070017851011578,0.8707595128166341,0.01266085559140023,0.010872107207878894,0,1
2021-12-07,0.02174162144037521,0.024431459746092603,-0.06116973873721911,0.02907141862225255,0.02589369830649062,0.4275154004106776,0.5018480492813142,5.29242819843342,0.031196898146044393,-0.04190080915969719,0.022105946091561284,0.8854752091919386,0.013539650256931001,0.011169189665602867,0,1
2021-12-08,0.008116988698640831,0.05242720928368365,-0.05785817293403232,0.0229689167499047,0.025788479281327,0.45462012320328543,0.5174537987679672,2.0506970849176174,0.05099525517659568,-0.04026481723446293,0.021965653623965638,0.7895591099569027,0.013652849407675907,0.01121767536241322,0,1
2021-12-09,-0.01740706489621829,0.012487143818224659,-0.07253525889643918,0.023842869096083436,0.025830009426420927,0.38028747433264887,0.4809034907597536,0.16707021791767554,0.01388909882256493,-0.05099263818966034,0.022135697058529243,0.8079536691730506,0.01402217161874273,0.011385036639848545,0,1
2021-12-10,-0.0023976176403013396,0.027493238606458796,-0.0630238995757705,0.019987942989862114,0.025531756134301985,0.38316221765913755,0.4792607802874743,1.0016611295681064,0.02480867706746593,-0.044330922537875295,0.021834591878286447,0.8596097600063932,0.013888391706888865,0.011360083005818285,0,1
2021-12-13,-0.01430348788489203,-0.004249560282395613,-0.08505284309062441,0.027722080233500996,0.025576000400157072,0.3219712525667351,0.4480492813141684,0.35538116591928254,-0.003675432447702899,-0.06418331106843075,0.021942638755688748,1.0674603174603092,0.013869613333286356,0.011396495215583901,0,1
2021-12-14,-0.009447612585286657,-0.035438794308057485,-0.09749281082780875,0.021129534279498433,0.02547897306254443,0.28788501026694047,0.43367556468172486,0.4365693865396069,-0.027887117230016162,-0.06820818846877871,0.021903093343412342,1.1223365172666468,0.013819353072109124,0.011381149276754144,0,1
2021-12-15,0.012106198864079265,-0.03144958414261905,-0.08195820290735792,0.023688712793083017,0.025787429746593794,0.3371663244353183,0.4562628336755647,2.9966832504145935,-0.023959437940372474,-0.05825942155966291,0.022211330255928495,1.164881049310075,0.014295181219927252,0.011490388502802632,0,1
2021-12-16,-0.010035427829754471,-0.024077947076155234,-0.09002429494045885,0.02867308285324993,0.025980287304569243,0.30759753593429157,0.4455852156057495,0.5394904458598726,-0.016053353618493877,-0.06478483018496203,0.022469256214243668,1.036352681261288,0.014348897585320198,0.011552427149477849,0,1
2021-12-17,0.0032728798650620526,-0.01840744957079184,-0.07605840663685234,0.030351991411592845,0.02630722762351444,0.2944558521560575,0.42587268993839833,0.9323671497584541,-0.016470085135004545,-0.05719859849091342,0.02257863934745114,1.5638898906117582,0.014360780921141117,0.011183969830196852,0,1
2021-12-20,-0.01627755110864431,-0.020381512794544122,-0.08382086711181169,0.027581882893293226,0.02648261255987487,0.2295687885010267,0.38316221765913755,0.22431332655137334,-0.020046450983277408,-0.06991328796582101,0.02303999386424969,0.8114384845686671,0.014591083825858229,0.011363146991592963,0,1
2021-12-21,0.025531487347052215,0.014597587137794755,-0.04904208578202417,0.032170098409903314,0.027370663600230896,0.3273100616016427,0.4468172484599589,8.086466165413533,0.010557310025245277,-0.032277702553940815,0.023960767575355205,0.707892390261952,0.015881400428400087,0.011684862238321065,0,1
2021-12-22,0.008701133161300613,0.011192521435016103,-0.03605404323841999,0.016675011162786847,0.027096065954631158,0.3712525667351129,0.4702258726899384,3.810865191146881,0.008046334324307795,-0.02347797138538083,0.02381291305107238,0.6079595426560903,0.01605356630110303,0.011565007203358908,0,1
2021-12-23,0.009021703469378941,0.030249652734149517,-0.026956536449020987,0.016663278664280343,0.027000814806027215,0.42258726899383986,0.4915811088295688,3.6634241245136185,0.022260411053206003,-0.017373852320960295,0.023679612535944857,0.5807029175902,0.016221933162646873,0.011618743885109434,0,1
2021-12-27,0.007259031693564855,0.034235804562652315,-0.02239255020973935,0.035420612225328246,0.02719132319993838,0.4767967145790554,0.5219712525667352,3.0885860306643953,0.03372860464246488,-0.008727866206198186,0.023804224147215395,0.7655213984327524,0.016308245998510367,0.011567001381073623,0,1
2021-12-28,-0.005689849964807832,0.0448235057064888,0.002263770076606514,0.018893270615117655,0.025939981398266667,0.4767967145790554,0.5227926078028747,0.7340116279069767,0.04785249205322482,0.021173428793627977,0.02185523245763591,0.8232887780229223,0.014923631439047132,0.011349383914994318,0,1
2021-12-29,-0.0010309248669668357,0.01826109349246974,0.0022172073321641847,0.017466189816354397,0.02568116645130408,0.4837782340862423,0.5215605749486653,1.2573044297832234,0.025947809120087317,0.021159213078011652,0.021676671374713016,0.8952299445970874,0.014923805277837238,0.011343699229173257,0,1
2021-12-30,0.0031131350521995667,0.01267309538336869,0.024964481120499177,0.02125924128841199,0.02499636561025618,0.4735112936344969,0.5219712525667352,0.8523956723338485,0.016932384018435595,0.0394579971038726,0.0208734060254177,0.9541594188068682,0.014228752905505154,0.011319888190099683,0,1
2021-12-31,-0.0006035784794946978,0.003047813434495053,0.0442396634799547,0.016153750499526488,0.024172329615525765,0.4804928131416838,0.5240246406570842,1.127792672028597,0.009732632346843904,0.05437876028184574,0.020262802425469108,0.9601388572424174,0.013399304534222093,0.011193154709000754,0,1
2022-01-03,0.01149392247861149,0.007282704219541688,0.033200585389325486,0.02987843811408536,0.023934742659066022,0.5523613963039015,0.5482546201232033,1.9950556242274413,0.007965259863367276,0.03927123166394445,0.019535187823665583,1.2718588082900526,0.012759132856048237,0.011222604484719628,1,0
2022-01-04,0.0006062583515093178,0.013578812535858836,0.05121055616937028,0.02919492668626255,0.023684781268546,0.5942505133470226,0.5572895277207393,1.3621197252208046,0.013602792841855928,0.0581648244063229,0.019589099726354267,1.2696454678361992,0.0120020733256369,0.011199676610915088,1,0
2022-01-05,-0.02539429412420133,-0.01078455672137566,0.008376951041206566,0.02915589595113045,0.02408089993634779,0.4706365503080082,0.5047227926078028,0.1535885167464115,-0.006319688900907108,0.020640805451720725,0.019754123794102095,1.1965886726437656,0.012929184539852782,0.011641730949886148,0,0
2022-01-06,0.0034630603107328414,-0.010434631462842377,-0.009901610088435804,0.022582800996711005,0.023542508787852592,0.4952772073921971,0.5104722792607803,1.4479591836734693,-0.006275206114758282,0.008774492283261938,0.01964299829424642,0.9874189858939204,0.012002591108251129,0.011516742730465487,0,0
2022-01-07,-0.004840853394844571,-0.014671906378192254,-0.022859452181921206,0.024961009811386336,0.02358366168508731,0.46324435318275153,0.5092402464065708,0.8817966903073287,-0.01083703206200293,-0.0010215342995924584,0.019914377179626894,0.9236207926707367,0.011871346455151269,0.011524462238856743,0,0
2022-01-10,-0.003930704618850039,-0.030096533475653785,-0.009383091904552956,0.023482634549112775,0.02343547499270303,0.44435318275154007,0.4973305954825462,0.6526533425223984,-0.022742258806220352,0.006319682640388061,0.01981243951176034,1.0158045977010035,0.011295381618093734,0.011528612840861426,0,0
2022-01-11,0.0128262128152112,-0.017876579011951898,0.005840738550959583,0.02264517824795384,0.02370416344462463,0.4878850102669405,0.5219712525667352,3.004991680532446,-0.016172641431709146,0.014552159496088289,0.019976906207346507,0.9146654790860039,0.011646982638644882,0.01163246608829565,0,0
2022-01-12,-0.0026623127489281474,0.0048554023633212845,0.017481913686923468,0.02289430044169653,0.023274891759329668,0.4854209445585216,0.5223819301848049,0.8559256390395042,0.0034188034047501876,0.02354043103239716,0.019397411342702398,0.9279418462390263,0.0111861823629291,0.011623157024260242,0,0
2022-01-13,-0.008878342670507442,-0.007486000617919001,0.01805118360170268,0.02677094921035943,0.02340202582397557,0.4681724845995893,0.5117043121149897,0.6955602536997886,-0.0036232284995814275,0.026716801997149174,0.019545913287215274,0.9031395822949072,0.011160685166481046,0.01156946830570262,0,0
2022-01-14,0.00076232487034928,-0.0018828223527251476,0.006707309607972698,0.022291432812056988,0.023156808096783162,0.4574948665297741,0.4997946611909651,0.9768595041322314,0.0,0.015002448026076929,0.01944626685946146,0.9616535414222561,0.010859588182007322,0.011570762172308756,0,0
2022-01-18,-0.023797028470006452,-0.02174914620388156,-0.007054291032279283,0.026559640183053915,0.02352936615459958,0.3917864476386037,0.44476386036960985,0.13848327837965144,-0.016075347255255,0.0020451919495449227,0.019809837958732597,1.1006186630005061,0.011882706930740033,0.011933337480851685,0,0
2022-01-19,-0.010645762780042986,-0.04522112179913575,-0.02097293367738432,0.025964694723023908,0.023444254462282363,0.3486652977412731,0.4139630390143737,0.3135547087642896,-0.0380863182965781,-0.005150769866180143,0.020200559210154297,0.9973558089571147,0.012058231147369675,0.011967083434476668,0,0
2022-01-20,-0.016222895976833865,-0.05878170502704146,-0.020918278545573876,0.022864654363555878,0.023326065301965803,0.28542094455852157,0.3675564681724846,0.2091733870967742,-0.05150046364329347,-0.0035170924012228816,0.019959299666792857,1.018793556494887,0.012054773907001253,0.012068810735116222,0,0
2022-01-21,-0.02145694161094139,-0.07136030396747542,-0.06790670750356749,0.025281330075846,0.022729534398886878,0.22176591375770022,0.3219712525667351,0.16594516594516595,-0.0629748528895175,-0.04488100854975179,0.019281248723043966,1.1744625105956663,0.011216383420170598,0.012324187465655312,0,0
2022-01-24,0.009546177916200617,-0.06257645092162407,-0.06706166274866748,0.030824181925995488,0.023340587655857423,0.24558521560574947,0.3338809034907598,1.7154105736782903,-0.05440040155147263,-0.04626666520137713,0.01980836395505701,1.2797172695811974,0.01126276185680411,0.012408617229623662,0,0
2022-01-25,-0.007340628233116318,-0.046120050684733946,-0.08342399445116273,0.027887391737781014,0.023605913748461053,0.2431211498973306,0.3195071868583162,0.5689206762028609,-0.04197888146580371,-0.06363443997659231,0.020224877047481056,0.9276614095228565,0.010936721584516744,0.012384104663473536,0,0
2022-01-26,-0.01088384363066776,-0.04635813153535872,-0.10156686977539535,0.023428937828339453,0.023423634193876136,0.22546201232032853,0.29774127310061604,0.3671388101983003,-0.041426435735683796,-0.08160931022616415,0.02033484420894529,0.9175913596685764,0.01071956130648607,0.01242462319911337,0,0
2022-01-27,-0.017623391051993856,-0.047758626610518704,-0.11350041086258139,0.0320476446957964,0.024008196387289998,0.2020533880903491,0.2743326488706366,0.31019522776572667,-0.038669164239421724,-0.09556334857678189,0.02074494551604869,0.8502217671866124,0.011077396915084066,0.012454289390380898,0,0
2022-01-28,0.017175536755458493,-0.009126148244118823,-0.09529394924015605,0.024565656698943544,0.02483092455547949,0.23696098562628337,0.30759753593429157,4.33259423503326,-0.0063308064726660075,-0.08388639766683992,0.021403672555401314,0.8589091546825487,0.012101921463935808,0.012527555016510414,0,0
2022-01-31,0.02873788479266907,0.010065558632349633,-0.06966919949968654,0.03199275752366346,0.026141800561081122,0.30184804928131415,0.3535934291581109,7.697841726618705,0.007733942142864119,-0.0609548936816425,0.022488610500542336,0.9937607910845826,0.014047414045663268,0.013111160579476687,0,1
2022-02-01,0.012771682662937617,0.030177869528403567,-0.056293938357254235,0.024046393472129685,0.02657524548851949,0.3437371663244353,0.37412731006160166,2.8251192368839426,0.025241750313494092,-0.05079666135479079,0.022894849458131295,0.8900928792568675,0.014473383307280948,0.012950420110576665,0,1
2022-02-02,-0.007026053824673525,0.0340356593343978,-0.07481391466053924,0.02752933102682881,0.026298835306045775,0.3519507186858316,0.37905544147843945,0.802848575712144,0.030316361877081248,-0.060443617325721996,0.022740687227600608,0.8830799505633611,0.014126583404413506,0.012967957252032872,0,1
2022-02-03,-0.019715074182555043,0.031943976203836606,-0.0951352471946036,0.02596784750614006,0.026303663087720277,0.29075975359342915,0.34291581108829566,0.1535526943252265,0.029115278770555347,-0.08069503419811057,0.02268890343394569,0.8360211064545996,0.014517346424845227,0.013027423926540051,0,1
2022-02-04,0.006472514491043649,0.021240953939421766,-0.06326843857935863,0.0280148672487166,0.026093982930199308,0.2985626283367556,0.3412731006160164,1.370808678500986,0.01771703672198974,-0.05959294182868654,0.022472920588821187,0.8857206715436354,0.013878873499268333,0.013069867414907442,0,1
2022-02-07,0.004819918228130586,-0.002677012625116719,-0.06191158066196088,0.022301950987068622,0.026040802210328725,0.32114989733059546,0.3531827515400411,1.4681069958847737,-0.0032838740323027976,-0.05993983090627729,0.022365703443079515,0.8753601475164177,0.013913643634685524,0.013016207534131664,0,1
2022-02-08,0.012648179541438131,-0.0028005157466162033,-0.04442254772567818,0.026852131239325113,0.026354259582816116,0.38316221765913755,0.38275154004106776,3.2231985940246046,-0.0001432215350889932,-0.039917848812817985,0.022816874340480176,0.9343661449883154,0.014312386959525024,0.013120508736032191,0,1
2022-02-09,0.018434755558186224,0.02266029363624355,-0.022057087548641916,0.027932625698413184,0.026824539804449737,0.45338809034907596,0.42258726899383986,4.025052192066806,0.015635571462443678,-0.021475427702875437,0.023029122238383118,0.9850350366893594,0.014986794940248637,0.013369753336650725,0,1
2022-02-10,-0.014190895460686108,0.02818447235811248,-0.04907419582453923,0.02347119272345554,0.026873512790787393,0.3885010266940452,0.38562628336755644,0.24051282051282052,0.018104524638868632,-0.04560452802084716,0.023066814575134688,1.07803359124358,0.0148953646716053,0.013401048237888102,0,1
2022-02-11,-0.011085506825517039,0.010626451041551795,-0.05749738990112811,0.04303786899540922,0.02735640216319549,0.3601642710472279,0.3589322381930185,0.3904267589388697,0.006403159714806191,-0.0533041766787695,0.02339194116489431,1.021326862907852,0.015017476462358226,0.013397518333941977,0,1
2022-02-14,-0.007560558294046444,-0.0017540254806252325,-0.05617960552466712,0.020677497989989864,0.027174424710439734,0.33675564681724846,0.34291581108829566,0.407472270869819,-0.0037513168523948984,-0.05604238489097996,0.023327815140558917,0.9685713001615308,0.014993269284318348,0.013400251253722009,0,1
2022-02-15,0.023658571729341514,0.00925636670727815,-0.03328335866567488,0.03402099186975079,0.027981284393324084,0.4320328542094456,0.395482546201232,5.84985835694051,0.004528619010672803,-0.03390160279785501,0.024043854050402314,0.8798874543199359,0.01605093548235532,0.013787609369744045,0,1
2022-02-16,0.0027102654691594594,-0.006468123381748619,-0.006776064726508975,0.02475624908405604,0.027527618393429872,0.45338809034907596,0.4135523613963039,1.5575692963752665,-0.006451748511429031,-0.00898292789367412,0.023578299697090195,0.8482254436390637,0.015238541044142724,0.013798860427916277,0,1
2022-02-17,-0.021562717774030318,-0.013839945695092826,-0.017693019720496306,0.02940355595618927,0.027855183780376224,0.3737166324435318,0.362217659137577,0.19397828232971373,-0.011894576738941997,-0.01766978398145335,0.023856661450293054,0.9152291298322697,0.015784740764145905,0.013980532472000973,0,1
2022-02-18,-0.009618597008019753,-0.012373035877595542,-0.011088720751682192,0.02512615377282057,0.027718494489893608,0.3490759753593429,0.35482546201232035,0.4658952496954933,-0.00757328325696565,-0.008742102357101336,0.023547851945359626,0.9792605951307396,0.015526666506701767,0.013989742879358832,0,1
2022-02-22,-0.015057986867699836,-0.019870464451248935,-0.00468976600844064,0.025488586465402526,0.027568210905649176,0.2948665297741273,0.3240246406570842,0.2407216494845361,-0.013414078846375094,-0.004951925503842279,0.02357365963109158,1.085802292131085,0.01515370908018556,0.01405836244698043,0,1
2022-02-23,-0.016790825030879492,-0.06031986121146995,-0.031026768955520742,0.04491402625394317,0.027684331459292017,0.248870636550308,0.291170431211499,0.21504290762241293,-0.04886761887093448,-0.02958799955933195,0.023625139818093485,1.0059371362048857,0.01539270383644231,0.014179902009070317,0,1
2022-02-24,0.01717823516575932,-0.04585189151487008,-0.006507905556645111,0.04228258233337976,0.028478037245859723,0.275564681724846,0.30184804928131415,2.011221945137157,-0.04192652714186255,-0.010436664075339074,0.023959232330180543,1.2541223891534785,0.015848876518332184,0.014385338226138049,0,1
2022-02-25,0.021523048884663536,-0.0027661248561762263,0.02589898695868618,0.029394438281908856,0.02910369845112197,0.39055441478439423,0.37166324435318276,6.479876160990712,0.0,0.021288433662328732,0.024375512476923267,0.890872721884721,0.01633798837998219,0.014674077783064931,0,1
2022-02-28,0.0015018204643340882,0.008354292616177617,0.04502419847501413,0.034764546225533224,0.028875880790083446,0.38193018480492813,0.368788501026694,0.8310502283105022,0.0035673962287396796,0.034685575906325865,0.02424703717680086,1.0413574203328724,0.015757025998119827,0.01420743778738,0,1
2022-03-01,-0.01607618817763099,0.007336091306246462,0.011772473541924644,0.034948319323269326,0.0293550627272621,0.3047227926078029,0.3154004106776181,0.3443080357142857,0.002788290714652017,-0.00022499312488377952,0.025100829099328086,0.9953470919324503,0.015841488028085854,0.01433297388448893,0,1
2022-03-02,0.021588422771051694,0.04571533910817765,0.004623011520307271,0.029421679788544777,0.02918209899911202,0.406570841889117,0.37782340862423,5.590163934426229,0.03789921326427234,3.592717024071226e-05,0.025370835865130035,0.838871902631359,0.015272247193094826,0.014422710217940794,0,1
2022-03-03,-0.011413977541625419,0.01712312640079291,-0.019562648684255765,0.03169889735926127,0.029333214903438622,0.3704312114989733,0.36714579055441476,0.5619295958279009,0.020943150536562587,-0.014188864175690302,0.02536760071968213,0.8440499909435932,0.0151901081958079,0.0142792713728648,0,1
2022-03-04,-0.01556484637721195,-0.019964768861082574,-0.028101441236794186,0.03532861584328973,0.02972650406068782,0.3277207392197125,0.34291581108829566,0.3990719257540603,-0.015484056806797016,-0.027445167803904012,0.025774349757225572,0.9340635738831414,0.01547305091829668,0.014093524526044732,0,1
2022-03-07,-0.026469574625393254,-0.047936163950809914,-0.0348559416796324,0.04259380312527244,0.03071399732076273,0.2743326488706366,0.2891170431211499,0.2451081359423275,-0.04191350829130013,-0.041880104483490374,0.026973856732405422,1.1236142308528327,0.01593739397044347,0.014307273801331396,0,1
2022-03-08,0.005445541165957646,-0.026414434607221274,-0.0358829150047184,0.03375006128233471,0.03099909348406511,0.2743326488706366,0.29075975359342915,1.1916058394160585,-0.022698113204683165,-0.041881641626935175,0.027262829426422622,1.13476753489194,0.01591274902247764,0.014133308920990083,0,1
2022-03-09,0.026046257402743248,-0.02195659997552972,-0.01465657583010573,0.034520823678190926,0.03206315972434535,0.3371663244353183,0.3326488706365503,5.373684210526315,-0.02252912413571165,-0.02269021451919679,0.028398712957161627,0.9093164619773657,0.0169861292681783,0.014257056084405457,0,1
2022-03-10,-0.0043169302341087195,-0.014859552668013021,-0.03162168560565258,0.03471538086506472,0.032012367415038954,0.3314168377823409,0.33059548254620125,0.747643219724438,-0.019566801125047023,-0.040389381850322204,0.028082111096284616,0.7814280518850675,0.01672101181936037,0.014209555259426743,0,1
2022-03-11,-0.01848028450675839,-0.01777499079755946,-0.0685367256705972,0.03232194592087939,0.031891181614958464,0.3006160164271047,0.317864476386037,0.27851458885941643,-0.017391726485559075,-0.06489505420555577,0.027955821752008583,0.7828262448551337,0.016458221438626935,0.014229477350674681,0,1
2022-03-14,-0.021752022088415906,-0.013057438260582114,-0.076097852298327,0.04461220633993653,0.03256221216915434,0.2743326488706366,0.30924024640657083,0.425206124852768,-0.005724107171129337,-0.05958662850326639,0.028179613970715958,0.977440147329605,0.01678861787321377,0.014454413994007221,0,1
2022-03-15,0.014537398869912276,-0.0039655805566274835,-0.050474946602897676,0.027509308777692216,0.03259336307673444,0.30759753593429157,0.32854209445585214,3.359855334538879,0.009486673548589562,-0.035753402177509344,0.028157059063873564,0.9591805059754028,0.01714648307127211,0.014511656094983115,0,1
2022-03-16,0.03310132867734405,0.0030894907179733113,-0.009813059631507188,0.048210495012669975,0.03403876972988087,0.4114989733059548,0.3704312114989733,6.514018691588785,0.00938537006294766,-0.004718778116793043,0.02893202046108891,1.0826043827215917,0.018755409930846255,0.01511056071704357,0,1
2022-03-17,0.017485270163065857,0.024891691115147885,-0.015986361197782843,0.029508972606528436,0.03371421418273051,0.4854209445585216,0.39383983572895276,3.890909090909091,0.02609284035996921,-0.013700718515800993,0.028596114658337998,0.8881810033671644,0.018403437882930154,0.015199375429664009,0,1
2022-03-18,0.011183389926147072,0.05455536554805334,-0.00751323674079523,0.030049361181160368,0.03389507403077948,0.5334702258726899,0.4114989733059548,2.0660736975857685,0.04931838406119589,-0.00862984711657127,0.028699555222305294,1.4091477615802488,0.018575433853707423,0.015223700324855203,0,1
2022-03-21,-0.005676985947368021,0.07063040168910123,0.008372495085867066,0.027019700796954826,0.033499774212044996,0.5018480492813142,0.40369609856262834,0.564736499674691,0.05449376884164654,0.006472933358406452,0.028485808795115867,0.7659574468085014,0.01798271702386305,0.015231210526883891,1,1
2022-03-22,0.011465263743260908,0.06755826656244986,0.029456355837147723,0.024284165735233006,0.0334411020543316,0.5601642710472279,0.4242299794661191,2.4668587896253604,0.04879849914037348,0.02272896927609957,0.028392048221477843,0.778213862559236,0.017984044567364178,0.015168049450721708,1,1
2022-03-23,-0.013134628278949274,0.02132230960615654,0.03137971442589829,0.025195872413220834,0.033407404603297976,0.48501026694045174,0.38275154004106776,0.29380053908355797,0.00992181526029585,0.019524995461469033,0.028342640346633932,0.7650042265426341,0.017900727341170777,0.014896482785004807,0,1
2022-03-24,0.01027985739874969,0.014116896841840372,0.05845039685552748,0.02202795763772463,0.032837557569570255,0.5429158110882957,0.4102669404517454,3.3496376811594204,0.006821091422259523,0.04576961953952109,0.027946799783620573,0.7447940105551675,0.017488090575497512,0.014913792198554012,1,1
2022-03-25,0.0008151290599958288,0.0037486359756891308,0.04208729074976398,0.026775373728675906,0.03206737282544008,0.5597535934291581,0.4213552361396304,1.3207729468599034,0.0011239959525854517,0.034144343907871424,0.02737234511242783,0.9149585897376367,0.017176404495954565,0.0148638942291849,1,1
2022-03-28,-0.002192706915600926,0.007232915007456225,0.018371534949499516,0.025772581199400662,0.0315354286997904,0.5601642710472279,0.42587268993839833,0.9046862589356632,0.006472542442713601,0.01086861032363229,0.026740337572703214,0.9467777731250454,0.01659882710104306,0.014829315006065491,1,1
2022-03-29,0.021549865281158553,0.01731751654535387,0.03841957976632398,0.02753327113569559,0.03168217548081578,0.6887063655030801,0.4817248459958932,6.66984126984127,0.01691486566746841,0.03504342398923744,0.026934864606708565,1.1290524123568166,0.017202246577342015,0.015082634669267812,1,1
2022-03-30,-0.013675164479459611,0.016776980344843533,0.04082060346449536,0.033326724840215524,0.03123767633820111,0.6024640657084189,0.4402464065708419,0.38461538461538464,0.018816428444312475,0.0388958035358907,0.026198914655832326,0.9501669051025086,0.01708486488045361,0.015173974204648992,1,1
2022-03-31,-0.011665202162437403,-0.005168079216343558,0.00756697853100626,0.02358026482316709,0.030752041064705995,0.5613963039014374,0.4151950718685832,0.3338888888888889,-0.000717565531225762,0.0098440533385036,0.025743625078999438,1.0855794277841138,0.016710013655550915,0.01522855657207197,1,1
2022-04-01,0.008930876645186159,0.0029476683688467705,0.027911832717817837,0.026868667860018725,0.03056703083966522,0.5954825462012321,0.4283367556468172,2.553914327917282,0.006389539571042115,0.029546299199619243,0.02567821747432635,0.9978954028996603,0.016582522181230547,0.015278967811990807,1,1
2022-04-04,0.005918774717552424,0.01105915000200012,0.04939545381258221,0.027569092615254878,0.030014955872026326,0.6106776180698152,0.42874743326488707,1.1957913998170173,0.010956458570899667,0.0405853243616678,0.0249909869975197,0.9026645355309895,0.016145093137970176,0.015222885861060291,1,1
2022-04-05,-0.020087257853068162,-0.030577973132226592,0.0557777705849073,0.024474744267856993,0.02879007510646715,0.5273100616016427,0.38521560574948666,0.19064039408866995,-0.025482109754261975,0.048410485747516496,0.02344935858806114,0.9846014820169855,0.015627181392828225,0.015413034779726133,1,1
2022-04-06,-0.012935875688334318,-0.029838684341101297,0.03739635373061533,0.025070357389723616,0.028570498131539064,0.4611909650924025,0.37166324435318276,0.3920323325635104,-0.02695644187359439,0.0382308703280438,0.023360679937411224,1.0288637441560906,0.015974064536618256,0.015175413356475462,0,1
2022-04-07,-0.002166011791401247,-0.020339493970065143,0.009184084536470835,0.025220312802850024,0.027661632392015315,0.44476386036960985,0.36714579055441476,0.7959641255605381,-0.01962418641489358,0.014605402553422828,0.022249484119917652,0.9736922496361033,0.014987122685046938,0.015165398207159514,0,1
2022-04-08,-0.004022428878971014,-0.03329279949422231,0.009478585891608543,0.025303814837238016,0.027414706003795527,0.42792607802874744,0.3601642710472279,0.7593818984547461,-0.03068408555748631,0.014658375153257106,0.02214062471135865,0.8849252013808826,0.014982588648216952,0.01516246584323376,0,1
2022-04-11,-0.009490447858384064,-0.0487020220701588,0.01846842253998287,0.032579094526003494,0.02717011899988331,0.3942505133470226,0.3482546201232033,0.43257756563245825,-0.04073445291542647,0.020092048335983482,0.0219621061539375,0.9039512133146803,0.014536408038605952,0.015195607207055439,0,1
2022-04-12,-0.0002515559334281724,-0.028866320150518814,0.0399688886949706,0.021350493024937592,0.026043166480977563,0.4004106776180698,0.3490759753593429,0.955810147299509,-0.024248403927449532,0.03632803532347197,0.021236970863049088,0.9231477826029133,0.013589013974123444,0.01509063711740761,0,0
2022-04-13,0.017698770559409605,0.00176832609722511,0.04313026038446793,0.024160350252191206,0.025935322542145093,0.4587268993839836,0.37659137577002055,5.826704545454546,0.0,0.03771741816330827,0.021419428387994505,0.8740392826643875,0.013752502786564234,0.015278989544710225,0,0
2022-04-14,-0.008875790929743419,-0.004941453041117062,0.0011531407773804647,0.02476799645229286,0.024431041691895763,0.4353182751540041,0.37453798767967145,0.46504559270516715,-0.004044925496818495,-0.0015223407261468244,0.02029392370136287,0.9109605613355732,0.011946185407876677,0.015278968404899345,0,0
2022-04-18,-0.007692273349927581,-0.008611297512073632,-0.02402440273561297,0.025881799730706007,0.02405481431752482,0.4078028747433265,0.36468172484599587,0.5874172185430464,-0.005910761334510214,-0.022989606627303028,0.020049238077737074,0.9266101983968987,0.011358349914897915,0.015300094180961664,0,0
2022-04-19,0.016379839476492335,0.017258989822802762,-0.018827953185267712,0.02517167737428492,0.024265138133111864,0.47638603696098564,0.3979466119096509,4.36,0.017015047742348806,-0.015650027603949825,0.02056905108743661,0.9878355704697295,0.011692042168448801,0.015178306239924444,0,0
2022-04-20,0.0020113457467992157,0.019521891503030155,-0.011139621491100473,0.027022213745996972,0.024276346175104463,0.502258726899384,0.4106776180698152,1.8110328638497653,0.02362856461378817,-0.004530014546082825,0.020569659914068245,0.9846712563776822,0.011655182974465026,0.015125868715754913,0,0
2022-04-21,-0.02340376885943699,-0.021580647915816438,-0.04600865409379837,0.028570628217254226,0.024673878712425167,0.43121149897330596,0.37905544147843945,0.15106888361045132,-0.004830856065040594,-0.030914095171740437,0.020936683281303232,1.0516383599244252,0.012325297580943697,0.015273933859567388,0,0
2022-04-22,-0.02508362598367228,-0.037788482969745296,-0.05795765179852137,0.023192991532480455,0.025096208032719128,0.3195071868583162,0.3301848049281314,0.0749665327978581,-0.02348315812295481,-0.04306281361198029,0.02148436499667063,1.0187424425634481,0.013106815450271644,0.01536101382160082,0,0
2022-04-25,0.0027197713301550684,-0.02737643828966265,-0.065517737867116,0.027550487192081384,0.025199736437008152,0.3080082135523614,0.3297741273100616,1.2591549295774649,-0.015546057607820378,-0.051011687924734934,0.021625055210688356,1.1035033883135146,0.012831683963056494,0.015313033731111215,0,0
2022-04-26,-0.031096114984676366,-0.07485239275083135,-0.09742898191178818,0.028840286054908605,0.025898231087010674,0.211088295687885,0.28254620123203283,0.06458699472759227,-0.06331226319117861,-0.0815392065795705,0.02268818695589394,1.006962757541213,0.014162865396739471,0.015767318065232776,0,0
2022-04-27,-0.0005792171058975917,-0.07744295560352817,-0.09581549210208486,0.02440849054785039,0.025891482731439118,0.2275154004106776,0.2767967145790554,0.8795275590551181,-0.06851998824296551,-0.07754673156263082,0.02283102275646256,0.9750396093607895,0.01418116740095058,0.01571630582030262,0,0
2022-04-28,0.01756236535387972,-0.036476821390211446,-0.09980299202936369,0.030043358391840986,0.02587397103008206,0.2899383983572895,0.31211498973305957,4.935960591133005,-0.03146898453778913,-0.07617143128194599,0.022989475651148072,0.9453593769947557,0.013836556538514112,0.015734653651631885,0,0
2022-04-29,-0.026069788480752344,-0.03746298388729151,-0.11219761603065642,0.02804117788246771,0.026407953846637692,0.19548254620123204,0.2546201232032854,0.10077167498865183,-0.03400169764701119,-0.09021531801133,0.023612261669190397,0.9861150467553151,0.01448534197987321,0.015904152891107512,0,0
2022-05-02,0.0075376589299563325,-0.032645096287490245,-0.09299475493826267,0.02875604713006612,0.02674431282091003,0.188911704312115,0.2509240246406571,1.4136546184738956,-0.03276633118975995,-0.07710382171224726,0.02376193977070531,1.0336825435497607,0.01467118675416072,0.015484701003638038,0,1
2022-05-03,0.00861667974946167,0.007067698446647791,-0.09330895183398717,0.03478492339533618,0.026877181743766434,0.22340862422997945,0.2743326488706366,2.3012379642365888,0.003918884627227698,-0.07649917193183675,0.023822342700395238,0.8802591950350971,0.014657035165723082,0.015432636426896646,0,1
2022-05-04,0.024206260887029568,0.03185317643957495,-0.07502146566451003,0.032975575197276646,0.027701254260726598,0.3445585215605749,0.3186858316221766,9.163865546218487,0.02919904597765581,-0.057621001704988746,0.024712401038624775,0.9778757621866512,0.01580201315761456,0.015745783114572167,0,1
2022-05-05,-0.03936825711743617,-0.02507744603174094,-0.09430246492887803,0.03478668496078326,0.02881862759240903,0.21396303901437372,0.259958932238193,0.04521963824289406,-0.020740387562650717,-0.07225605724153786,0.0258186479810423,0.97132034632032,0.017298801382742028,0.01631008198174038,0,1
2022-05-06,-0.016902008528626562,-0.01590966607961516,-0.09826859776917028,0.03358166663751912,0.02910239335996836,0.18809034907597535,0.24476386036960984,0.3194975423265975,-0.009806511851612243,-0.07468506476043243,0.02604783916350885,0.9798214472172786,0.01741686246029772,0.016399165969667995,0,1
2022-05-09,-0.046178302933245846,-0.06962562794281733,-0.14228088891101487,0.04539683401372387,0.030960806715166912,0.12032854209445586,0.19301848049281314,0.1303538175046555,-0.048939301030089616,-0.10855445788270714,0.027485134711988962,1.131443084353378,0.01960935589692771,0.017313568904367402,0,1
2022-05-10,-0.0009709659949198474,-0.07921327368719885,-0.1392294260269637,0.039706378658845215,0.03159925689543817,0.10677618069815195,0.1893223819301848,0.87890625,-0.060876233274598984,-0.10862163841550264,0.027964732689429065,1.0401325478644907,0.019642053414786857,0.01720804382140348,0,1
2022-05-11,-0.024115430027948942,-0.12753496460217736,-0.1538544081965286,0.042570888357597876,0.032204611695191496,0.09322381930184805,0.17987679671457907,0.2857142857142857,-0.10062788580225257,-0.11519097199863546,0.028396241419194196,0.948354453459746,0.0200044731307002,0.01720569734376391,0,1
2022-05-12,0.007691406589448612,-0.08047530089529258,-0.1459114456736518,0.032223690787832736,0.032709269087765114,0.10143737166324435,0.17741273100616017,1.5151199165797706,-0.0604857287630217,-0.11122999869627302,0.028532533384075024,1.0033001766291672,0.02021887198917185,0.01720187032044795,0,1
2022-05-13,0.034306045095718,-0.02926724727094802,-0.1293041711373434,0.03705582836541203,0.033766447101254066,0.15564681724845997,0.211088295687885,9.35897435897436,-0.022747218686868832,-0.0977706041962551,0.02941615541073916,0.8516793919265784,0.021514368071009593,0.01779348439290754,0,1
2022-05-16,-0.0028603571231139283,0.0140506985391839,-0.12328873733071392,0.030253586910425453,0.03391718919414774,0.1589322381930185,0.21930184804928132,0.7819940476190477,0.009298923055572166,-0.09166256399046648,0.02939477883665063,0.7755240027045038,0.021516409658669595,0.01778036252313635,0,1
2022-05-17,0.028954569125082662,0.04397623365918641,-0.08664189485570367,0.027183696584148653,0.034830415495728455,0.24476386036960984,0.25585215605749484,10.523809523809524,0.03781254625002738,-0.06287192640673502,0.030298964291588577,0.8627920910724338,0.022808617963121166,0.017916084882478665,0,1
2022-05-18,-0.03598570853885678,0.03210595514827857,-0.1390074428710528,0.030480793463868765,0.03530559515556937,0.1457905544147844,0.20082135523613964,0.06423229212494501,0.023676233776915544,-0.10799030490383674,0.030777652868840086,0.9737227613989665,0.02331164356662839,0.018408189869306375,0,1
2022-05-19,0.004179448212033143,0.0285939967708631,-0.13683934040581888,0.028222896047997492,0.03540861070727912,0.1437371663244353,0.1946611909650924,1.0398305084745763,0.019196121273961503,-0.11343939768038806,0.030812663660369704,1.0208305514754632,0.02335653659429822,0.018266191924067487,0,1
2022-05-20,-0.0027117053614980307,-0.008423753686352934,-0.1161472769078799,0.026869152372952856,0.03524009202766075,0.14045174537987679,0.19301848049281314,0.9629934210526315,-0.00709698832860115,-0.09740721826209693,0.030715752790467874,0.9943605904792674,0.02304284042239846,0.01824175611406553,0,1
2022-05-23,0.009180094161554067,0.0036166975983150623,-0.08188355676265355,0.025915864493588327,0.0351345827317385,0.17453798767967146,0.21026694045174538,2.4846715328467153,0.005206707675335784,-0.06338791985240906,0.030470332219985363,0.8718009689979955,0.022800925389290388,0.01821977687742156,0,1
2022-05-24,-0.01781614558020752,-0.04315401710697512,-0.10241947367301614,0.037513288563687526,0.03533293280239835,0.1679671457905544,0.21026694045174538,0.4763076923076923,-0.03200289614418591,-0.07340090296890674,0.03048791437579874,0.9092488059052619,0.02294278947461763,0.01823390711209527,0,1
2022-05-25,0.017327856990002825,0.010159548421884485,-0.05399550169833696,0.02715517655804888,0.03515121006122019,0.21806981519507188,0.22792607802874743,3.9200819672131146,0.013129279112159121,-0.03351327492054093,0.030131939199641484,0.8942625031733374,0.022606852795179617,0.0182364202291243,0,1
2022-05-26,0.022023939866840477,0.028004040076691817,-0.03139234472559888,0.027150097583467047,0.03560873300439499,0.2985626283367556,0.25420944558521563,6.487577639751553,0.03171044633264757,-0.014378978991101604,0.030509258011860906,0.9222253256481105,0.02323577061826596,0.018246830183010765,0,1
2022-05-27,0.02416498914977715,0.054880734587966995,-0.024789720929701456,0.03240381563034276,0.035691232874266315,0.4028747433264887,0.28952772073921973,11.415384615384616,0.05433930727818441,-0.00904986988655931,0.030407062167847502,0.90496135371484,0.023549092326935316,0.018532684667119,0,1
2022-05-31,-0.010095481739517907,0.03560515868689502,-0.008815414188467019,0.029281413334256386,0.03513767377559202,0.37084188911704313,0.275564681724846,0.37780333525014376,0.03675993901725657,0.008928775295117264,0.02967433794769266,1.2376360039563257,0.022955437989228666,0.018471343618938044,0,1
2022-06-01,-0.007996336078463735,0.04542496818863881,-0.02434940919688709,0.027786680399445214,0.03499128424424925,0.3383983572895277,0.264476386036961,0.48271604938271606,0.03927212882256572,-0.003211945037193369,0.029605797020718343,0.9059500679298138,0.022936472340274554,0.01825557138226749,0,1
2022-06-02,0.023018652230034468,0.051115763428670455,-0.00994743671631429,0.0272197085653385,0.035180527350618704,0.44476386036960985,0.2940451745379877,6.862745098039215,0.04704344172757166,0.009390710010787062,0.02975983531396332,0.8399128777565736,0.023452896950617547,0.018475460035338814,0,1
2022-06-03,-0.010507282970803783,0.018584540591026193,-0.04466098057414764,0.026243815611415384,0.03452194952783503,0.39137577002053386,0.27474332648870636,0.27783669141039236,0.014815025570740884,-0.026406602239169383,0.029093732780415205,0.7749176847093519,0.02284180193066413,0.01842293115902937,0,1
2022-06-06,0.002191476477977026,-0.0033889720807739315,-0.0031012469787344427,0.02764716596435381,0.033267502845706697,0.41478439425051333,0.2841889117043121,1.540339702760085,-0.0026880990080453827,0.008583735786265884,0.027645488569217124,0.8377907699962551,0.021194839379308036,0.018138423791088362,0,1
2022-06-07,0.01437690280653896,0.021083412465282936,0.028177664356431077,0.028687861944211485,0.03294781392978829,0.47720739219712527,0.30636550308008215,3.6173076923076923,0.013871662539310254,0.03207575043990881,0.027194942515289245,0.9351281684089262,0.021057173537241094,0.018221631753761434,0,1
2022-06-08,-0.009971777130617891,0.01910797141312878,0.06438419015905902,0.03454616038276911,0.03085918852913748,0.40369609856262834,0.27351129363449694,0.2724867724867725,0.008439774509635838,0.050128199174055414,0.025378593318156496,0.9265785898521288,0.01826951566779247,0.01793751716697467,0,1
2022-06-09,-0.024418570820158886,-0.028329251637064568,0.04093658533382,0.029032230514831676,0.03098042890722264,0.3080082135523614,0.23942505133470227,0.10719193770041227,-0.03206333828261459,0.03045299197361289,0.025440429356866325,0.9733698357391495,0.019220333071373063,0.01817306958766092,0,1
2022-06-10,-0.028514228409899554,-0.046336197076160344,0.036537786951869385,0.032001678649409664,0.03098383252926132,0.2057494866529774,0.2082135523613963,0.10178000912825194,-0.046307185479561856,0.02150356357623443,0.026019761116644825,1.0883682960163612,0.019539907390280463,0.018368012129713368,0,1
2022-06-13,-0.052430941134768115,-0.10095861468890549,-0.02358456077234735,0.03199684412256949,0.03308530086972302,0.08993839835728953,0.1486652977412731,0.017118997912317326,-0.09422084785646448,-0.026145254841426813,0.02824823843129344,1.283064722435389,0.022763007439245673,0.019295010972557265,0,1
2022-06-14,-0.004281624800645691,-0.11961714229609013,-0.06217223066871103,0.02773645841232824,0.03205149990671853,0.0944558521560575,0.1433264887063655,0.7103202846975089,-0.11087088548353015,-0.05650232252743324,0.027378137158901035,1.0605655160110132,0.021268449563068496,0.019179303920911495,0,1
2022-06-15,0.01558702755099215,-0.09405833761448011,-0.043724845994604966,0.025683411505207487,0.03216444220322934,0.12114989733059549,0.151129363449692,3.808,-0.08574885135510188,-0.0417571397198995,0.0275428397928118,1.0470085470084973,0.021650332190193113,0.018779853595700995,0,1
2022-06-16,-0.04508044576041499,-0.1147202125547362,-0.11775986088010261,0.032349336879734895,0.032890676277003594,0.06119096509240246,0.11293634496919917,0.044358311800172266,-0.10643393846856435,-0.11001029856949766,0.02870803065790484,1.0853934519767863,0.022359904507817375,0.01934461797180514,0,1
2022-06-17,0.010320058392676398,-0.07588592575216026,-0.07145409394856944,0.03498231580619227,0.032448949509900654,0.06899383983572896,0.11088295687885011,2.0649681528662422,-0.06961093074442422,-0.0684168869573545,0.02825640061303705,1.3882993833865243,0.021480296388497185,0.019334260985022902,0,1
2022-06-21,0.018200863352583238,-0.005254121264808898,-0.05743267880801935,0.029238876692122124,0.03276903850590188,0.1055441478439425,0.13675564681724847,4.356347438752784,-0.007029182274577973,-0.05492339564181686,0.02853509422821479,0.8095250177610777,0.021940740926448463,0.019526758733705536,0,1
2022-06-22,-0.002998368049608573,-0.00397086451377178,-0.05771934149612989,0.029028681161394756,0.032848458417014816,0.11416837782340862,0.12648870636550308,0.9012638230647709,-0.0032206371628093933,-0.055059835422068513,0.028486903647025975,0.7710074858678847,0.021940814955662465,0.019435645238141383,0,1
2022-06-23,0.009474195044023734,-0.010083697020740192,-0.05742524061366022,0.03967290117012823,0.033231502254005355,0.1535934291581109,0.12279260780287474,1.5905680600214362,-0.008632532936746878,-0.056076960152557684,0.028558075078371613,0.7994198327090376,0.021948902066601595,0.01946340180565413,0,1
2022-06-24,0.028276123684295863,0.06327287242397067,-0.011332971349156841,0.0314025857078075,0.03370283591870347,0.24722792607802874,0.16468172484599589,8.557312252964428,0.060488184710206346,-0.01907619826330559,0.029756898273494484,1.1617131788353037,0.02265847027067634,0.01979268025843497,0,1
2022-06-27,0.004157421240536034,0.0571102352718303,-0.02450340709862363,0.02894747178433675,0.03353082461615989,0.2669404517453799,0.18028747433264888,1.2778306374881065,0.05399027182393921,-0.031010000125418914,0.029418435021416924,0.7563206488911572,0.022318915465669928,0.019807124682555285,0,1
2022-06-28,-0.017615610337111613,0.021293761582135445,-0.06414295730257571,0.026842156239954652,0.033233951030233216,0.2086242299794661,0.17166324435318275,0.2198581560283688,0.021670460783509714,-0.06547775210510662,0.028940393118283714,0.7805155608332057,0.02193240397713311,0.019894708598999174,0,1
2022-06-29,-0.010728827540514343,0.013563302091229676,-0.09903677399286721,0.026881551824573538,0.03258144648347499,0.18850102669404517,0.1597535934291581,0.437125748502994,0.016794312342057142,-0.09368988215370856,0.02832379101881481,0.7588013630918238,0.021072051156453723,0.019665614472618154,0,1
2022-06-30,-0.008781697022795965,-0.00469258997559002,-0.09772298927614527,0.026444234009295086,0.03251898598991211,0.17905544147843944,0.15441478439425052,0.5569948186528497,0.0037719547091804298,-0.09145442642925343,0.028337343444137054,0.9359091432022761,0.02105722651754623,0.019634615891998903,0,1
2022-07-01,0.011324981795388047,-0.021643731864497837,-0.07840167140229348,0.027857059817680524,0.03268967579040795,0.2501026694045175,0.16632443531827515,3.332129963898917,-0.012586122226729045,-0.07199316595204075,0.028521860206323486,0.9153132819782906,0.0213242764647438,0.019693439721169343,0,1
2022-07-05,0.002009279874624235,-0.023791873230409634,-0.09941104375770372,0.04006606782494652,0.03254346614341606,0.26406570841889115,0.1437371663244353,1.0328282828282829,-0.015304577030152767,-0.09323517055145181,0.02832978967028762,1.070730471295118,0.02048265377896609,0.019644444979341223,0,1
2022-07-06,-0.008822273520833425,-0.014998536414131448,-0.09772603430773336,0.026161217213762526,0.03251938517283745,0.2648870636550308,0.13921971252566734,0.5444015444015444,-0.00555189357779429,-0.08464263290795566,0.028377994507244732,0.934003823456064,0.0204621963918636,0.01962165144985303,0,1
2022-07-07,0.024032895694214317,0.01976318682059721,-0.07588461509149606,0.029856694089153812,0.03310263506701396,0.32238193018480493,0.1704312114989733,5.875,0.01575461549701571,-0.07222570062000994,0.02889940802464327,0.8786516051894221,0.021362787667064703,0.01980479969686684,0,1
2022-07-08,-0.0004443841561401159,0.02810049968725306,-0.09070590205417516,0.02558263867880589,0.03281484322422243,0.3158110882956879,0.16673511293634496,0.722664735698769,0.018425192722715436,-0.08383556692854872,0.028662353833414513,0.7960693566260219,0.02098011029998936,0.01976367140544916,0,1
2022-07-11,-0.019247939767956947,-0.002472421876091936,-0.0999820646915142,0.02726287410288503,0.03282342905078914,0.2792607802874743,0.1515400410677618,0.21783181357649442,-0.004747248485542724,-0.08362504675726788,0.02872482971455604,0.8039675023675222,0.021201552224222237,0.019875146725398925,0,1
2022-07-12,-0.0023022685813337373,-0.006783970332049909,-0.07786576245268906,0.024978627301919746,0.03246688378874708,0.26611909650924026,0.1437371663244353,0.7912912912912913,-0.005859742168981919,-0.06536321085863833,0.028560027168105514,0.9465531115879511,0.020720101233474904,0.019874654610714346,0,1
2022-07-13,-1.1169815708356824e-05,0.002027133373075161,-0.049362703858497864,0.022082857615632362,0.03169972094630535,0.25913757700205337,0.14127310061601642,0.8101746393318148,-0.0023268111634253633,-0.04355021898715709,0.02779217683955129,0.9592731257419238,0.019932481707290357,0.019859033081710064,0,1
2022-07-14,-0.013231353049194493,-0.03523711537033365,-0.010163115772924234,0.026206786348888903,0.02958229293545713,0.23655030800821356,0.13388090349075976,0.29452789699570814,-0.03139907019482228,-0.008819034644983166,0.0255825942423937,1.000467056417186,0.016557861201222317,0.01990107952565368,0,0
2022-07-15,0.017888608600797,-0.016904122613396536,0.012007117628518457,0.026359860425624486,0.02977630799739874,0.30677618069815193,0.15318275154004107,7.114864864864865,-0.010196933152202213,0.015414190585722194,0.02590434133528025,1.0338235294117342,0.0170043797274719,0.019904255465954673,0,0
2022-07-18,0.0005646881164931281,0.002908505271053538,-0.003015221805980562,0.026100047107670016,0.02969346253084985,0.29527720739219715,0.15277207392197126,0.9408427876823339,0.0026214554151668757,0.0009157604804653742,0.025705163653994684,0.9842963913790553,0.016653489711269714,0.019893682338730692,0,0
2022-07-19,0.03166149592333377,0.03687226977572105,0.0737267198777682,0.02368346730448675,0.028163183339529496,0.47638603696098564,0.19014373716632443,22.398058252427184,0.035023399568618815,0.07236287583721177,0.023651240878748373,1.0065075921908695,0.01459207245409015,0.020347049731923837,0,0
2022-07-20,0.012423574256693869,0.04930701384812327,0.07583023574178567,0.027563638974401346,0.027945791279114392,0.5445585215605749,0.19383983572895278,2.635811836115326,0.0483248503216154,0.07189928044328378,0.023464025826679093,0.9942554131683056,0.01464826342521652,0.02029521484156763,1,0
2022-07-21,0.004859048701740945,0.06739741559905871,0.06248842109094337,0.0251166884223549,0.02761373777163039,0.5806981519507187,0.2032854209445585,1.8669064748201438,0.06418993971535195,0.06268370408331066,0.023377444566147036,0.8945827232795177,0.014268231473247949,0.020307770422183652,1,0
2022-07-22,-0.015298963260201182,0.034209843738060526,0.050187825880350756,0.04873623369806072,0.027933182446090384,0.5334702258726899,0.19137577002053388,0.34533183352080987,0.03485562497056335,0.05547204112438153,0.023324005799591936,0.8769629162378285,0.01476942100167624,0.020195947366255896,1,0
2022-07-25,0.0050827826710885165,0.03872793829265592,0.04579641350741554,0.02636504260558808,0.02735152366626529,0.5613963039014374,0.21026694045174538,1.4602683178534572,0.041031290596705086,0.0525683509451653,0.022829235770197936,0.8857076350092852,0.014695002508772367,0.019995553710811385,1,0
2022-07-26,-0.00913010159721357,-0.002063659227891423,0.008390188225906111,0.027319154562435034,0.02644696320735396,0.508829568788501,0.21149897330595482,0.5728411338167436,0.0037775116824608295,0.019427891569458868,0.021546746864380753,0.9227941176470557,0.013600002536357061,0.020011097346970583,1,0
2022-07-27,0.024138813155943864,0.009651579671358572,0.028371580141313937,0.02674586441170914,0.026906291248697402,0.6353182751540041,0.2431211498973306,8.66,0.016667035927216762,0.035334340249377816,0.0222929606710214,1.0467245774246907,0.014542387863744857,0.019910917611816067,1,0
2022-07-28,0.01228149395965788,0.01707402492927551,0.05826868443808344,0.0378414816845257,0.027068285810600633,0.6952772073921971,0.2767967145790554,3.0385906040268456,0.02388705630879329,0.06229552878056612,0.02245623816173719,1.0530962389984448,0.01404777380041261,0.019978984014441915,1,0
2022-07-29,0.007670687963003662,0.040043676152480355,0.07666819994160143,0.027085123995124506,0.026967614159983836,0.7277207392197125,0.29281314168377826,2.344923504867872,0.03997750417584429,0.07938601657189115,0.022449272272389412,1.0974432468475945,0.013733723800496788,0.019872600239554405,1,0
2022-08-01,-0.001544663368484169,0.03341623011290766,0.08390523359591322,0.023530675650749153,0.02678252220285381,0.7166324435318275,0.2973305954825462,0.940080971659919,0.03625781469037795,0.0852788035167342,0.022147846964613457,0.9766855702583298,0.013494877268461897,0.01960701650650976,1,0
2022-08-02,-0.0016984263442960358,0.0408479053658252,0.07088182545622915,0.02984762058105634,0.02685497539891341,0.6960985626283368,0.28501026694045173,0.5726495726495726,0.03529778962602767,0.06610580329651829,0.022234534976179148,0.9036199809501264,0.01344034372062053,0.01958153096973793,1,0
2022-08-03,0.012450899428137397,0.029159991638018728,0.08132344500974231,0.03376018801180174,0.026575672846576383,0.7285420944558522,0.3055441478439425,2.7597503900156006,0.02713320759656992,0.07699407829069557,0.022323957221001188,0.9318837364099255,0.01357969987919189,0.01961626939841175,1,0
2022-08-04,-0.0004747011590943697,0.01640379651926648,0.08967101737148137,0.03745459235797149,0.026921247925949125,0.7121149897330595,0.29774127310061604,0.9129392971246006,0.013422832485648958,0.08151643358529974,0.02242070659189952,0.9184397163120205,0.013308994926897699,0.01936080372819459,1,0
2022-08-05,0.005104788481234325,0.013837897037497143,0.07074291015850137,0.03653314500993083,0.026901340592166305,0.7096509240246407,0.3096509240246407,1.2509398496240602,0.005701982913858158,0.06595132316923433,0.022384920177965856,0.8904219866585366,0.012521287769755713,0.018733855898621206,1,0
2022-08-08,0.009222537293034952,0.024605097699016264,0.08040983160767644,0.028930269722069198,0.02707405228101223,0.737577002053388,0.3182751540041068,2.205607476635514,0.010259084415666357,0.07592904288173236,0.022486074166641185,0.9501632998668833,0.012551754030878203,0.01864556356393692,1,0
2022-08-09,-0.01497511485587478,0.011328409187437523,0.0846826565197586,0.042820237084253865,0.02736546620910739,0.706776180698152,0.3047227926078029,0.5245692405871091,0.01005015537734057,0.07948420144350785,0.022582561356360022,0.9225842760664488,0.012188335510992847,0.017786088815626776,1,0
2022-08-10,0.02532687987315557,0.024204389632455695,0.1123118049742479,0.03418399907795143,0.027917486067001174,0.7848049281314169,0.3540041067761807,9.634361233480176,0.019977130217601956,0.10398234922500785,0.023058622221335225,1.000355099086296,0.012938470572189522,0.018050975915328088,1,0
2022-08-11,0.004736663662335727,0.029415754453885792,0.117059638452292,0.02954180763304243,0.028102465769492206,0.8086242299794661,0.36386036960985624,1.5717344753747324,0.026391135226275557,0.11163199935993408,0.02302641367153103,0.9480025364615609,0.012881495061807668,0.017762120831552177,1,0
2022-08-12,0.017970065416567867,0.042281031389219334,0.14826105691805433,0.02529173165837918,0.027727598403335416,0.8501026694045175,0.4106776180698152,8.198473282442748,0.039822314611504095,0.13823145519277957,0.022515131729827265,0.8529922055053363,0.012394160276829463,0.017865373833373947,1,0
2022-08-15,0.0011768251595199568,0.03423531925570435,0.13154927347677733,0.026005865892297357,0.027619317550443064,0.8451745379876797,0.41437371663244355,1.226046511627907,0.03353502993171525,0.12062798500984344,0.02238648644904149,0.88710161454892,0.012199097547427658,0.017374496088827462,1,0
2022-08-16,-0.00022575070922415877,0.048984683402354956,0.13075883465106,0.0251097943052502,0.027561867857246045,0.8492813141683778,0.42915811088295686,1.192131747483989,0.044896370414728624,0.12287733497217475,0.022377661728432686,0.9317885551624021,0.012218766248416908,0.01736751017491649,1,0
2022-08-17,-0.015757471629084818,0.007900331900114573,0.08333986709864144,0.025222409319022983,0.027290595413594278,0.820123203285421,0.39876796714579055,0.20199501246882792,0.010404500024137347,0.08078734393444667,0.021884653118269547,0.9276605294226652,0.011651732260967601,0.017132567639298636,1,0
2022-08-18,0.005423638983025486,0.008587307220804336,0.07633993182497306,0.023825106045415018,0.027129169855825287,0.8340862422997947,0.4160164271047228,1.7210103329506314,0.010643315760843326,0.07760480560797747,0.021755074303374006,0.8561461911676119,0.011496856230307481,0.016487579337675227,1,0
2022-08-19,-0.020696124284943263,-0.030078882480706788,0.05078475883828885,0.02524806060698434,0.027512987829861522,0.7716632443531828,0.3757700205338809,0.12505811250581125,-0.021702724685738483,0.054154673524978394,0.021982174081769414,0.9823483061334971,0.012654985101428647,0.01671337019118981,1,0
2022-08-22,-0.020996861815106408,-0.052252569455333166,0.04508686028338362,0.027882745339350652,0.0277051169187394,0.6882956878850103,0.3252566735112936,0.12558356676003735,-0.04238389443538634,0.04348513589432458,0.02235513261204999,0.98964135137174,0.013106860017664076,0.016934170551036642,1,0
2022-08-23,0.0038827040009908444,-0.048144114745118156,0.04388678161328595,0.022234991283378733,0.0275864720120769,0.7096509240246407,0.33059548254620125,1.0827526132404182,-0.046264199274019514,0.039753293921221136,0.022284603181657776,0.9257532544249759,0.013096031541179986,0.01690398490496302,1,0
2022-08-24,0.008240536003532601,-0.02414610711250074,0.06125741921403212,0.023816619356686834,0.02730350260473219,0.7203285420944558,0.3412731006160164,2.025252525252525,-0.02875695058183736,0.05173667474824614,0.021938123374368654,0.8874633220182703,0.012899023323367233,0.01676651929197616,1,0
2022-08-25,0.015313673389804956,-0.014256072705721273,0.05243227944789322,0.022251506973501138,0.026918393931946158,0.7778234086242299,0.37905544147843945,6.130952380952381,-0.018378406272848043,0.04574615905661962,0.021539805390907947,0.8786977069839945,0.012303048088028061,0.01673663204236512,1,0
2022-08-26,-0.03201726855390572,-0.025577216974683726,0.00813351693432962,0.024495882745718456,0.027328555439690715,0.6258726899383984,0.3215605749486653,0.04702329594477998,-0.03198226378449269,0.0017476729665521042,0.022257907703096047,1.0125018828136614,0.014193892449558642,0.017018682675017393,1,0
2022-08-29,-0.007000910450804611,-0.011581265610381926,-0.006538081479478652,0.020785508390708935,0.02704060926146772,0.5696098562628337,0.302258726899384,0.3664383561643836,-0.01804023366422144,-0.013147873360174728,0.02200471704593285,0.9666322669416982,0.014178539413085785,0.0167569380798828,0,0
2022-08-30,-0.01551325542523281,-0.030977225036605577,-0.02050667353622729,0.02389509878574935,0.0272184551387396,0.4854209445585216,0.26858316221765915,0.2091733870967742,-0.029558936811742462,-0.024726860021293647,0.022243221020384125,1.0778661365142463,0.014561774134073838,0.016820970529611366,0,0
2022-08-31,-0.006107814085361919,-0.0453255751255001,-0.024916061277293174,0.021597520929603917,0.026942834605899406,0.4262833675564682,0.26036960985626284,0.40198946752486836,-0.04150479188798747,-0.025901853582070138,0.0218486421828302,1.1555684922305056,0.014604431877836754,0.016809155684255856,0,0
2022-09-01,-0.010877660846438724,-0.07151690936174378,-0.048244621551869295,0.02867759140746372,0.02658645511656039,0.373305954825462,0.2459958932238193,0.46298543689320387,-0.06516629556310938,-0.04455037015933151,0.021355396134698515,1.0581055526902994,0.01440106627893025,0.01658472022907873,0,0
2022-09-02,-0.0043196726677127775,-0.04381931347555083,-0.0520895930604877,0.0216057320610824,0.025909713186967456,0.3314168377823409,0.2402464065708419,0.4429611650485437,-0.03822097077571827,-0.048361025242927264,0.020994120637361446,0.904856952761044,0.014401176773760044,0.016546104318948235,0,0
2022-09-06,-0.010633821776748108,-0.04745222480149434,-0.06782820331847013,0.027507111234377806,0.025607681506346906,0.2985626283367556,0.22505133470225872,0.3980244044160372,-0.040329339658220636,-0.05793424314412222,0.020844601350760075,1.0039187744923317,0.014396221451989457,0.016585622357870682,0,0
2022-09-07,0.0196389009643477,-0.01230006841191383,-0.05741183964715739,0.025478699140865344,0.025967210362933906,0.3917864476386037,0.25831622176591373,6.536050156739812,-0.008567528242385172,-0.04697290962932538,0.0216011977402311,0.9396228007257039,0.01501295492073196,0.01667810952669681,0,0
2022-09-08,0.006841095698074764,0.0006488413715228542,-0.03559562909320785,0.02461642131562838,0.025475358270827964,0.4197125256673511,0.2751540041067762,1.9127764127764129,0.0029455073338171245,-0.033919692589472715,0.021285698326118232,0.9022038567492594,0.014877743848128074,0.0166679598263372,0,0
2022-09-09,0.01981448103700262,0.03134098325496419,-0.04110802792936079,0.022556269363355162,0.02486625104161023,0.5178644763860369,0.30677618069815193,7.8498168498168495,0.02827949260958089,-0.03982295991248488,0.020884027860900864,0.900914711893007,0.014418692233356045,0.016588790125958826,0,0
2022-09-12,0.011489791718452201,0.047150447641129176,-0.03435489987324431,0.02145034824391049,0.024740700482557398,0.5893223819301848,0.34045174537987677,4.156989247311828,0.04499563905274447,-0.03224343469824179,0.02072027445889075,0.95018450184496,0.014648925262885314,0.01624592557448675,0,0
2022-09-13,-0.03893721415210969,0.01884705526576759,-0.09126217944192187,0.02631161186386899,0.025689089015067085,0.34743326488706366,0.259958932238193,0.02923728813559322,0.0161294094977053,-0.08280672432837584,0.022170674292720606,1.0785606631499285,0.016038387715169716,0.015613061191940001,0,0
2022-09-14,0.0010583815605216082,0.00026653586194149987,-0.09138062304092023,0.024013273957956976,0.025648968108008284,0.35277207392197124,0.2681724845995893,1.053448275862069,-0.002911211809134661,-0.08630799734733854,0.022270688182154098,1.036840808279877,0.01603636917666562,0.015599830226176404,0,0
2022-09-15,-0.007913485337143452,-0.014488045173276716,-0.09906835766883952,0.024157404580485767,0.025649600745738257,0.3154004106776181,0.26160164271047226,0.47598522167487683,-0.01644128575291185,-0.09501843115764701,0.02225106251695114,1.0011358429360746,0.016025222238593005,0.015522002482865727,0,0
2022-09-16,-0.01478986788168548,-0.049092394091964815,-0.09810075392144017,0.027938727032668243,0.025782865383644812,0.25420944558521563,0.2406570841889117,0.3552557616638561,-0.04454764229863355,-0.09117904800058388,0.022371481713196195,1.562869481625749,0.01599325181516914,0.014525935818039537,0,0
2022-09-19,0.006754789487507767,-0.053827396322909254,-0.0967696034169579,0.023364051824961363,0.025882927293404353,0.2940451745379877,0.2574948665297741,2.153947368421053,-0.048584798144650505,-0.0893805465346506,0.022628495893653077,0.7490256066384399,0.01603783941047232,0.014495700172211487,0,0
2022-09-20,-0.016139914274307922,-0.031030096445107475,-0.09221339340632256,0.02142011244816196,0.0257296642929726,0.22874743326488706,0.23696098562628337,0.16102514506769827,-0.027160668870468717,-0.08678434790136791,0.022542546316281723,0.7641605099231664,0.015838900423533475,0.014479503514198893,0,0
2022-09-21,-0.01589106310352292,-0.04797954110915201,-0.08710759469473907,0.020391056452130015,0.025453616184046637,0.17330595482546202,0.2053388090349076,0.1767578125,-0.0423998025225755,-0.08013242399036889,0.022259814698322906,0.8061108402404676,0.015608766625812207,0.014617814034431227,0,0
2022-09-22,-0.019681819147330675,-0.05974787491933923,-0.11067211784306058,0.0319740400414252,0.025741666002635624,0.12238193018480492,0.17659137577002054,0.16513317191283294,-0.05208073581560734,-0.10275296912731445,0.02269503127836055,0.8546356352536928,0.015847772596624166,0.014777855038403112,0,0
2022-09-23,-0.02790313562225624,-0.07286114265990999,-0.1468157894688494,0.028392179332205936,0.026244837723281247,0.060369609856262836,0.13429158110882958,0.09336941813261164,-0.06431678338756369,-0.1354099363122092,0.023276908950011447,1.1637065478512607,0.01626429682348487,0.014718534356583277,0,0
2022-09-26,-0.018543084126213263,-0.09815901627363102,-0.18067254698486765,0.024854815314172062,0.025981805000697883,0.0459958932238193,0.11498973305954825,0.175146771037182,-0.08992468106058663,-0.1670540846631662,0.022712546631696067,1.0430064308681521,0.015607528646705287,0.014861813290681319,0,0
2022-09-27,0.002921043980520934,-0.07909805801880215,-0.14573423445044098,0.025211484236850934,0.025576142725597432,0.05174537987679671,0.11663244353182751,1.0560344827586208,-0.0719264384283587,-0.13559199212483294,0.022029082568460045,0.9804473995604615,0.01482966369214851,0.014729165177559718,0,0
2022-09-28,0.02992791458829323,-0.03327908032698601,-0.10880540941134316,0.029941944858131446,0.02692501639002219,0.09691991786447639,0.15195071868583163,17.790697674418606,-0.03179872082459959,-0.10152485178303004,0.023314918953343054,0.9780810442916444,0.01687106655255886,0.015191000521538411,0,0
2022-09-29,-0.02455787773707992,-0.038155138916735255,-0.11785003172319027,0.028152701169950004,0.027320613894098095,0.06817248459958933,0.12772073921971253,0.1293787949556282,-0.034058449855274384,-0.11252039569684459,0.023924297573066557,0.9217933591774663,0.017259006833359326,0.015455541635717251,0,0
2022-09-30,-0.005016605802408619,-0.015268609096887632,-0.11675882344023696,0.027072009579216676,0.02742586010833405,0.06324435318275154,0.12402464065708418,0.5233226837060703,-0.017123799300426186,-0.10976844075813302,0.023907536919359974,1.042654028435973,0.017259081803326776,0.015384637014892425,0,0
2022-10-03,0.02788048912665726,0.031154964155982887,-0.07800067346714099,0.029301968062673177,0.028353411019314732,0.1137577002053388,0.16591375770020533,10.39622641509434,0.024547374597236996,-0.07291379713335217,0.025041939032409234,0.9553235315007998,0.01867614720762385,0.01580904230279595,0,1
2022-10-04,0.039114875955732695,0.06734879613119464,-0.03456612484369551,0.029050462228993032,0.0300905746381312,0.23285420944558521,0.22587268993839835,28.180722891566266,0.061123968658422324,-0.03107504363997449,0.02694647996583543,0.99855422671564,0.0208807407449321,0.016548768959773825,0,1
2022-10-05,-0.007110486179484598,0.030310395363416818,-0.031042789246432,0.023204188910943915,0.0299269528056447,0.22505133470225872,0.22381930184804927,0.4509331727874774,0.029193386300245622,-0.02865132539070495,0.026854594477200115,0.8183259712311468,0.020818976024473267,0.016283770593281125,0,1
2022-10-06,-0.007340905111341122,0.04752736798915561,-0.058022595322120826,0.025799596475078523,0.02949891388606213,0.21724845995893224,0.2160164271047228,0.42771804062126645,0.04307639167846226,-0.05513084177615819,0.026346447599379805,0.7997410829873607,0.020276058197126183,0.01630692096728866,0,1
2022-10-07,-0.028096440732907697,0.024447533058656535,-0.09296013175310328,0.0280438459337323,0.029956085519235186,0.1462012320328542,0.1815195071868583,0.0768888888888889,0.0226784320780998,-0.08681607437154848,0.026950363662004984,0.9549160671462371,0.020873178153724067,0.016507386935566963,0,1
2022-10-10,-0.010827560450762256,-0.014260516518762978,-0.12360217324086815,0.027760522438995277,0.029621768791890504,0.13388090349075976,0.1782340862422998,0.5316698656429942,-0.010869624751380159,-0.1136386571431761,0.026502906503652224,0.8484500574051839,0.020152441493514764,0.016555636900407376,0,1
2022-10-11,-0.003920507065193876,-0.05729589953968954,-0.13901247202451422,0.026169326396377496,0.029540526666285344,0.12484599589322382,0.17371663244353183,0.831039755351682,-0.049574363777455714,-0.1268300449221998,0.026257575881033647,1.084795327684585,0.019764943916807873,0.01655983760316848,0,1
2022-10-12,-0.002728944200734127,-0.05291435756093908,-0.10280420207313866,0.02448573200095835,0.028509114262225493,0.12402464065708418,0.1704312114989733,0.6967329545454546,-0.04552000385448858,-0.0938482014535312,0.02512193104754185,0.9158470427380383,0.01833213267215454,0.01648633398371159,0,0
2022-10-13,0.019764187749888633,-0.02580926469970932,-0.08409839588377163,0.04023484759594966,0.02925617320038907,0.19671457905544149,0.2028747433264887,5.4972972972972975,-0.01562530335027711,-0.07422453444977224,0.025748900125761053,1.109335513601882,0.01907528335477241,0.016522147023774265,0,1
2022-10-14,-0.02476176633743573,-0.022474590304237353,-0.10094667688406393,0.02559572589783263,0.029613161601372482,0.13675564681724847,0.17412731006160165,0.102880658436214,-0.013904068113845078,-0.08790670570578592,0.026154167928812665,0.9281553398057801,0.01959513846442945,0.01679677765469609,0,1
2022-10-17,0.027740251750688612,0.016093221897213513,-0.05841655725168982,0.025554150167314795,0.030330467396711358,0.2082135523613963,0.21232032854209446,13.689024390243903,0.019997469800504444,-0.048920531455086604,0.026789022764989068,0.9697392923649455,0.020679603241656307,0.01668028280992928,0,1
2022-10-18,0.011558659311609445,0.03157238827401684,-0.05361268742758815,0.020660539980217312,0.03034515870600778,0.2657084188911704,0.23162217659137577,4.104700854700854,0.033787020441788725,-0.04434150794216059,0.02683795306328889,0.9511434511434287,0.020816486924619244,0.01666927345285503,0,1
2022-10-19,-0.017408124914225196,0.01689320756052577,-0.054880898067505415,0.0302742023650297,0.030575930013732426,0.22094455852156059,0.21560574948665298,0.24651162790697675,0.0237327087659964,-0.044070005685773274,0.02702937581350759,0.8884980077671806,0.020859669824379798,0.016774996784402158,0,1
2022-10-20,-0.007773186667234315,-0.01064416685659718,-0.04676302163121682,0.024018192826191092,0.030610076666422334,0.19630390143737167,0.1971252566735113,0.4563758389261745,-0.007968169649176845,-0.03845120243503041,0.027100008572834657,0.9334298118668174,0.020675716535610622,0.016701992764058062,0,1
2022-10-21,0.02018076831259029,0.03429836779342883,-0.006900434171295854,0.026123979666079045,0.030682341053810867,0.29774127310061604,0.23408624229979466,6.564263322884012,0.03420216642616329,-0.0008887210879010659,0.027275724588072186,1.0036300635260702,0.02082241514795667,0.016903746247290352,0,1
2022-10-24,0.000819918313576433,0.007378034356316659,0.021822619764536824,0.02989989994889626,0.03001916647369196,0.32936344969199177,0.2402464065708419,1.7186788154897494,0.012547559062128955,0.027398947339175996,0.026651151219840498,0.9566129861229878,0.019840787163124426,0.016874627324618027,0,1
2022-10-25,0.026385691201954685,0.022205066246661898,0.06675139509270477,0.03025467793078985,0.03030084642796133,0.433264887063655,0.28213552361396305,9.330472103004292,0.02398410727475017,0.07019677071842675,0.026796246413875274,1.0500414169468144,0.020044942489419054,0.016930921052951534,0,1
2022-10-26,0.005040835383329376,0.04465402654421647,0.06887118649551321,0.028162237736674606,0.030434116945441743,0.45790554414784396,0.2919917864476386,1.4196157735085946,0.043104899318001585,0.07362792880692011,0.026808542993729624,0.9905741826048927,0.02004891747221277,0.016863917494454306,0,1
2022-10-27,-0.0015148097415205624,0.05091240346993022,0.037428462165699415,0.031757722782734796,0.030073248739363498,0.4706365503080082,0.3002053388090349,1.0736568457538995,0.05371437678866929,0.04614744464645697,0.026536726573988735,0.9370969633016492,0.019111457248288534,0.016826611226401018,0,0
2022-10-28,0.01784733699354135,0.04857897215088128,0.07983367689632069,0.028576918424106514,0.029738105589600054,0.5691991786447639,0.3375770020533881,5.086513994910941,0.051004150363946225,0.0865498480768578,0.026225352664473005,0.942279033646074,0.018416849731432882,0.016997390122053993,1,0
2022-10-31,-0.0011657054909610467,0.0465933483463438,0.08368457720776826,0.02398595064923638,0.029602969501139692,0.5679671457905544,0.33921971252566735,0.7441520467836257,0.04343818612562236,0.09171716973942229,0.02617466020502895,1.0012905739401343,0.018343683189564804,0.01699713364848479,1,0
2022-11-01,0.00556280061379071,0.025770457758179825,0.061366888694901714,0.02760302293411987,0.029125876675905802,0.5967145790554415,0.34537987679671456,1.7763615295480881,0.02586429289455833,0.0683376371807326,0.025645671205466472,0.9276824475326848,0.017517976990213423,0.016931762600800718,1,0
2022-11-02,-0.02855737565528244,-0.007827753280431986,-0.006305362916113423,0.03846391533084167,0.0290388004048542,0.46940451745379874,0.3010266940451745,0.11116236162361623,-0.003180635548143574,0.004750010024538924,0.025554272880154452,1.0483762182578402,0.01673406055837814,0.017282932380715623,0,0
2022-11-03,-0.005449824817763629,-0.01176276835667505,-0.004644701554392453,0.04170050488468891,0.029690125887454198,0.46078028747433264,0.2973305954825462,0.7194244604316546,-0.00585368517596136,0.00801222459933265,0.025889354390768116,0.9276069186650199,0.01670416587807477,0.01726926688328456,0,0
2022-11-04,0.015173383030537774,-0.014436722319678628,0.017869586587486448,0.04927159604401648,0.030656929461983114,0.551129363449692,0.32566735112936346,3.0966101694915253,-0.005439320051311133,0.03661083722218325,0.02681151735034387,0.9568359644153106,0.01694512806185735,0.01734576264911295,1,0
2022-11-07,0.007315357769281424,-0.0059556590594361586,0.05328138508967556,0.02985630570446902,0.030045198492558867,0.5958932238193019,0.3507186858316222,2.0600255427841634,0.0026230278570541065,0.06960299379099574,0.02630483424901398,0.9011998978809164,0.01563149320074069,0.01729473802648392,1,0
2022-11-08,0.0024108302313366626,-0.009107629441890206,0.06651977577177448,0.035574928168916026,0.030160950257042303,0.6057494866529775,0.36057494866529777,1.3346303501945525,0.0,0.07911483734190085,0.02642855209031246,0.9173126614986827,0.015329587457161608,0.016965789923727343,1,0
2022-11-09,-0.02677716522828327,-0.0073274190148910345,0.04366311760868509,0.03834043966519032,0.03118504800889281,0.526488706365503,0.31498973305954825,0.12862488306828812,0.004146545021177196,0.05912607684404499,0.027134110166779964,0.8958117299247423,0.01661549826191862,0.017239555487172566,1,0
2022-11-10,0.05732716992880184,0.05544957573167442,0.10371923173822106,0.05179002436080339,0.03422518579869689,0.7371663244353183,0.4262833675564682,18.261904761904763,0.05759494799322805,0.11449467267944827,0.03005486723341332,1.1623029994915377,0.020468227424648905,0.01863377601519608,1,1
2022-11-11,0.015625143796992185,0.05590133649812883,0.0995801877853246,0.03840686856998266,0.03445354327757683,0.7794661190965092,0.45010266940451743,1.9618226600985222,0.04910551086952757,0.10415678511055061,0.030307545088640392,1.0195566846327246,0.020337844591311938,0.018754947097578807,1,1
2022-11-14,-0.011438767249945067,0.03714721147890235,0.11290318687281527,0.03091407879224538,0.03410001519057088,0.7371663244353183,0.42669404517453796,0.36045197740112994,0.03252805066898492,0.11755951657001222,0.029755094312020315,0.909273384182986,0.019564576741974374,0.018798661412495886,1,0
2022-11-15,0.014521657877265497,0.04925803912483118,0.09968459299939215,0.031286688840905304,0.033943927749832126,0.7811088295687885,0.4517453798767967,3.5500945179584122,0.04077818001652182,0.10212406101753181,0.0295362961028566,0.9107088989441655,0.019013975224382758,0.01881228280436924,1,0
2022-11-16,-0.018102046334722906,0.05793315801839154,0.07002388735305978,0.028748173412069908,0.0344034242007259,0.7457905544147844,0.42505133470225875,0.28129994672349495,0.04986591066282782,0.07793978016820798,0.029981130865183257,0.7819449263476519,0.01957601246523167,0.01891788744330602,1,0
2022-11-17,-0.005591959822006378,-0.00498597173241667,0.08184005244527862,0.027495670102379334,0.03405395650696694,0.7301848049281314,0.41560574948665296,0.560625814863103,-0.0071939709358776254,0.08633325923901977,0.029761292699477943,0.8222970445192564,0.019114369609959703,0.018762871597947234,1,0
2022-11-18,0.003770923687703154,-0.0168401918417057,0.09338416280021608,0.02415767706863584,0.03384939257250214,0.7515400410677618,0.4353182751540041,1.7758420441347271,-0.011079591620903127,0.10340332280425511,0.029541561819910765,0.8961545493326696,0.01892703855743362,0.01859662397154088,1,0
2022-11-21,-0.005831177206441518,-0.01123260179820215,0.06737221728118428,0.02539671002555465,0.03362855447190013,0.7404517453798768,0.42792607802874744,0.7656135194709772,-0.003954456775463152,0.07946954842033238,0.029167811488557842,0.8746938471157075,0.018695611973700527,0.018598767997611912,1,0
2022-11-22,0.01155355977783251,-0.014200699897635134,0.07810585874544036,0.024150099719336026,0.0335266825367821,0.7765913757700206,0.45790554414784396,4.04421052631579,-0.0034642246805140927,0.08773089906317104,0.0292193892664466,0.911393930910052,0.01877361582548339,0.01862939167866213,1,0
2022-11-23,0.0046779708857108545,0.008579317322798622,0.05639813842919651,0.020727917894664948,0.03289021850157212,0.7901437371663245,0.4702258726899384,1.567099567099567,0.012188278440264077,0.06936876616572855,0.02824002240703171,0.7984255725190649,0.018046729131152066,0.01852944941349079,1,0
2022-11-25,0.0027229539047991694,0.01689423104960417,0.05408025695066632,0.01696070776480542,0.03255718204776104,0.7971252566735113,0.4817248459958932,1.7709302325581395,0.02183025088355637,0.06853192542442342,0.027832254506773214,0.4632152588555333,0.01803869062632053,0.018100838920175936,1,0
2022-11-28,-0.018501283928294716,-0.005377976566393701,0.03709378276389216,0.023307053976263484,0.032599187599370125,0.7449691991786448,0.43737166324435317,0.1468764902241297,-0.0001168792511275615,0.05025817648294163,0.027929197584872407,1.1578221915918725,0.01860327777663112,0.01822643000108475,1,0
2022-11-29,0.0057208125477526805,0.006174013187800496,0.024967258318103487,0.022311285481696492,0.03206909657830033,0.7630390143737167,0.4517453798767967,1.5969664138678223,0.004321886235505062,0.03570447706954967,0.027409262001869786,1.084193726355601,0.018264277302040943,0.018141287082896827,1,0
2022-11-30,0.026449658809929225,0.021070112219897214,0.05258262261899377,0.027352152163159046,0.03254150465791898,0.8373716632443532,0.5100616016427105,13.116959064327485,0.017094417683034057,0.05950273467084845,0.027896848745859956,1.609658974882499,0.019062951831295184,0.018431884809440878,1,0
2022-12-01,0.0007188355208760066,0.017110976855062365,0.04773865752607905,0.030217917485005213,0.0325517808135062,0.8229979466119096,0.5166324435318275,1.0050377833753148,0.014356507875507754,0.05577946491360883,0.027813667149276602,1.0430728749570912,0.019053392391922528,0.018376180314001556,1,0
2022-12-02,0.005012056904344601,0.0194000798546078,0.0813080900857061,0.025768990325886244,0.03134822984524924,0.8295687885010267,0.5178644763860369,1.2535477767265846,0.012468977803069391,0.08155442435752919,0.02667490470967605,0.8459504714902543,0.017697380153843312,0.018374365211081368,1,0
2022-12-05,-0.024564989999718803,0.013336373783183707,0.06219292490375091,0.025254909348991265,0.03127579754896801,0.7474332648870636,0.4566735112936345,0.10617848970251716,0.009354592223306485,0.06328297557074955,0.026744325262096177,0.9163839208694888,0.01866588418564065,0.01859475986101856,1,0
2022-12-06,-0.013143711297023524,-0.005528150061592501,0.03387583057618961,0.03423006653816176,0.030585486213722042,0.6878850102669405,0.4349075975359343,0.30610021786492375,-0.005611893035017635,0.03955622019519014,0.025996571895009684,0.8992637606637315,0.018762159429199995,0.01850676969207453,1,0
2022-12-07,-0.00525880513307393,-0.03723661400459565,0.021301667673834263,0.02986960662509752,0.030455557940613737,0.6591375770020534,0.42874743326488707,0.7044967880085653,-0.03313631093107961,0.026753836662814102,0.02588778728484357,0.9215974355549311,0.018771723033658275,0.018496360501706773,1,0
2022-12-08,0.006958546129960118,-0.03099690339551154,0.025849383572457717,0.02921962458039323,0.030220780425614047,0.6743326488706366,0.44229979466119096,1.8948004836759371,-0.028799390815444654,0.02923409782455425,0.02568711169019149,0.9179931660971556,0.018814821341496164,0.018341226240403553,1,0
2022-12-09,-0.00854794221551627,-0.044556902515372414,0.044078606585224715,0.026142691743039438,0.029310405385553767,0.6361396303901438,0.4213552361396304,0.3502252252252252,-0.03794468087941836,0.04144107901791588,0.024933372032954024,0.8830807299720256,0.017853990048071998,0.018303730836142947,1,0
2022-12-12,0.009782596901037431,-0.010209315614616176,-0.003465966442539687,0.02903800274492623,0.025586473893726123,0.6689938398357289,0.4513347022587269,3.038720538720539,-0.00623053395478802,-0.0018294577651934367,0.020868905647645864,1.0169512281408333,0.012799496334421082,0.017685815974274963,0,0
2022-12-13,0.008308104835976438,0.011242500518383785,-0.010783005403555436,0.02678516573046022,0.024851019267531138,0.6841889117043121,0.4731006160164271,2.3044077134986227,0.011834539256514504,-0.0022451498498382997,0.02011974056196776,1.2319184880160465,0.01244278272784163,0.01771664000247714,0,0
2022-12-14,-0.0044725806873668625,0.012028724964090853,-0.00381681884097723,0.021689894660197672,0.024453394052774982,0.6620123203285421,0.4574948665297741,0.5517915309446254,0.009722859712330511,0.003006371163605664,0.019815003760661067,1.0325759766393414,0.0122279567426998,0.017696909775087328,0,0
2022-12-15,-0.02324398269348441,-0.018173803859353677,-0.04158245941172714,0.025916347043719333,0.02463196669815875,0.5527720739219713,0.4004106776180698,0.13074039362699155,-0.01777853634968418,-0.03296500001158323,0.020170744284268075,1.0228604923798128,0.012724421962814961,0.017843310301766637,0,0
2022-12-16,-0.008771121987188577,-0.01839698363102598,-0.03225153506419281,0.025312030278298397,0.024358461698130277,0.49856262833675563,0.38028747433264887,0.3500563697857948,-0.019554561279780204,-0.02845146204577397,0.020083472105077806,1.550646992862603,0.01228876198820898,0.01785565554599761,0,0
2022-12-19,-0.014131993032951342,-0.042311573565014755,-0.040791568275137774,0.04090950890277151,0.024666469211680118,0.4139630390143737,0.35975359342915814,0.31726027397260276,-0.04036399332501514,-0.03631531033881736,0.02015379469150393,0.7388510223953118,0.012567840557581318,0.01782860925129885,0,0
2022-12-20,0.004836793003448941,-0.04578288539754226,-0.039725698959391986,0.02582317923343621,0.024664974714608424,0.42915811088295686,0.366735112936345,1.547872340425532,-0.043316767046464554,-0.03764568373975198,0.02013683101618643,0.7277494590927294,0.012594192581310514,0.017725700370052618,0,0
2022-12-21,0.016257349877902526,-0.025052954832272864,-0.017637171875047944,0.025522859613086212,0.0249271150264817,0.5026694045174538,0.40492813141683776,6.171171171171171,-0.023476835307601612,-0.019476316784174646,0.0206150996088096,0.7043617175775595,0.013158474050140392,0.017656665737717906,0,0
2022-12-22,-0.011398754571115572,-0.013207726709904027,-0.040589486223996024,0.025480230334422385,0.02473054157939945,0.42505133470225875,0.37453798767967145,0.28190069407367857,-0.012321476850095674,-0.043942106955337644,0.0204130169552079,0.7195345988976791,0.013030187666718368,0.017345430818848102,0,0
2022-12-23,0.004821897999628919,0.0003852932769134688,-0.04044555911007796,0.021779275602125312,0.02479700405531227,0.45462012320328543,0.3942505133470226,2.3002754820936637,0.002567316182075044,-0.039303502407580786,0.020494323314345114,0.700929438848611,0.013033876033125915,0.01717100473619834,0,0
2022-12-27,-0.005852420239860848,0.008664866070003965,-0.049020933254737976,0.025580796879194092,0.024914036644125583,0.43408624229979464,0.4024640657084189,0.8399693721286371,0.012525488611346301,-0.044518616781271884,0.020492723352117864,0.8223784775297864,0.013015262365033727,0.017193313816142163,0,0
2022-12-28,-0.015239933974627636,-0.011411860908072613,-0.0457595833010709,0.022948551927874945,0.024830332945300626,0.3383983572895277,0.35482546201232035,0.15921115921115922,-0.005201180559599981,-0.0416427081745575,0.020367649053641534,0.9290726724961337,0.012830858912888094,0.016914406849288525,0,0
2022-12-29,0.024638496398104143,-0.003030714387870994,-0.026841899450719436,0.024222275876872524,0.025429597561384312,0.44476386036960985,0.4057494866529774,18.304,0.0,-0.026390388894226572,0.020924385900867783,0.9790817049709519,0.014022034604014872,0.016876521000152224,0,0
2022-12-30,-0.0005985144733909866,0.007769525709853593,-0.05389007273403965,0.024149334930232767,0.024406995977510112,0.4102669404517454,0.39630390143737165,0.5932659932659933,0.006398843136209836,-0.05198265328855794,0.019852478845637157,1.041565973900399,0.012508276081851101,0.01685928448529003,0,0
2023-01-03,-0.0014543620465838506,0.0014932656636408232,-0.056063270301499504,0.0322266636817471,0.024536681455175822,0.41314168377823407,0.39507186858316223,1.0991304347826087,0.0006265874072911653,-0.053633021598071526,0.01975782804933632,1.2201143153669416,0.012488713440036516,0.016515119429684484,0,0
2023-01-04,0.019025936949100684,0.026371622852602354,-0.04204939025674342,0.029164439583009714,0.02511844112407428,0.4837782340862423,0.42792607802874744,3.894308943089431,0.019446088838443402,-0.04073447385896963,0.020470659897425084,1.143262457079292,0.013269698788035097,0.015948446622242412,0,0
2023-01-05,-0.0074180109042034145,0.03419354592302657,-0.024902411161228027,0.030310604909256078,0.024770264414450446,0.42176591375770023,0.411088295687885,0.4758961681087763,0.023417867298770902,-0.026955356336702162,0.020017746634695924,0.9701692066765882,0.012304377155901068,0.01595086758850336,0,0
2023-01-06,0.02162245328795029,0.031177502812872727,0.00986375342374579,0.03380394797473628,0.025330065732636277,0.5700205338809035,0.4685831622176591,8.159090909090908,0.026709606047708997,0.00695542837447774,0.020743860449895547,0.9676258992805465,0.012937589144107649,0.016137004242477784,1,0
2023-01-09,0.003764773994351733,0.03554079128061544,0.018887332551171452,0.030595524272089,0.025451353112931983,0.5806981519507187,0.4837782340862423,1.291866028708134,0.03154659518850851,0.01349117753423297,0.020880631595757385,0.9973237633471311,0.012887568763887707,0.01570458879494146,1,0
2023-01-10,0.01384956105917132,0.050844714386370615,0.025778347480382654,0.026947376898379,0.02549524910341569,0.6353182751540041,0.5084188911704313,3.5513307984790874,0.04082931416202082,0.017816046890080338,0.020895701958921344,0.8961166409645286,0.013134916814643969,0.0157003175677468,1,0
2023-01-11,0.012288629919882284,0.04410740735715221,0.04661491961578121,0.028517362225956938,0.02563744339674387,0.7092402464065708,0.5478439425051335,3.157439446366782,0.038172119481857336,0.03718345617629853,0.021139477687667132,0.9818405202121455,0.013146547115622733,0.015736577504802743,1,0
2023-01-12,0.013039681494741148,0.06456509975609678,0.04987200420948492,0.040940257165835194,0.025741212609323362,0.762217659137577,0.5786447638603696,3.2062937062937062,0.05887334472039513,0.0386264886532699,0.021166101349782862,0.9757113115891064,0.013258965007727004,0.015783338300238287,1,0
2023-01-13,0.006399287153930668,0.04934193362207715,0.04796318652743916,0.023257696518483244,0.025553032201593204,0.7745379876796714,0.5893223819301848,1.7764842840512223,0.03933637470014408,0.03570633301192157,0.020996168168836676,0.8744409811627295,0.013222749651583517,0.015635073091010834,1,0
2023-01-17,-0.0013660864535899584,0.044211073174135467,0.05106968076121606,0.025212806109625268,0.025624191511484762,0.7712525667351129,0.5880903490759753,0.8199088145896657,0.03445986881943219,0.03865090274743975,0.02094857543977424,0.9782455575456221,0.013160612861437868,0.015258366237383641,1,0
2023-01-18,-0.015125750926163237,0.0152357611888009,0.05918791252853723,0.02465015647924551,0.025190811520371708,0.6813141683778234,0.5470225872689939,0.23760330578512398,0.012172678106040656,0.04657960068425268,0.020195360437469504,0.9968668200206037,0.012469796660706009,0.01507119904807469,1,0
2023-01-19,-0.008338916432020529,-0.005391785163101911,0.05962011808370528,0.025410144998955542,0.02518238394074318,0.62217659137577,0.528952772073922,0.4645042839657283,-0.006519861201019848,0.05010790522589434,0.020045716433147932,0.9552367323177895,0.012450052826562957,0.015073199673899158,1,0
2023-01-20,0.018228039961853786,-0.00020342669598927052,0.09198015107851042,0.023225043116648424,0.02476159219939003,0.7092402464065708,0.5815195071868583,7.023333333333333,-0.0015889231520595868,0.07727768910057053,0.0198899248286937,0.9975684311734137,0.012245438921373312,0.015019000731812273,1,0
2023-01-23,0.011490662451670148,0.00488794860175021,0.09863402052673162,0.023014417193380956,0.024738381076668876,0.7498973305954826,0.6127310061601643,3.0218487394957982,0.004256880937019207,0.08515779752767307,0.01993941541255436,0.9390247001422993,0.01234354075571449,0.01501060510209615,1,0
2023-01-24,-0.0027396945435577253,0.0035143405117824445,0.07963697610527136,0.020736740301518442,0.024614839370089972,0.7388090349075975,0.6086242299794661,0.7479794268919912,0.003878616713418189,0.06991200146462194,0.019908325257065315,0.8321341598405791,0.01214852292500717,0.01485002947675879,1,0
2023-01-25,0.002588657704944839,0.021228749142890517,0.09362438838133177,0.02291803753490922,0.02436780835703015,0.746611909650924,0.6102669404517453,1.339250493096647,0.018433683459957093,0.08281221121541169,0.019641481556308543,0.9029432487262901,0.011647098366845464,0.01484933158338936,1,0
2023-01-26,0.0061494891581442895,0.03571715473305534,0.09495197953984715,0.026122935435087587,0.024523708458509146,0.7720739219712526,0.6275154004106777,2.134034165571616,0.0325604899221604,0.08493039232807278,0.019878483405170334,0.9089718402095315,0.011652772170042545,0.014530570106152335,1,0
2023-01-27,0.004270126615779308,0.021759241386980856,0.1050745263954873,0.023678913204243358,0.024392993651191335,0.7827515400410677,0.6418891170431211,1.322674418604651,0.019930958363584897,0.09140644074569848,0.020025477945915433,0.9421796807490295,0.011409003372094328,0.014528087933966864,1,0
2023-01-30,-0.013055524809957631,-0.0027869458746469238,0.10725893556015732,0.02161552118277813,0.024223004121948617,0.7449691991786448,0.6139630390143738,0.2654353562005277,-0.0012345391190012808,0.09847731749125246,0.019848158159022588,0.979348037415475,0.011223661350571547,0.014642205319506097,1,0
2023-01-31,0.020801414560037368,0.020754163228948172,0.10342185372209053,0.020090763206557456,0.02413229334364136,0.8135523613963039,0.6763860369609856,10.96039603960396,0.018651851630287136,0.095314910435261,0.02008027349549249,1.1514596193415452,0.010916844865039028,0.014699805657784896,1,0
2023-02-01,0.01428548570511815,0.032450991229121484,0.11830585390059967,0.026876920979718173,0.024312765434083203,0.833264887063655,0.7104722792607803,3.404059040590406,0.02869046708771634,0.10707983442938454,0.02024660845714751,1.140685302708593,0.011022964129772278,0.014781386587025467,1,0
2023-02-02,0.014239941696702736,0.04054144376767993,0.13400015764388626,0.034367383113053665,0.024454328568228968,0.8394250513347022,0.7503080082135524,2.4840579710144928,0.03716940369193502,0.11882576272030515,0.02045404778509163,1.1551667458085042,0.011050373732853376,0.014856707656876906,1,0
2023-02-03,-0.010427489715157397,0.025843827436743225,0.10454673097962817,0.026459179221209595,0.024518135837844766,0.8106776180698152,0.7158110882956878,0.39571263035921206,0.02441269783238739,0.09547437916238544,0.020437342278632756,0.9157235057524592,0.011232840235900186,0.01442466970489833,1,0
2023-02-06,-0.011518552914481757,0.027380799332219097,0.10044618896934983,0.02369728961467494,0.02441171062880244,0.7901437371663245,0.6895277207392198,0.280982905982906,0.02360234440152345,0.0888269045193434,0.02049181851667753,0.797991450091579,0.01149176202519029,0.014497221705852631,1,0
2023-02-07,0.007898869186602252,0.014478253958783983,0.08672260486800179,0.0242942930358633,0.02387518250633845,0.8065708418891171,0.7121149897330595,2.4240687679083095,0.010991407464794828,0.07634937973581518,0.02010245016797162,0.8737210975876714,0.010859072459148513,0.014420882150656655,1,0
2023-02-08,-0.01293099227212992,-0.012738224018464087,0.07002683860152013,0.025758232182295365,0.024035890699391712,0.7671457905544148,0.680082135523614,0.26421052631578945,-0.011519194840764985,0.061714072870251234,0.020259985185635196,0.7999999999999283,0.0114805218926319,0.014527325285404475,1,0
2023-02-09,-0.013511332389162677,-0.0404894981043295,0.042665945153186134,0.02879239825540854,0.024317306251368007,0.6989733059548254,0.6484599589322382,0.2644889357218124,-0.03528260363635973,0.03959794924973788,0.02054339253285483,0.9355283911671002,0.011776291463653528,0.014653584504444206,1,0
2023-02-10,-0.00015116494972783852,-0.03021317333889995,0.03022615028357601,0.028561400061279527,0.024299143524550617,0.7240246406570842,0.657905544147844,1.0966608084358525,-0.024723788537591686,0.028468083460574136,0.020492281306909336,0.9152823920265021,0.011545155726905914,0.014201974534109525,1,0
2023-02-13,0.010053780008563634,-0.00864084041585455,0.027240248797398503,0.025713111829556802,0.023977052838076714,0.773305954825462,0.6788501026694045,4.093816631130064,-0.003244996990666199,0.02671279930893868,0.020277891938922873,0.8624357383442269,0.011412774682815176,0.012356158050917802,1,0
2023-02-14,0.00044186082673016797,-0.016097848775726634,0.021282822470198002,0.022704628098589728,0.023937911023343233,0.744558521560575,0.6776180698151951,0.782870022539444,-0.012357911720584643,0.019386733211554798,0.020298644405858254,0.9489630589760202,0.011353497802637703,0.012216934865136227,1,0
2023-02-15,0.007905757880291629,0.0047389013766949185,0.030554666804079592,0.026382308740707915,0.02395817205375666,0.75564681724846,0.6940451745379876,2.1076523994811933,0.00523290599520694,0.027199746546715264,0.02025315941422945,0.9161336176260898,0.011436314880823471,0.012143981502889254,1,0
2023-02-16,-0.008835047727841671,0.009415186038015926,0.03684537000240116,0.027785505102641255,0.023865088005504763,0.7174537987679671,0.6607802874743326,0.33166109253065773,0.007316523477980414,0.032213659450158846,0.02040527557720924,1.008366572623747,0.011056368109873352,0.012088212693711648,1,0
2023-02-17,-0.0012351863634477653,0.008331164624296,0.04394910007097392,0.026414027822569654,0.023816603909961525,0.7145790554414785,0.6550308008213552,0.983402489626556,0.006196935819053365,0.04022264959310028,0.02040861191868094,1.03056096563995,0.010838641744277339,0.011845723878820248,1,0
2023-02-21,-0.02809547162614987,-0.0298180870104175,-0.0023744115170297327,0.027570442671533704,0.024562777864155907,0.5593429158110883,0.5872689938398358,0.07685473123056419,-0.029600870789517047,-0.0010406784998453597,0.021106382985720637,1.06006827788012,0.012038118662781807,0.012379033550969133,0,0
2023-02-22,0.00121861964820855,-0.029041328188939123,-0.01264645432049133,0.02293928793939527,0.024442751330553594,0.5618069815195071,0.5901437371663244,0.9858686616791354,-0.02780228392108335,-0.010277205444164933,0.02113509593182779,0.988003052584749,0.011748251676747768,0.012373245202421484,0,0
2023-02-23,0.005049922366739173,-0.03189716370249158,-0.00485683741019443,0.02603589592655471,0.024622432974477755,0.5852156057494866,0.6032854209445585,1.7691415313225058,-0.028287972082103024,-0.0027742190879293596,0.021357043772485807,0.894231412701597,0.011800247258771237,0.012356052217462603,0,0
2023-02-24,-0.012067884845427538,-0.035130000820077445,-0.019513379960566804,0.03814191339687607,0.02495416488727446,0.5232032854209445,0.5720739219712526,0.29577464788732394,-0.0286577422199597,-0.014693956050422707,0.021401784049129333,0.9042780814045843,0.012055788408307807,0.012386132206778387,0,0
2023-02-27,0.003909540572505612,-0.029985273884124065,-0.021753328546205482,0.02129266515111781,0.024708140121608938,0.5297741273100616,0.5790554414784395,1.4149043303121853,-0.026652919934882124,-0.01790200793356323,0.02115127824307313,0.8849250064364964,0.011999806857388147,0.012382361461408664,0,0
2023-02-28,-0.0007990684246397264,-0.00268887068261393,-0.026822523586624517,0.026339586315823758,0.02475193652583978,0.5125256673511294,0.5724845995893224,0.8491446345256609,-0.0030220227341471906,-0.02200439753004112,0.021149456842274043,1.1674420726144596,0.01193856374259346,0.01238020502235042,0,0
2023-03-01,0.0009031149250807694,-0.0030043754057417107,-0.012863883851586114,0.030321165825504055,0.024962004555648794,0.5112936344969199,0.5691991786447639,0.9833610648918469,-0.0038328323478747234,-0.011353933426862839,0.021223347571806106,0.9612877760607295,0.01163472048301449,0.012139805400087448,0,0
2023-03-02,0.003935886807488952,-0.00411841096499193,-0.029729411604134528,0.026984517140062798,0.02465700407177175,0.5170431211498974,0.575359342915811,1.5947995666305526,-0.004178997690891758,-0.02602617848984695,0.020726049449182337,0.8797533673820307,0.010620544309144067,0.012130148453075952,0,0
2023-03-03,0.01377133044455595,0.021720804324991554,-0.030243566864696737,0.025952308830064354,0.02448523011185323,0.5757700205338809,0.6127310061601643,5.428954423592494,0.01731585173201237,-0.024202303553383046,0.02037251697962037,0.8918826739425492,0.010583065046066788,0.011797403672298824,0,0
2023-03-06,-0.011959280964004525,0.005851982788481418,-0.056442789525404,0.028810736571403504,0.023839934959076343,0.5182751540041067,0.5819301848049281,0.34151785714285715,0.004095502018304246,-0.04623940768174643,0.01965782969762455,0.9383259911892896,0.010178716609747267,0.011902013541670925,0,0
2023-03-07,-0.012641385277738114,-0.005990334064616967,-0.05865668508798471,0.024100107693190556,0.02381318389077047,0.43408624229979464,0.5449691991786447,0.21352852094901564,-0.006778531793673887,-0.04858563042139593,0.019682449743868784,0.9416718011911613,0.010273907035895933,0.011997697680602656,0,0
2023-03-08,0.0009394148834428296,-0.005954034106254907,-0.04619871729006012,0.023419586741060865,0.023742037527518134,0.433264887063655,0.5474332648870637,1.225444340505145,-0.0040622964620458035,-0.03765232447360489,0.019404011582543842,0.8985526668453196,0.010103150036294833,0.01157624347813211,0,0
2023-03-09,-0.02588711430898283,-0.0357770352227267,-0.07998470078564521,0.027500579200628986,0.02425468584613742,0.3154004106776181,0.475564681724846,0.09506564056133997,-0.03160158303251056,-0.06652110379593576,0.01989706935993664,1.046544428772901,0.011059413121016843,0.011923995244004146,0,0
2023-03-10,-0.02798929140328292,-0.07753765707056556,-0.0950429999167982,0.03008392929830235,0.02488374774522069,0.20451745379876796,0.41765913757700207,0.09977220956719818,-0.06970770236466298,-0.07953092151818467,0.020553780128244794,1.2044887780545626,0.012117954766651303,0.01242706923944504,0,0
2023-03-13,-0.013199206472623397,-0.07877758257918444,-0.09473087400025892,0.0405954981890759,0.02553516041992235,0.1757700205338809,0.3868583162217659,0.46861669713589277,-0.0689009657484864,-0.07825218795681584,0.021221492207115993,1.207357333752546,0.012106568751204878,0.012501750203315412,0,0
2023-03-14,0.01432347650742244,-0.05181272079402388,-0.08025623254310864,0.026131642761053044,0.025786943482442835,0.23285420944558521,0.42258726899383986,4.505720823798627,-0.04349488434017355,-0.06767401071396965,0.021516783880318833,1.0278718757957568,0.012761528889708424,0.012593579099757564,0,0
2023-03-15,-0.019279171564242185,-0.07203130724170889,-0.10958918411591446,0.03152037397802169,0.02614695845370029,0.17166324435318275,0.384394250513347,0.2823654768247203,-0.06456354597337315,-0.09707388905090096,0.021952609557662782,1.0522965068000125,0.012772162909142605,0.012758628230287847,0,0
2023-03-16,0.012729338654358359,-0.033414854278367705,-0.09730170628828627,0.024966050734119477,0.026575463117509503,0.21026694045174538,0.4082135523613963,3.552380952380952,-0.02617948106975416,-0.08457628096004077,0.022597870962012018,0.8993380506733452,0.013314389417945594,0.012819956961208693,0,0
2023-03-17,-0.022324192001086766,-0.02774975487617155,-0.12753165616966466,0.03673931839412189,0.02683402432331205,0.17084188911704312,0.366735112936345,0.13540197461212977,-0.023133403319817433,-0.11093460459184896,0.022935563273643555,1.3849409386646343,0.013523452611015507,0.013104534967314865,0,0
2023-03-20,0.008228145455434778,-0.006322402948113376,-0.11046846298638821,0.02687007203731984,0.0269391119712929,0.1971252566735113,0.38809034907597534,2.652439024390244,0.00026061049522851893,-0.0925288753631696,0.023113331544122775,0.7401662207548139,0.01385767417827673,0.012829371587559287,0,0
2023-03-21,0.018078470909717727,-0.002567408545818086,-0.09115480571322274,0.03219536572509101,0.027492644391657852,0.2246406570841889,0.4238193018480493,4.447727272727272,-5.799180254863844e-05,-0.07459306311834352,0.02373169554177667,0.742160656804941,0.014750323060368362,0.012986042022300496,0,0
2023-03-22,-0.022961791976562722,-0.006250028958138622,-0.08602112606363557,0.025241621206468175,0.027169448575838646,0.17125256673511294,0.37946611909650924,0.10702802021129995,-0.0025303498359678395,-0.06996869376587943,0.02338403000377247,0.7420823845994554,0.01437470272153233,0.013189245884981642,0,0
2023-03-23,-0.0036913359926609044,-0.022670703605157883,-0.09093108170450503,0.02455682676736701,0.02712438514875445,0.17987679671457907,0.37084188911704313,0.6856540084388185,-0.017953605276385946,-0.0751402636707698,0.023119394272542292,0.789608861326954,0.014323773519153617,0.01318315902660826,0,0
2023-03-24,0.0059136194779750555,0.005567107873903939,-0.09006738459326916,0.021458817939187004,0.02704984011761114,0.19507186858316222,0.382340862422998,1.9087591240875912,0.00783667906182374,-0.07629614806462806,0.023080895389011393,0.8986112001491929,0.014353262903311787,0.01304006242415141,0,0
2023-03-27,0.009116649491929125,0.0064556119103982845,-0.0688828502559125,0.02266637240586578,0.026868182648711054,0.20698151950718685,0.40492813141683776,3.0996563573883162,0.006781222879475092,-0.05607884459886581,0.023017938430912245,0.8663964884313562,0.014522653956573508,0.013013105977049603,0,0
2023-03-28,0.0020298426613046035,-0.00959301633801484,-0.0707625481671135,0.023964932098178838,0.026899714082021093,0.21806981519507188,0.4106776180698152,1.2980769230769231,-0.007260959617564212,-0.058155488768376715,0.023126044393046125,0.8395511070670051,0.014481860607954018,0.013001455695644891,0,0
2023-03-29,0.013658840440691482,0.02702761607923936,-0.05630463930178228,0.02276268781151826,0.027028478382441053,0.26652977412731005,0.44229979466119096,4.403153153153153,0.025809134970627808,-0.04402922294998231,0.023209560526762707,0.9180010612728888,0.014946393088175143,0.013090940101883197,0,0
2023-03-30,0.0026527074094399926,0.03337165948134026,-0.05455504681742307,0.023607002349451737,0.02676176190882311,0.2936344969199179,0.4566735112936345,1.7534562211981566,0.032448192728445825,-0.0403222829734094,0.023028942026623162,0.9117675253002472,0.014972225490629987,0.012940522262204083,0,0
2023-03-31,0.016358526062339923,0.04381656606570513,-0.0421324075625721,0.0242938814288591,0.02697210381147625,0.37700205338809034,0.49815195071868584,7.620071684587813,0.04231017074159584,-0.030696790666285834,0.023294908021655077,1.1606297018668086,0.015480078758518636,0.012733161594378815,0,0
2023-04-03,0.0009006807229107982,0.035600597296686805,-0.05500305728421725,0.027465915158273648,0.026888984229911043,0.3839835728952772,0.5010266940451745,0.874120406567631,0.03358524527714935,-0.03974197953593863,0.023227579382358376,1.0374235667325402,0.015073628100440486,0.012732474569724286,0,0
2023-04-04,-0.014008968455995493,0.019561786179386698,-0.05705274477620821,0.02827370596822546,0.02688459751275564,0.3203285420944558,0.46652977412731006,0.2867843766720171,0.01893714819974497,-0.04307170700562512,0.023468225183786932,0.9542023006288699,0.015143604202922302,0.012861543416751879,0,0
2023-04-05,-0.00898463197527532,-0.0030816862365801003,-0.05339599147374543,0.02534884623701375,0.02681897056719111,0.30184804928131415,0.4525667351129363,0.4664615384615385,0.00106029367978588,-0.04059258172666281,0.023357537351965347,0.9419268998982362,0.015044478249656759,0.012687632565653894,0,0
2023-04-06,0.002323566529951905,-0.003410827116068188,-0.052011839827236346,0.020060648585373632,0.026741184349698452,0.30390143737166325,0.4517453798767967,1.2721217887725975,-0.0006456755310092003,-0.03900622262595357,0.02327289089522551,0.8174108511290069,0.015063516548910775,0.012656568014622902,0,0
2023-04-10,0.007532562530308704,-0.012236790648099407,-0.01859216298794481,0.02221870710299407,0.026208938715153805,0.34209445585215603,0.46529774127310064,2.189261744966443,-0.01000809718479582,-0.009346024601545681,0.02269373256600447,0.9090127278981377,0.014207652107672511,0.012390655999148075,0,0
2023-04-11,0.009718213772450903,-0.003419257598559301,0.01911534218778901,0.025234165161635503,0.025359569468676058,0.38809034907597534,0.4944558521560575,2.643185298621746,-0.0033078789461227693,0.023713646059988464,0.021846581059541126,0.936966058646942,0.012936868623653357,0.012443877929387217,0,0
2023-04-12,-0.006996380048970231,0.00359333080846596,0.025318168611442177,0.026711972643247803,0.024536588799292946,0.37700205338809034,0.48706365503080085,0.6175675675675676,0.004980619887982426,0.031649866396009606,0.021302378726867285,0.9275139255350281,0.012666604186847966,0.012343891249186858,0,0
2023-04-13,0.012996791655421324,0.025574754439162607,0.023991483759441067,0.024434164317420827,0.024333351267602783,0.43039014373716633,0.5108829568788501,3.9422680412371136,0.02050774314791018,0.0272822247484935,0.02097711956886955,0.9617222891816533,0.012601045605470682,0.012355971445912078,0,0
2023-04-14,-0.007550323293457334,0.01570086461575337,0.03572033203022591,0.019955012525071626,0.023478633676056633,0.4106776180698152,0.4903490759753593,0.4237895995218171,0.013414253758239854,0.037229326799441034,0.019925651573602765,0.9081786793267058,0.01189053803083928,0.012266375808087076,0,0
2023-04-17,0.008303026680044347,0.016471328765489013,0.031294020055911906,0.023852726915734812,0.023299347894189436,0.44188911704312117,0.500205338809035,2.2091152815013406,0.012555623180157469,0.032713437345494624,0.019623206910512985,0.9446870451235889,0.011723325361817749,0.012286575667918012,0,0
2023-04-18,-0.003972947687317442,0.002780167305720666,0.049645264369681225,0.023960003518806852,0.02235770038172898,0.44106776180698154,0.4944558521560575,0.7116345467523197,0.0034305189245655266,0.04896940435127211,0.01866177642778993,0.9493891797555063,0.010477145608718444,0.012293209059289493,0,0
2023-04-19,-0.00030646839861127464,0.009470078956079623,0.04111065051563517,0.022020109818144337,0.022220960183303017,0.4320328542094456,0.48829568788501027,0.9479251423921887,0.007351667839343286,0.04083969234823745,0.018595142583717587,0.947212141207518,0.010403574566931143,0.012154723214986906,0,0
2023-04-20,-0.007626781858188224,-0.011153494557529927,0.015405397747729224,0.023927031769500808,0.021711956013949006,0.41232032854209444,0.47885010266940453,0.4726153846153846,-0.00864802345335079,0.02035691730769726,0.018204272204658863,0.972559740785694,0.009912625739547418,0.012147659821516246,0,0
2023-04-21,-0.00044587699955749396,-0.004049048263630083,0.03792131272473445,0.023667076572409334,0.020876191363997047,0.41190965092402465,0.4722792607802875,0.8773584905660378,-0.002684253621999064,0.04072967986988899,0.017129911618094466,0.9424308148678125,0.008309577971774536,0.011908671199852235,0,0
2023-04-24,-0.0011758479095482107,-0.013527922853222641,0.040436800807847145,0.021517343245934278,0.02064761792082461,0.42053388090349075,0.464476386036961,0.9606234618539786,-0.01001516937413037,0.04358072492551376,0.016862671712573673,0.9093376764385303,0.008244247206816548,0.011804266752780462,0,0
2023-04-25,-0.023910105069178327,-0.03346508023508353,0.01061307626069376,0.02624727578220266,0.021435962831461847,0.31745379876796714,0.42217659137577,0.12839737582005623,-0.028077331821294193,0.018290059667658374,0.01783218585113801,1.0478566221277386,0.009921124807306897,0.012150774544384263,0,0
2023-04-26,-0.00629010768143964,-0.039448719517911894,-0.004793680912675001,0.023539232112539558,0.021571609161779956,0.28788501026694047,0.4016427104722793,0.4470158343483557,-0.03630970665728823,0.0017376140371094684,0.01803659229539829,1.034808135877488,0.00982164938954996,0.012155982566410933,0,0
2023-04-27,0.012965351197590968,-0.0188565864621327,0.0061418276236113595,0.028541911523970093,0.022095320338491955,0.3650924024640657,0.43162217659137575,3.768924302788845,-0.015314171809544344,0.013298517859063648,0.01874203662884898,0.9898090385256323,0.010228817070350317,0.01225490118247513,0,0
2023-04-28,0.010388072052095467,-0.008022637410479743,0.0028710592350153453,0.025508887160569604,0.022163292738647974,0.43162217659137575,0.45092402464065706,3.06984667802385,-0.00406421473745891,0.012069835345854289,0.018813426321820564,1.014934109569529,0.010038241521724315,0.012324366724634847,0,0
2023-05-01,-0.0004055921766823151,-0.00725238167761385,-0.00018724035110696046,0.02421287515741624,0.02219366925790093,0.43408624229979464,0.45092402464065706,0.899601593625498,-0.0046966717478098986,0.004474342329461369,0.018899811540799793,0.9015345268541239,0.01002208650636264,0.012232023257924668,0,0
2023-05-02,-0.01923425712166999,-0.0025765337301055127,-0.035780023535116875,0.034407873344403754,0.022645105952480156,0.3540041067761807,0.41190965092402465,0.23508230452674897,0.0,-0.02664760297734913,0.01930480880497853,1.0756742370475356,0.010124818308057934,0.012116689606767345,0,0
2023-05-03,-0.0004479658230544265,0.0032656081282796978,-0.0371286700810821,0.033330534714470714,0.02289526955760285,0.3626283367556468,0.4041067761806982,0.7465201465201465,0.004736702577191211,-0.029139555352856665,0.01951524002512986,1.0453646454703387,0.01011174088515489,0.011943962659149345,0,0
2023-05-04,-0.010205978314275437,-0.019905721383586702,-0.03332567993936204,0.03966801997062419,0.023390379856687557,0.3396303901437372,0.3848049281314168,0.47293972939729395,-0.01563889669499959,-0.027072013635465263,0.019894836093766438,1.017410044343144,0.009913666791198443,0.011806054169026869,0,0
2023-05-05,0.023177755281577537,-0.007116038154104633,-0.0011632926825091876,0.03447902335016775,0.024287692481541712,0.43901437371663243,0.42792607802874744,7.214285714285714,-0.0058234292127656295,0.0,0.020947911666167766,0.9281601316149836,0.011124122059381845,0.012187331257862113,0,0
2023-05-08,-0.0008152326500283421,-0.007525678627450661,-0.004302091862489435,0.02619748015537936,0.02443819431183744,0.43860369609856265,0.4275154004106776,0.8248847926267281,-0.007199442562734527,-0.004600436793725694,0.021028241542771813,0.8016756935438706,0.011111639352720413,0.012124065120367839,0,0
2023-05-09,-0.002832922643396819,0.008875655850822515,-0.014667577036194961,0.03032758884639868,0.024621434584439557,0.4242299794661191,0.4213552361396304,0.6643454038997214,0.0025946053017423232,-0.013172686088141407,0.02114587155221553,0.8630845658010962,0.010980194009408889,0.012063302918522891,0,0
2023-05-10,0.0020313869700721346,0.011355008643949073,-0.022354403838573726,0.030707931668378687,0.024828356683139603,0.43983572895277206,0.4275154004106776,1.2133580705009277,0.007238883138090993,-0.018894905417659768,0.021370509725740294,0.9237044239562936,0.010741099946392052,0.011987625544159842,0,0
2023-05-11,-0.007628125339551363,0.013932861618673149,-0.022986149129154858,0.03335649566164429,0.02506069070466874,0.41683778234086244,0.40492813141683776,0.468999386126458,0.009239518955628733,-0.02038341086462417,0.021416924694257492,0.899595758640385,0.010759413410529129,0.011915722257614085,0,0
2023-05-12,-0.003366077748897561,-0.012610971411801952,-0.03934901853347375,0.027213315496471848,0.024968714027252162,0.4028747433264887,0.40451745379876797,0.7790262172284644,-0.01118221874371555,-0.03053336628800273,0.021314980140475552,0.8708768267223291,0.010269232793954898,0.01191688174026753,0,0
2023-05-15,0.01159972284441135,-0.00019601591736225613,-0.020198972395605058,0.027489396224601597,0.025306083098504767,0.4505133470225873,0.4271047227926078,2.6666666666666665,-0.0007049476993689645,-0.017135400685492033,0.021648761962986113,0.923455348953537,0.010585346614730422,0.011942657345358732,0,0
2023-05-16,-0.01514870503134491,-0.012511798305310348,-0.04365070410699432,0.02458320629815354,0.025401916117056247,0.38028747433264887,0.3979466119096509,0.18998015873015872,-0.011708048066411039,-0.03678776303723073,0.021631428765941537,0.9465869251391551,0.010794049750970182,0.012062839523254548,0,0
2023-05-17,0.019073650495533605,0.004530465220151124,-0.02060410592414327,0.029479172684868004,0.02605491531688356,0.471047227926078,0.43039014373716633,4.226579520697168,0.0010133414591480168,-0.019726227047580237,0.02246849399824976,1.0414420338556878,0.01172341018027513,0.012286861155691324,0,0
2023-05-18,0.004823026336592553,0.01698161689629504,-0.015474611188939445,0.025008484289155888,0.026124561390950696,0.49075975359342916,0.43655030800821354,1.661092530657748,0.01294604019069257,-0.015403333435859397,0.02245910030658658,0.9957734573118907,0.011791410501678748,0.012276977084904675,0,0
2023-05-19,-0.0032253014887861915,0.017122393156406405,-0.011073130819537412,0.022815826860266043,0.026086268553647627,0.47638603696098564,0.43408624229979464,0.6557719054242003,0.012371199170820598,-0.015006143747025457,0.022430712376680116,0.9716224552743721,0.01170159445557262,0.012279246041053085,0,0
2023-05-22,0.009353223092605105,0.01487589340460016,-0.0012740307273748162,0.03217388550492608,0.026311615214401368,0.4997946611909651,0.4468172484599589,1.7852975495915986,0.00852846279720897,-0.010722217777247021,0.02247155919024258,0.9286887331436526,0.011898722014542316,0.011864448374628097,0,0
2023-05-23,-0.005865498985596819,0.02415909945034825,-0.005963681803423424,0.02596526315385936,0.02648688932360746,0.4620123203285421,0.42915811088295686,0.5344051446945337,0.016471188429527737,-0.017058720044750654,0.022581093037295875,0.9940765419147575,0.011964524372960245,0.011878726601012026,0,0
2023-05-24,-0.013745765873265897,-0.008660316918451247,0.004200657392489009,0.024815444336955456,0.026042777534174628,0.39342915811088297,0.4020533880903491,0.2078510317060896,-0.012268684397698432,-0.010380261364841261,0.021983898010335172,0.9406871269445659,0.011138005110293047,0.011962714919321249,0,0
2023-05-25,-0.008989112107695929,-0.02247245536273973,0.001501652966232719,0.03208621964851269,0.026287200317490187,0.36632443531827513,0.37782340862423,0.493125,-0.02279997992540644,-0.010344803053806868,0.02220819740220185,0.970685368659316,0.01123181802388017,0.011923804483118604,0,0
2023-05-26,0.010195526586717399,-0.00905162728723614,-0.0012681716446408464,0.03035223249302927,0.02602290127250901,0.406570841889117,0.40944558521560576,2.585949177877429,-0.012373950143335304,-0.016141396329740623,0.021822051440350602,0.8872696099440877,0.011088178273465182,0.011992888314871957,0,0
2023-05-30,-0.0037647336929101352,-0.022169584072751377,-0.015420977389646451,0.025737234915191032,0.025847712474933268,0.38809034907597534,0.39753593429158113,0.6560773480662984,-0.02102331077109831,-0.028330479834180973,0.021706318969819793,0.980786503690378,0.010848888399169712,0.011997723397982035,0,0
2023-05-31,-0.008948489414018344,-0.025252574501172905,-0.02396387462698248,0.026523817590906978,0.026026076029822664,0.3515400410677618,0.38151950718685834,0.5214917825537294,-0.023404594340032652,-0.033292842791962825,0.021928832192373487,1.3282805930514865,0.010995127574443616,0.01203543010521277,0,0
2023-06-01,0.012042194522044943,0.0005353858941379344,0.007312577016732457,0.025807671138578084,0.025571177829192146,0.4004106776180698,0.40492813141683776,3.212280701754386,0.0006553519635176755,-0.004750725595245902,0.021425121289255934,0.9290668228891029,0.010530228155508112,0.012134682702012406,0,0
2023-06-02,0.028427596497323026,0.03795209449915689,0.036188139337109904,0.029460996770804902,0.02627869703490967,0.5564681724845996,0.48459958932238195,7.977695167286245,0.03431903006769566,0.024346456417163768,0.0222163447498829,0.9683156269012737,0.012177493624643973,0.012557898275254768,1,0
2023-06-05,-0.008992219579604357,0.018764348332835128,0.03740189807178099,0.02847628280111863,0.025645894712997004,0.5034907597535935,0.4648870636550308,0.45843520782396086,0.016644596181078646,0.027241596721705248,0.021429092988283886,0.7935064161207429,0.012120791392530014,0.012521217798867978,1,0
2023-06-06,0.019732082026504436,0.0422611640522497,0.03395622481670788,0.030665409102229143,0.02530402860196065,0.606570841889117,0.5039014373716633,4.598607888631091,0.03762660326559691,0.022997584053673532,0.021160418895402135,0.8820327259918525,0.011836652437908362,0.012692248003242092,1,0
2023-06-07,0.01167510330809716,0.06288475677436521,0.04644656077483338,0.02779584878907457,0.02553300536621013,0.6591375770020534,0.5416837782340862,2.524300441826215,0.059371116926360976,0.03584047103465887,0.021347457247104882,1.0620318801612194,0.012020708072961168,0.012781282822042848,1,0
2023-06-08,-0.001117743277766789,0.04972481897455348,0.04816174014046342,0.022491002915231754,0.02527560621416889,0.6517453798767967,0.5347022587268994,0.8703849175176748,0.04483796849219695,0.03781489982564883,0.021230544861794123,0.8684190121733399,0.011990507074751867,0.012350735279464314,1,0
2023-06-09,-0.006414938829626756,0.014882283647603689,0.039715414340764525,0.01950902468837407,0.024950986170995216,0.6201232032854209,0.5232032854209445,0.4788819875776398,0.012532276136242783,0.03172573643656674,0.021070906669889533,0.846724238449198,0.012140458853182316,0.011844202017268409,1,0
2023-06-12,0.004642865926805829,0.02851736915401388,0.05198640560712172,0.023260232562307262,0.02464550670097939,0.6250513347022587,0.5256673511293635,1.392964824120603,0.023683040545632944,0.04066144587979648,0.02082793326983614,0.952164671257013,0.011953238764346315,0.011722119234130012,1,0
2023-06-13,0.010751228265756422,0.01953651539326587,0.0661037116217757,0.021562830163586268,0.024541506962979187,0.6681724845995893,0.551129363449692,3.1657940663176265,0.016910060548253076,0.051961776851820504,0.02076423073856888,1.0209202527118826,0.012005145506539467,0.011664451965848905,1,0
2023-06-14,-0.0066419815655888925,0.001219430519579815,0.047862007211775456,0.025671523325671526,0.024579123733119136,0.6472279260780287,0.535523613963039,0.5536062378167641,0.001492655539282476,0.039234283298180794,0.02101525582792295,1.068399597029256,0.012022955831780046,0.011419579564501195,1,0
2023-06-15,0.009842815030179974,0.012179988827526581,0.07285352727330034,0.02127796799701621,0.02418103050665585,0.6899383983572895,0.5663244353182751,3.3857404021937842,0.011607979861554046,0.06355364302418033,0.020589606904914164,1.007220455749834,0.011434086886048352,0.011377497817821991,1,0
2023-06-16,-0.004934312173034269,0.01366061548411907,0.04884556460473247,0.022948224189848525,0.023851455567154144,0.6817248459958932,0.5593429158110883,0.565359477124183,0.013180358278068774,0.04266779592342481,0.02037971827858957,1.4981951347109572,0.010987358584749038,0.011008444122234626,1,0
2023-06-20,-0.0073202586852835596,0.00169749087202968,0.03670227958285636,0.02663330693365999,0.024005042044763943,0.6291581108829569,0.5297741273100616,0.4158823529411765,0.0011584767984374727,0.030729801435390378,0.020549318818631018,0.8293996515127383,0.011167438742038172,0.011023445368177627,1,0
2023-06-21,-0.0023557956797191346,-0.011409533073445879,0.03757178539192342,0.02571420603318775,0.024043557843864537,0.6213552361396304,0.5281314168377823,0.893735130848533,-0.00737293439353455,0.03335603287204116,0.020541139667311893,0.7585122334783901,0.011149676327617502,0.010811093165623713,1,0
2023-06-22,-0.007136815507403225,-0.01190436701526021,0.021081746791915084,0.020663500302289518,0.023905641381239802,0.5712525667351129,0.5055441478439425,0.45504252733900363,-0.008855921181869645,0.018323232626660694,0.02058576353157185,0.7404527035323822,0.01117097599424772,0.010430419994293684,1,0
2023-06-23,-0.012900814708755756,-0.03464799675419594,0.014046431068756146,0.022871279066327015,0.023894452052341975,0.5034907597535935,0.47433264887063653,0.2515592515592516,-0.030691351932182264,0.015447547529829865,0.020649678668033647,1.1490559265806375,0.011488275551179254,0.01055977127982399,1,0
2023-06-26,0.002925087610779144,-0.02678859697038253,0.030717284552801188,0.025297748242779063,0.023720127468309028,0.5404517453798768,0.49322381930184805,1.668520578420467,-0.02353053194578736,0.030770254807993846,0.02048555108142625,0.7697771061579088,0.011008369265726348,0.010542992190350162,1,0
2023-06-27,0.011388905049845448,-0.008079433235253519,0.051095301710342565,0.02704048768750095,0.023457444235939647,0.6061601642710472,0.5223819301848049,3.508506616257089,-0.003862823583551312,0.04661039487098852,0.020381691266765374,0.8152863898139725,0.010938915525187283,0.010576005976226004,1,0
2023-06-28,0.0013599490603680728,-0.004363688495166315,0.042259724183993236,0.022002247133634967,0.023202662052875783,0.6036960985626283,0.5277207392197125,1.0622837370242215,-0.001441053311684914,0.039524664736123864,0.020174488546425392,0.8297378798422447,0.010794388627493741,0.010575044141621729,1,0
2023-06-29,0.009533072644182223,0.012306199656419135,0.0555575305210856,0.02222367787693067,0.02310417208960871,0.6480492813141684,0.5400410677618069,3.232269503546099,0.014535202844584977,0.05120210474727912,0.020020065421420867,0.8048882156779837,0.010828531897519936,0.010506353970145415,1,0
2023-06-30,0.0064555701156277494,0.03166258448080264,0.07096159005073169,0.01884685909940468,0.022606017650403716,0.6718685831622176,0.5601642710472279,2.2243243243243245,0.031693854995850854,0.0670213253808698,0.019430880056651542,1.0545748240451682,0.010521254292830842,0.010528755724765108,1,0
2023-07-03,0.007132223024994554,0.03586971989501805,0.0660516185536813,0.022724048435494727,0.022389807041499083,0.708829568788501,0.582340862422998,2.10608020698577,0.03312456517837341,0.06176471128174588,0.019149885416958546,0.5751064816767113,0.010372619730216165,0.010371034402972708,1,0
2023-07-05,-0.009822546172203917,0.014658268672968683,0.027801475884154367,0.022696830154524096,0.021487011284123673,0.6661190965092403,0.5540041067761807,0.3576683644595359,0.012298196633417795,0.02722163534472108,0.018241291706199102,1.0559633321580764,0.008975317034478084,0.01045362907519764,1,0
2023-07-06,-0.014789598522717688,-0.0014912789101170795,0.02200409694104103,0.019251396487353762,0.021426475666252914,0.5954825462012321,0.5178644763860369,0.15951807228915663,-0.0008571937808218258,0.02297724925822956,0.018246240776240392,1.054019941941051,0.009388152473767102,0.010471463058378528,1,0
2023-07-07,0.011851399752664736,0.0008270481983654364,0.014123414667201335,0.02466772123477199,0.020948782487678723,0.6455852156057494,0.5416837782340862,2.525697503671072,-0.002129872055433481,0.015391075743940549,0.017665478143520364,1.043915961482327,0.00873901122784314,0.010498836511713266,1,0
2023-07-10,0.011899881362456,0.006271359445193686,0.014348192721560174,0.023357739059136216,0.020643122702952807,0.6858316221765913,0.5646817248459959,2.8939641109298533,0.001344698149350623,0.015117573743622228,0.01721422674329419,1.014562347843555,0.008753287188161691,0.010590984260170808,1,0
2023-07-11,0.010315884512282531,0.009455020932481661,0.02578182051160949,0.022295832904927565,0.020754762913683843,0.7281314168377824,0.5971252566735112,3.3545454545454545,0.005576028058985897,0.025513575354306085,0.017342964128199113,0.9244340199877153,0.00898810249649847,0.010624862883752828,1,0
2023-07-12,0.009611866654971398,0.028889433759656972,0.041808625996207646,0.02190661400384898,0.020914008716280023,0.7774127310061602,0.6229979466119097,2.710526315789474,0.023274921394715625,0.03885407102862497,0.01748389795974166,1.0197814108932788,0.008987136671838149,0.010623454228539211,1,0
2023-07-13,0.00825962242920292,0.05193865471157759,0.045425382498604734,0.025019709332390977,0.020941671600752616,0.8073921971252567,0.6439425051334702,2.679506933744222,0.04413254119975252,0.042122950855039226,0.01739719297386592,0.9422453162064828,0.00907472771451207,0.0106135208241185,1,0
2023-07-14,-0.011656389021837174,0.028430865937075674,0.02301776521101114,0.026360439384093326,0.021156336436987597,0.7679671457905544,0.609034907597536,0.3411501954215522,0.02555708186969407,0.02421788316088954,0.01765729015325807,0.9104194644126348,0.009328255485687087,0.010625334269877232,1,0
2023-07-17,0.006607291394384844,0.02313827596900452,0.03626703817098488,0.024404595499718042,0.02103671567713416,0.7704312114989733,0.6119096509240246,1.7795823665893271,0.02105338938245812,0.033789542623257764,0.017371074029749106,0.9229203764945072,0.00922622228549144,0.01059576633555306,1,0
2023-07-18,0.009297657368924713,0.0221200488256467,0.03572188050972961,0.022682245654936466,0.021082027648548475,0.7876796714579055,0.6422997946611909,2.385593220338983,0.018868506682951827,0.032708894572345784,0.017535375625494024,0.976255750197474,0.00920298267511461,0.010607535537596803,1,0
2023-07-19,0.0048968876042302725,0.017405069774905572,0.04555308028699415,0.022885620164110873,0.02104841677812069,0.8090349075975359,0.657905544147844,1.6296703296703297,0.013986311933242724,0.04171086208974853,0.017520111691617046,1.0148152650057713,0.009098023984387886,0.010598914278078148,1,0
2023-07-20,-0.00706932356214804,0.002076123783554614,0.04580401541012967,0.02415128901581526,0.02100343258712172,0.7967145790554415,0.6496919917864477,0.6207598371777476,0.002964686398508036,0.04255977539216972,0.017467636552759683,0.9639916502377083,0.009085093021655373,0.010648255704822319,1,0
2023-07-21,-0.0009436170403748982,0.012788895765016886,0.04721619404947391,0.01933589448649298,0.020897942008510393,0.7967145790554415,0.6529774127310062,0.8988047808764941,0.011532700661293232,0.0438470330236584,0.017563564156555658,0.9571916999421715,0.009055008699844531,0.010593427369640198,1,0
2023-07-24,0.0021361029545634794,0.008317707325195522,0.056489112511440606,0.025411208477685087,0.02080792582168521,0.8020533880903491,0.6628336755646818,1.3767395626242545,0.008849606874565697,0.05209914764553738,0.01726245276368406,0.9008144705941094,0.008796873176378138,0.010592069227813028,1,0
2023-07-25,-0.0006034199926887894,-0.0015833700364179793,0.06878650722750758,0.02535832996366083,0.02056068129458117,0.7938398357289528,0.6550308008213552,1.0909886264216972,0.0027835901937377882,0.06663829316454578,0.016992532290610762,0.9322789323553323,0.008087868912349212,0.01059023401222065,1,0
2023-07-26,0.006029085189528241,-0.0004511724511200137,0.07189050480625667,0.026233135291133712,0.020628502922112886,0.7926078028747433,0.6640657084188911,1.5930359085963004,0.002634651162432506,0.06413550631755048,0.01714350443590772,0.9578956052207536,0.0081094784530783,0.010104979578657258,1,0
2023-07-27,-0.01281878741986948,-0.006200636308841452,0.047682812336541744,0.03261776638459335,0.021097572457775444,0.7351129363449692,0.6201232032854209,0.269740328563858,-0.002925553977943689,0.0424092104969683,0.017579382711436945,1.0616608652411654,0.008624745741356733,0.01022100488700262,1,0
2023-07-28,0.014026608675588534,0.008769589407121983,0.060349471951762206,0.028317925910731564,0.02145611902147252,0.7700205338809035,0.6521560574948665,3.112820512820513,0.00645935312170126,0.05084880202679584,0.017933600532642383,0.9362497976551092,0.008992938278510809,0.010240907360331637,1,0
2023-07-31,0.008548069707330687,0.015181556159889191,0.059364469014910666,0.021293146662348293,0.02140485989255174,0.8012320328542094,0.6726899383983573,2.3535211267605636,0.010661122325609847,0.04910978753433381,0.017855762002098215,1.0025421035906894,0.008958973071574537,0.01021806331161112,1,0
2023-08-01,-0.006063878939252073,0.009721097213325907,0.04684501996003084,0.029966090932953937,0.021767781481937407,0.764681724845996,0.6398357289527721,0.5226547543075941,0.006274344505284205,0.03712029553974561,0.01823299454466372,0.911641913626704,0.009120522220703328,0.010260571118259034,1,0
2023-08-02,-0.014700938364832246,-0.01100892634103458,0.025011858570204045,0.029490927111988186,0.022409226792705492,0.686652977412731,0.6123203285420945,0.2767429483767962,-0.011299544599374644,0.021800506165277175,0.018932467790726742,0.9583952451708173,0.009756114105294244,0.010127929436332438,1,0
2023-08-03,-0.0022724192085185973,-0.00046255812968369907,0.03256198553388936,0.03501175233197215,0.022815432575595256,0.6361396303901438,0.5942505133470226,0.784167289021658,-0.003029100399816622,0.025468795896532462,0.01914904741080273,0.9609534619750065,0.009464716605948229,0.010136372885986325,1,0
2023-08-04,-0.0003632889380743598,-0.014852455743346593,0.0469882951185327,0.03743910336201802,0.023093922431272947,0.615605749486653,0.5967145790554415,0.9493877551020408,-0.014510342760189351,0.03695748284830774,0.01919447936417925,0.9046156874963143,0.008713118085874124,0.010027798888748671,1,0
2023-08-07,0.0025639705267272695,-0.020836554923950007,0.03770086589259522,0.05055757748852143,0.023294853192125042,0.6336755646817248,0.6004106776180698,1.8766467065868264,-0.014981748250851799,0.03524394262748864,0.019211073403867636,0.8677973545327987,0.008431907579471007,0.009644289883332213,1,0
2023-08-08,-0.005514199017927112,-0.020286875002625045,0.020286785512212108,0.03338150095542022,0.023564089068111915,0.5921971252566736,0.5856262833675565,0.5009487666034156,-0.015370530784562655,0.020310772671286996,0.019615582769132934,0.908201931304223,0.008242652226369687,0.009679502605704158,1,0
2023-08-09,-0.005651895349177701,-0.0112378319869705,0.00431900565075188,0.03421144527765184,0.023959196001913947,0.5765913757700205,0.5811088295687885,0.6452726017943409,-0.007727377060634114,0.0068508612427910145,0.019785124359279163,0.9093951628277399,0.00807174788768253,0.009705336244788048,1,0
2023-08-10,-0.0013844509513168091,-0.01034986372976871,-0.006677311955536327,0.030565172175718133,0.0240633702855321,0.5585215605749486,0.5691991786447639,0.7888805409466566,-0.006158487555454628,-0.0021345214089388918,0.019749607912698516,0.9174012406137274,0.007782532085771352,0.009710396743187837,0,0
2023-08-11,-0.0006858090752150743,-0.010672383866909425,-0.01562274345995432,0.023045498924715295,0.023886305318399706,0.5416837782340862,0.5663244353182751,1.0255972696245734,-0.005431186084561863,-0.01076440769495334,0.01943166081734288,0.850410722006016,0.007530291710214599,0.009647925889067367,0,0
2023-08-14,-0.002656832712220237,-0.01589318710585693,-0.006623187150337383,0.024183911977099858,0.023687538281736423,0.524435318275154,0.5552361396303901,0.7204610951008645,-0.013523377060797794,-0.003637751691787267,0.019178065470981533,0.9004898664873259,0.007123295305186563,0.009642807902191597,0,0
2023-08-15,-0.014418089160615004,-0.024797077248544824,-0.027648567705337232,0.02461948373624127,0.02382745508095981,0.4492813141683778,0.5125256673511294,0.17927308447937132,-0.020240082631200522,-0.021785845361018928,0.01948662397830239,0.9254346487280197,0.007565509037552718,0.009751522195448217,0,0
2023-08-16,-0.010782377091890921,-0.029927558991258048,-0.047728602166152864,0.021440997081576072,0.023710485301550403,0.39753593429158113,0.4817248459958932,0.2697822623473181,-0.025172466742514738,-0.036875576311394105,0.01909001340648729,0.9529719003034005,0.007424542772120944,0.009650639534115378,0,0
2023-08-17,-0.008207334428449651,-0.03675044246839088,-0.060832824198832784,0.022825435371714126,0.023697393359747857,0.3531827515400411,0.45462012320328543,0.43337334933973587,-0.03178546223672298,-0.05054550788052282,0.019036625194328333,1.0137156581830429,0.007342050326179195,0.00943466508705255,0,0
2023-08-18,0.0028487752511273797,-0.03321585814204843,-0.050914725385557365,0.018811845915340245,0.023506393170041443,0.35852156057494866,0.46776180698151953,1.5419354838709678,-0.028765897394962766,-0.04533173112265623,0.018876436841614042,1.0061641149352103,0.007379131187814233,0.00942345728300093,0,0
2023-08-21,-0.001158509489918717,-0.03171753491974691,-0.051129617835101185,0.02454265154871013,0.02354515453896919,0.35482546201232035,0.4624229979466119,0.8183890577507599,-0.027795842411236685,-0.044925047890425285,0.018896115254545112,0.900897088693259,0.007377123612118172,0.009413866655274683,0,0
2023-08-22,-0.0032077914924155504,-0.020507237251547454,-0.05647351228208022,0.02282101966291424,0.023519825687149463,0.32361396303901435,0.45544147843942506,0.6935714285714286,-0.017271652511608816,-0.05264329103210115,0.018809747348414514,0.8846862428093383,0.0073033696072755385,0.009356918517654652,0,0
2023-08-23,0.010605332352358832,0.0008804721927022938,-0.04526475993703259,0.022442317260016012,0.023617566002948426,0.37166324435318276,0.48008213552361395,3.662135922330097,0.0,-0.04467582773885642,0.018691023432249012,0.9004241896889227,0.007852375198574917,0.009410829960977241,0,0
2023-08-24,-0.012231432612970326,-0.0031436259918183806,-0.06352527773953115,0.021001192240011596,0.023318074638523076,0.3182751540041068,0.4574948665297741,0.2632135306553911,-0.00114365444205863,-0.05839253950918389,0.018208956020406095,0.9288137111128473,0.00791156049797929,0.009375474253219435,0,0
2023-08-25,0.002385294479331304,-0.0036071067636144582,-0.04832119584033037,0.019582675130822614,0.02271420544041368,0.33675564681724846,0.4673511293634497,1.6337402885682575,-0.00046094624383388624,-0.04407941994162994,0.017587780758629563,0.9009986973512764,0.007662249644098854,0.009296625800030378,0,0
2023-08-28,0.008614614128402809,0.006166016854707069,-0.053733190387516096,0.02238355840232146,0.022247631686964763,0.37700205338809034,0.4833675564681725,3.578034682080925,0.007111738771803846,-0.04646317767634902,0.01715503469315895,0.8774653590678928,0.007160189840575259,0.009272961942875474,0,0
2023-08-29,0.013617977224456786,0.02299178557157941,-0.04866328287038999,0.0223730229438706,0.022412286798802764,0.4492813141683778,0.5219712525667352,5.676880222841226,0.021455906687240435,-0.038465816311949404,0.01736559254570478,0.9839348393483713,0.007623867661283821,0.009393506340204976,0,0
2023-08-30,0.0034196196230552316,0.01580607284227581,-0.03917978430808269,0.020304372383182973,0.02212079923347031,0.46078028747433264,0.5240246406570842,1.5606060606060606,0.015333768575747472,-0.031206738871631466,0.017022233862259917,0.9703597039563739,0.007671570366409571,0.009310008599519682,0,0
2023-08-31,-0.0030436172266052773,0.02499388822864086,-0.027522463169855717,0.022944916250525967,0.02161139628965287,0.44353182751540043,0.5174537987679672,0.688339222614841,0.021508773850838277,-0.022236237651553806,0.01643798382617475,1.171907466408049,0.007096594164550915,0.009221486493906115,0,0
2023-09-01,0.008622611332423901,0.03123120508173346,-0.016627432628913218,0.02184844002105261,0.021098927741391098,0.48747433264887063,0.5388090349075976,2.7140625,0.028247306959001444,-0.01282955254769955,0.016114461730181155,0.9420718396507224,0.007413919214834035,0.00858746811058758,0,0
2023-09-05,-0.017985368633834833,0.004631222319495814,-0.034249512324673693,0.026046233344446217,0.02123141435821323,0.3737166324435318,0.4891170431211499,0.20843797086891008,0.0018636177648526425,-0.026953017142571596,0.01681011591553165,1.0790922368273026,0.00830654034629703,0.008822608366863703,0,0
2023-09-06,-0.004972991409997213,-0.013959746314958185,-0.04178647426139818,0.021154224911320994,0.020781190152258322,0.34168377823408624,0.4784394250513347,0.5728411338167436,-0.015288028110842218,-0.03524387571693937,0.016583763813895435,0.9390248468133373,0.00827900781903047,0.008499447801153862,0,0
2023-09-07,-0.009457573162658436,-0.026836939100671857,-0.0457298484061295,0.025419501668866168,0.020536860813163485,0.313347022587269,0.4542094455852156,0.45112325440194295,-0.023828584092365122,-0.03767973381811068,0.01666602003969768,1.0033736294630025,0.008406678648551037,0.008454528347061207,0,0
2023-09-08,-0.0009051268607461164,-0.024698448734812698,-0.040983079917697916,0.020669163972841176,0.020094542497223977,0.3186858316221766,0.4537987679671458,0.9636963696369637,-0.021785098166514482,-0.03452968129626059,0.016418155653891185,0.8836824696802158,0.00837233702925814,0.00845418883369354,0,0
2023-09-11,0.003491468812837095,-0.029829591254399504,-0.03610716015354401,0.027168674716197407,0.019927877568490463,0.32854209445585214,0.45831622176591374,1.296046287367406,-0.02630870917647869,-0.030536980199676867,0.016392926303783886,0.9210159084565362,0.008456043760746051,0.008428301673206812,0,0
2023-09-12,-0.0010126351432787103,-0.01285685776384338,-0.03643398622160765,0.02257271134521509,0.019983590402078522,0.32320328542094456,0.4587268993839836,0.8623924941360438,-0.010657553482315719,-0.030681914849348485,0.01649341629113661,0.9290355357095047,0.008454346956032819,0.008407979133824385,0,0
2023-09-13,-0.00601875074858987,-0.013902617102436036,-0.03979590425797728,0.021767521065451538,0.020020227245114236,0.29527720739219715,0.44229979466119096,0.5261146496815287,-0.011117933295423718,-0.03339953804976824,0.016632364451490956,0.9992020569199341,0.008504359189950185,0.008323768011956703,0,0
2023-09-14,0.013609310136843612,0.00916426619706601,-0.011768504960518658,0.020209568603198558,0.020023480099152998,0.3564681724845996,0.46940451745379874,4.813106796116505,0.008155564277759984,-0.007673502418465003,0.016669620500782245,1.0326659641727454,0.008638965086072379,0.008467498941830956,0,0
2023-09-15,-0.008804439716112087,0.001264953341700044,-0.009790567584739826,0.02433712449980094,0.02004171016761391,0.324435318275154,0.4574948665297741,0.3718390804597701,0.0016274356890934414,-0.006013797151493251,0.01654211814353162,1.6935327504759181,0.008532067314397774,0.008441986479589287,0,0
2023-09-18,-0.006225622329713012,-0.008452137800850065,-0.007808855486003187,0.024352970500702793,0.01996336759431815,0.3026694045174538,0.4480492813141684,0.6305995864920745,-0.003713505576645235,-0.002219807488164339,0.016521689216145125,0.743566385789102,0.008452757825556422,0.008454864343401449,0,0
2023-09-19,-0.0029850941825420884,-0.010424596840113444,-0.013642724919672658,0.019114517175715405,0.019980897988608488,0.28829568788501025,0.4353182751540041,0.6692415730337079,-0.005792606777958484,-0.007941267958766516,0.016541616016880433,0.7297548867514625,0.0084374707230125,0.00841490341291629,0,0
2023-09-20,-0.005938768838805019,-0.010344614930328597,-0.018422984268558963,0.01873421410234986,0.01990548754841698,0.26652977412731005,0.4308008213552361,0.5006321112515802,-0.004961445329729963,-0.009908742606722601,0.01658497646507158,0.7094117068855353,0.008516002327735498,0.00844110476838432,0,0
2023-09-21,-0.016985136088062767,-0.040939061155234976,-0.03220032886420617,0.02294903963883658,0.020284263281661385,0.19917864476386038,0.3860369609856263,0.16553398058252428,-0.03555635366675133,-0.024206097144329992,0.01698978246994366,0.8347096408254439,0.009207167587939588,0.00865715936365564,0,0
2023-09-22,-0.0022676562812531105,-0.034402277720376004,-0.04507331749781812,0.017513484752492342,0.019939873718224838,0.2,0.38151950718685834,0.7291817523533671,-0.02919728664527623,-0.03623519627239809,0.01665011371622064,0.9395791374400978,0.008777070089611257,0.008514179998074564,0,0
2023-09-25,0.0018817600068596822,-0.026294895383803304,-0.03096012487798811,0.01925959010642582,0.019809606340622447,0.21190965092402464,0.3885010266940452,1.2462264150943396,-0.02329980110866136,-0.026377150173088112,0.016604798899302588,0.9050096928884346,0.008502267507672563,0.008508735519548134,0,0
2023-09-26,-0.013588186641078292,-0.036897987842339504,-0.04693360599839771,0.024314464530176386,0.020163003769857316,0.16468172484599589,0.3544147843942505,0.16158684083212385,-0.03540198681898859,-0.04242075244654506,0.016834899217291775,1.0371759469150488,0.008847234036413486,0.008534394490868605,0,0
2023-09-27,0.004549483101198254,-0.026409735902336234,-0.050998737025602266,0.021369670356323187,0.02014046885342426,0.19383983572895278,0.3655030800821355,1.4190283400809716,-0.027410404459195355,-0.05101336736888809,0.01687826412383622,1.0270795123529861,0.008640022300977076,0.008556575380627453,0,0
2023-09-28,0.007498316184631349,-0.0019262836296421151,-0.0571183980654277,0.022553282638229127,0.02001547408742327,0.22094455852156059,0.38193018480492813,2.8038277511961724,-0.0027998200478768632,-0.05447721352850238,0.016960342828265095,1.026027560597535,0.008161704699492636,0.008521075909216526,0,0
2023-09-29,-0.0020809082884344246,-0.0017395356368234312,-0.06261892597691736,0.021524581001804557,0.02004680854731665,0.20164271047227927,0.37207392197125255,0.7135642135642135,-0.0018521430755761626,-0.057922620237692284,0.01687275015200606,1.0412052307122592,0.008042207618542014,0.008472594929099206,0,0
2023-10-02,-0.01637981125007332,-0.02000110689375643,-0.0759551200003854,0.02426393450020779,0.020356587113709433,0.16139630390143736,0.3445585215605749,0.22595419847328244,-0.01839099095403257,-0.0689258724224691,0.017130116113567878,1.0115547934019065,0.008557377752810345,0.008630682499819436,0,0
2023-10-03,-0.01731102125330058,-0.023723941505978723,-0.10188875258610988,0.024748664575234898,0.020438285544545975,0.11786447638603696,0.31129363449691994,0.2013993003498251,-0.020097322827633424,-0.09039230835070343,0.017194444358190765,0.9801820220272871,0.008574003465072061,0.008800608031412966,0,0
2023-10-04,0.0011653088940830596,-0.027108115713093912,-0.082738075058192,0.024608939726955503,0.020136308483742406,0.12484599589322382,0.3117043121149897,1.6775280898876404,-0.018543484221801236,-0.06782418771836062,0.016675347060216974,0.9288484858909596,0.008113332263219098,0.008636069183734841,0,0
2023-10-05,-3.0574725797520225e-05,-0.03463700662352279,-0.0777956583739923,0.02277594594341448,0.02028178223289417,0.13182751540041068,0.31006160164271046,1.0437392795883362,-0.027038540631389007,-0.0632827954597801,0.01687260351443308,0.9129960750108977,0.008153452101551788,0.008476690052557908,0,0
2023-10-06,0.008911004981401608,-0.023645093353686756,-0.05942708022993226,0.01971749882904646,0.020255537231548288,0.16960985626283367,0.32566735112936346,2.675925925925926,-0.01762428001087409,-0.048767001256786735,0.01684764575845909,0.94009336099581,0.008483996335150512,0.00840972242250238,0,0
2023-10-09,0.004371817259055733,-0.002893464844557702,-0.054150136110130406,0.023050791224710807,0.020434092919403738,0.20944558521560575,0.3412731006160164,1.748564867967853,0.0025326226737101385,-0.04140714525023367,0.017030578515838994,0.8015805814281456,0.00862089739388957,0.008309508915528547,0,0
2023-10-10,0.012137013608643558,0.026554570017386436,-0.04550459131432394,0.024194582122396134,0.02061538205688398,0.24681724845995892,0.3626283367556468,3.5454545454545454,0.026573908424898447,-0.03283671179222291,0.017110737137208773,0.9439813917425399,0.009117404502240979,0.008369558958479063,0,0
2023-10-11,-0.0005080610682269049,0.024881200055076474,-0.04500001723927214,0.0232523353015327,0.020666622850031527,0.2780287474332649,0.3679671457905544,1.3316977428851815,0.02552168847075653,-0.031849836097526396,0.01716632877952176,0.8922931143397906,0.009121262461925708,0.008278725483184217,0,0
2023-10-12,-0.019600658429983618,0.0053111163508903735,-0.0585819249206659,0.024304015537987333,0.02106488133088201,0.2295687885010267,0.3314168377823409,0.1362773029439696,0.009307001274933885,-0.04549059020478852,0.017637029106209724,0.997842268127455,0.009861330106660845,0.008493021185198379,0,0
2023-10-13,-0.005149843967344886,-0.008749732597856122,-0.07734107902485439,0.028417696267353063,0.021007148651539548,0.21560574948665298,0.3227926078028747,0.5966442953020135,-0.006468744207319327,-0.06372258068888048,0.017459384218088837,0.9883589977421153,0.00912360982513918,0.008437270408773784,0,0
2023-10-16,0.014150716019644528,0.001029166162732677,-0.054385923289097776,0.03231502051668275,0.021463780148922102,0.2718685831622177,0.34291581108829566,5.183462532299742,0.0029870159585035296,-0.043814057823053185,0.017812372505839034,0.9789790886531822,0.009827311091609342,0.008561954342527446,0,0
2023-10-17,0.00898328504506511,-0.002124562400845771,-0.03917701591431965,0.023059566645911918,0.021593307367566216,0.3219712525667351,0.3618069815195072,2.3403361344537816,-0.0006076801830923595,-0.034077096268386634,0.017914829681738458,1.0493199440701497,0.010102532689447753,0.008628543965147492,0,0
2023-10-18,-0.02096866319867776,-0.022585164531296626,-0.05716058493045532,0.022321172636745844,0.022142726979904697,0.24517453798767966,0.32238193018480493,0.14129919393077287,-0.02148876370355251,-0.05074129417191264,0.018698287106635018,0.9348826235696038,0.010930456702871908,0.008939832833595734,0,0
2023-10-19,-0.014709775226823962,-0.017694281328136968,-0.06593159131847426,0.021507782577502868,0.022400343716092744,0.20369609856262832,0.2944558521560575,0.1834407535944472,-0.018376965436835216,-0.05682801261835734,0.019113376660839065,1.0234077299944866,0.01122317836038405,0.009082385990858933,0,0
2023-10-20,-0.011345493700985424,-0.023889931061777503,-0.060291948931396916,0.020518278688937543,0.02223635219179176,0.16550308008213552,0.26858316221765915,0.24986904138292299,-0.022231904315823326,-0.05143769640915414,0.018830862324926638,1.0284553275571644,0.010939190821557483,0.009138407431611924,0,0
2023-10-23,-0.009869469751441163,-0.04791011683286319,-0.06789376240158497,0.02081491373487377,0.02237194414005912,0.14209445585215605,0.2546201232032854,0.32981676846196556,-0.04413346960585737,-0.05890466406882319,0.018967885955571865,0.9566922787598474,0.011043504869071885,0.009184058810396363,0,0
2023-10-24,0.008711144533786972,-0.04818225734414134,-0.061064377874657676,0.027476151040402453,0.022780240106183743,0.1704312114989733,0.2673511293634497,2.200534759358289,-0.04417945969724485,-0.05420430747968909,0.019348316337979753,0.9330484330483915,0.011299250715427915,0.009230386918035014,0,0
2023-10-25,-0.015800117595439766,-0.04301371174090334,-0.06327630882901916,0.0287186750099186,0.023077225466427844,0.14989733059548255,0.23655030800821356,0.28647781934794225,-0.03886846439470936,-0.05197615945011441,0.01959143481381015,0.9509537461062031,0.011413521420354136,0.009291742686698261,0,0
2023-10-26,0.0006844307645104971,-0.02761950574956889,-0.06714136116570692,0.029673191009405943,0.023416967398935142,0.15236139630390144,0.24188911704312116,1.0991228070175438,-0.024147383490238844,-0.054355260738899444,0.02018936412417239,0.9868773433315389,0.011316219966417141,0.009057710443537419,0,0
2023-10-27,-0.011288284988585117,-0.02756229703716858,-0.08592796233892337,0.027429683334789512,0.023549159924168114,0.1273100616016427,0.2246406570841889,0.3184573002754821,-0.024113845616969522,-0.07136494412350072,0.020149880415722625,0.954626504132504,0.011170052581762398,0.009004021053196348,0,0
2023-10-30,0.00850207781896431,-0.00919074946676311,-0.07534497623152465,0.026620756643244058,0.02385621357903698,0.14989733059548255,0.23942505133470227,2.7904761904761903,-0.006999532413071979,-0.06018469318540648,0.0204200476864643,0.9294946032334059,0.011499196528903322,0.009111570255138228,0,0
2023-10-31,0.007994720935091645,-0.009907173065458436,-0.050970444046359684,0.03005265172322963,0.023964214842277006,0.1811088295687885,0.25585215605749484,2.7672955974842766,-0.0049308592707168804,-0.039111158961709615,0.020508196679539993,0.9766203018643846,0.011372908733819501,0.00908254048888303,0,0
2023-11-01,0.004359150074715174,0.010252094604696508,-0.02930027271834393,0.032930987422324295,0.02409983415100201,0.21683778234086243,0.2681724845995893,1.6625835189309577,0.012455128735592666,-0.018143132690019007,0.020506443801309972,1.013085371741227,0.010929373686664804,0.00912298864758894,0,0
2023-11-02,0.026011969975878166,0.035579633816064174,-0.004453611636548824,0.03754038814669495,0.02539681030794079,0.3630390143737166,0.3268993839835729,6.901639344262295,0.035777244692385635,0.00606679779265877,0.021530603675950596,1.065050266114704,0.012458381818304215,0.009795826791748346,0,0
2023-11-03,0.024283333779660785,0.07115125258431008,0.01986029686890948,0.0339523387991297,0.026321046252457174,0.49117043121149895,0.38028747433264887,5.92816091954023,0.06530841584160015,0.026752905621365917,0.02250519155050779,1.0248130978857817,0.013557409368102702,0.010324385872164785,0,1
2023-11-06,-0.010775962244705353,0.051873212520640415,0.0001733296428025188,0.026858533578462556,0.026519560210615335,0.43901437371663243,0.3568788501026694,0.36290784201488263,0.04965242456543452,0.009708833450058348,0.022522382070258484,0.8384261684418773,0.013659361889570539,0.01037784587366683,0,1
2023-11-07,-0.0027184932144163104,0.04115999837113246,-0.006916980830669525,0.03993060906392754,0.026888042612877132,0.43367556468172486,0.34989733059548256,0.7114142139267767,0.039938720373224774,0.0024346277871481682,0.02263035554693078,0.830017236609699,0.013633715339229045,0.010366250020191349,0,1
2023-11-08,-0.007765277251000073,0.029035571045417215,-0.026819271690313156,0.028905819962679453,0.026993792509090453,0.4057494866529774,0.32936344969199177,0.5044191919191919,0.028822496437290755,-0.013391447055557691,0.022868894380979637,0.8381917710674424,0.013413768140884012,0.010395044813470948,0,1
2023-11-09,-0.014909988063939776,-0.01188638699440073,-0.04122119868602603,0.037650774825804936,0.027522367218739803,0.35728952772073924,0.313347022587269,0.3121606948968513,-0.007292061728729083,-0.02683458804338749,0.023139621005994388,0.9188405797101005,0.013736758290645995,0.010525846784425216,0,1
2023-11-10,0.00743682679803816,-0.02873289397602335,-0.014183713458004248,0.034265384554021706,0.027490722056608463,0.41190965092402465,0.3371663244353183,3.1597222222222223,-0.019424612480116277,-0.0011285340279051158,0.022914397065502863,0.9183683405879616,0.013259760431583705,0.010591481089790574,0,1
2023-11-13,-0.00218857779811192,-0.020145509529429922,-0.011222447288771283,0.04788255054024318,0.027480811675571547,0.4106776180698152,0.34209445585215603,0.8381099922540666,-0.012739117894192943,0.003003100056226435,0.022711855489670852,0.8703245569340503,0.013225499054159835,0.01046758634240827,0,1
2023-11-14,0.04201832028790333,0.02459130397288973,0.016645156979487527,0.036747916073200514,0.02922725145414534,0.6246406570841889,0.43121149897330596,16.431654676258994,0.028703897328061542,0.02600697368782059,0.024718546936017532,1.1739151898109224,0.01590027812458566,0.011754592349578688,1,1
2023-11-15,0.006248179767548836,0.038604760991438634,0.013910051701971248,0.027197089219916204,0.029264505417959514,0.6529774127310062,0.44599589322381933,1.4562306900102986,0.038386265321702896,0.025119967025700185,0.024739106560251627,1.0328764189333766,0.01584092300711731,0.011747849696420279,1,1
2023-11-16,-0.011100888911266175,0.042413860144112234,0.02377782598938283,0.02518033090507397,0.028992486786706732,0.6032854209445585,0.4184804928131417,0.40621336459554513,0.041073845807317634,0.03486862658444359,0.024425265706893854,0.9209523251040738,0.015304464094690402,0.011814507360303279,1,1
2023-11-17,0.011870052534227122,0.0468470858803012,0.05035765375043391,0.024267062483175936,0.028836985813918747,0.6537987679671458,0.4468172484599589,3.2137809187279154,0.03896396401150079,0.05582246053829347,0.024156963226624084,0.9161103514839294,0.015025344183609316,0.011920727315392522,1,1
2023-11-20,0.007175382306799993,0.05621104598521311,0.06887852975821933,0.025281535612540294,0.028714773481596977,0.684599589322382,0.46324435318275153,1.9763387297633872,0.04660483803012262,0.07167080874187712,0.023760840639475738,0.8295623712204074,0.014718738581692424,0.011954971292934054,1,1
2023-11-21,-0.008774878533227537,0.005417847164082233,0.06997312097643295,0.02284112763504163,0.02875546434718584,0.6501026694045174,0.4492813141683778,0.43257756563245825,0.002643212685073544,0.07355878227337967,0.02393789128469998,0.8283135772961627,0.014671707381713237,0.011917159213578355,1,1
2023-11-22,0.004734065936540789,0.003903733333074185,0.06599604237918677,0.01809307888321747,0.028419783852376354,0.6751540041067762,0.4595482546201232,2.4426705370101596,0.00281036835921187,0.07069196318881067,0.02370599317511862,0.7919986989754303,0.014624393610747447,0.011843433681598235,1,1
2023-11-24,0.0072127007545149495,0.022217322998855312,0.08900886072914149,0.01788410481004755,0.027659328600700136,0.7030800821355236,0.47885010266940453,3.284684684684685,0.015748342185240974,0.08944124213475728,0.022872177816110333,0.45560747663549084,0.013982087140926915,0.011877398930782719,1,1
2023-11-27,-0.0033354749531545867,0.007011795511473605,0.08498895501147641,0.021095649331690405,0.02725932836685388,0.6870636550308008,0.46406570841889117,0.5708635464733026,0.005253672582147255,0.08590184344804153,0.022523020593986913,1.137926061247028,0.014060475696315229,0.011827459581408364,1,1
2023-11-28,-0.0010870976978230621,-0.0012506844931494527,0.09519014230223846,0.022419874098773926,0.026840601854081277,0.6870636550308008,0.4702258726899384,0.7446808510638298,-0.0027180900570383825,0.095972757344513,0.021947102526760194,1.1509544807617642,0.013675105467780571,0.01168810385287308,1,1
2023-11-29,0.005478850807608107,0.013003044847686189,0.09216691529088225,0.02143983760603422,0.0266959953786758,0.7039014373716632,0.4895277207392197,1.6282894736842106,0.008952552275828132,0.08935378035855784,0.021938840853453295,1.229863940144313,0.013647115427630483,0.011702849818319283,1,1
2023-11-30,0.0030835042137432795,0.011352483124888683,0.08725569856953388,0.023762841190002937,0.02650511723259531,0.7149897330595483,0.502258726899384,1.6323366555924697,0.007724099493980855,0.08784128871885877,0.021667422071175522,1.3450388360134915,0.013624295829146238,0.011708744710864385,1,1
2023-12-01,0.023630252144699892,0.027770034515073625,0.10652680063951861,0.026933707387458348,0.02650412001789249,0.7938398357289528,0.5642710472279261,8.273076923076923,0.02094967032198418,0.1013114666401943,0.021914596630701205,1.029600149527936,0.01427232756397401,0.012047778489229463,1,1
2023-12-04,0.00590593317957659,0.0370114426478048,0.08642076384321704,0.03408464687238088,0.025604888366836553,0.8004106776180698,0.5794661190965092,1.4953076120959332,0.02851597438734272,0.0814526810323554,0.020896821992937464,0.9799192833939866,0.0134480072792776,0.011859586718967323,1,1
2023-12-05,-0.012869206448856474,0.025229333896771396,0.04926822361469977,0.02669079757503693,0.02511101540043479,0.7593429158110883,0.5474332648870637,0.2586568730325289,0.02201808228958685,0.05080088404642399,0.020325504127140306,0.8535182269589181,0.01310147103270276,0.011954207194474969,1,0
2023-12-06,-0.0002681735560980492,0.019482309533065238,0.05977601230330708,0.025174975142111283,0.024940490554034515,0.7519507186858316,0.5433264887063655,0.973421926910299,0.016529578391624902,0.056786693147663,0.02021477123963652,0.8877529730856575,0.012771763499617885,0.011894566789737469,1,0
2023-12-07,0.006862809927293746,0.02326161524661571,0.06935731544501714,0.022359539915571797,0.02445332182657556,0.7675564681724846,0.5593429158110883,2.3072625698324023,0.01742202417742804,0.06588252167901619,0.01975758789588012,0.8924606111874329,0.01273410657443283,0.011925167821322401,1,0
2023-12-08,0.005017156046294326,0.004648519148210142,0.08213974874231153,0.02530427851521911,0.02416763294630849,0.7811088295687885,0.5667351129363449,1.6305309734513274,0.0022482301507402783,0.07420185960914763,0.019516252471812285,0.8861669819149024,0.012481601239523804,0.011933647152099183,1,0
2023-12-11,-0.0009290684055706563,-0.0021864824369371046,0.09612066840068065,0.029994921119858676,0.023471133611008645,0.7802874743326489,0.5774127310061602,1.2535344015080112,0.0019708630972131965,0.08757995513755021,0.019038432681188454,0.9801909520834974,0.011780671672726357,0.01193351982549982,1,0
2023-12-12,-0.0023715975163850402,0.008311126495534327,0.08631224408625746,0.02562411894175325,0.023266731407970052,0.762217659137577,0.5704312114989734,0.8785488958990536,0.011790957912999629,0.07724591822862961,0.018868800859627912,0.9514018691588488,0.011855823730806426,0.01191190330889532,1,0
2023-12-13,0.029346991976883556,0.037926292028515926,0.11784781386125293,0.029117250653967423,0.023809312307467818,0.8336755646817249,0.6410677618069816,10.872549019607844,0.03578326049078376,0.10336979898151492,0.01976718468401795,1.2541631494129288,0.012963566829865169,0.012354133808785948,1,1
2023-12-14,0.02108425475678303,0.05214773685800521,0.09691374833013262,0.03379946407096179,0.022702537747664665,0.8525667351129363,0.6858316221765913,3.358695652173913,0.04800926295963443,0.085655453980998,0.01864146579865298,1.3260980949275392,0.010616438021603922,0.012564535334809699,1,0
2023-12-15,-0.00796536994419039,0.03916521086752049,0.0827001986183934,0.023271155118714592,0.022853318315281836,0.8316221765913757,0.6628336755646818,0.4189746611667649,0.03609795403619843,0.07386554507824582,0.018926431495588227,1.567204942592736,0.010954797179510966,0.012582435797828537,1,0
2023-12-18,-0.0010046509106179302,0.03908962836247321,0.09279643661904163,0.02220462747647568,0.022529108724311527,0.8344969199178645,0.6657084188911704,1.0245762711864406,0.03474059432253922,0.07954507532244576,0.018490650573972905,0.6936228902984921,0.010472719627950095,0.012575015038861234,1,0
2023-12-19,0.016589391472354775,0.05805061735121304,0.0975157755571693,0.029609024285838635,0.02259459662383867,0.8694045174537988,0.6997946611909651,6.207207207207207,0.04978199399605382,0.08450715416447654,0.018493142820756384,0.6927828986075588,0.010689008246621222,0.012695893314378145,1,0
2023-12-20,-0.0179358056478537,0.010767819726475782,0.0724045876025156,0.023645876570355894,0.023095380474082022,0.8291581108829569,0.6648870636550308,0.12360074626865672,0.008604598985439825,0.06372810190557955,0.019051451183147217,0.7344522508456839,0.011744127845119315,0.01271852266942143,1,0
2023-12-21,0.01647987084205248,0.006163435811745238,0.09765933697779562,0.020971994794952882,0.022978580386883263,0.8620123203285421,0.6899383983572895,9.05857740585774,0.00313945737218508,0.08527876121576074,0.018913293332016044,0.6523048233260101,0.011722965369659097,0.012852659504702733,1,0
2023-12-22,0.006008327558910782,0.02013713331484641,0.09893359860016562,0.0191454716242521,0.022988323989553302,0.8731006160164271,0.7014373716632444,2.4919236417033774,0.01510585143078256,0.08541761266738082,0.01889935161989906,0.7661328088414259,0.011726717088854725,0.012864715306606095,1,0
2023-12-26,0.009767061259762731,0.030908845485227078,0.1014879591054134,0.020780284073012308,0.02302932289250589,0.8845995893223819,0.7199178644763861,4.016771488469602,0.02340460150151963,0.0884533284750079,0.01884210915903838,0.7041808765946475,0.011767140237814559,0.012754597373234247,1,0
2023-12-27,0.002596161023545235,0.01691561503641753,0.10741959508211321,0.0232028476957897,0.022853009186838406,0.8817248459958932,0.7203285420944558,1.2996146435452793,0.011049836186584935,0.09151733264558734,0.01875517415509553,0.8408592526292199,0.011631677990841251,0.01275072130950131,1,0
2023-12-28,-0.0004274352745810782,0.03442398540969016,0.10807925750535521,0.020105845355602937,0.022712303574189942,0.8780287474332649,0.7190965092402464,0.935720097640358,0.02644257626993924,0.09495065021355584,0.018493173393943584,0.8944553276484554,0.011614969264364273,0.012734569978006626,1,0
2023-12-29,-0.010039142459728164,0.007904972107909506,0.09256126423801893,0.019607434174934858,0.022828518067204845,0.8722792607802875,0.7006160164271047,0.24217118997912318,0.0052179826651859995,0.08042247985683824,0.018524258158023058,1.0579221144382778,0.012077211023926546,0.012813544511070647,1,0
2024-01-02,-0.0043493229730087795,-0.002452678424010056,0.08512843705126688,0.02712804293950471,0.02307579296903423,0.8640657084188912,0.7092402464065708,0.7201438848920864,-0.0031240977643980533,0.06962472469541095,0.018651609163535345,1.2368021820177202,0.012225958786561469,0.012627501100372245,1,0
2024-01-03,-0.019034101094860926,-0.03125384077863372,0.042464083811706056,0.02573219990922143,0.023309659440619513,0.8229979466119096,0.6714579055441479,0.24792099792099792,-0.029517190148146893,0.03674448441038144,0.019232618913782588,1.2082056520258562,0.012354373911747369,0.012671631050036708,1,0
2024-01-04,-0.0006355256394350952,-0.034485527441614046,0.03592262499269437,0.027296502274820375,0.0231219425493576,0.8032854209445586,0.6689938398357289,0.9677685950413223,-0.030869233504845384,0.0320527338888879,0.01916340580224388,1.0422974584823816,0.012334002284778274,0.012675345373730421,1,0
2024-01-05,0.00012225604238733594,-0.03393583612464563,0.04891408748393818,0.023033253243088202,0.02279887849800437,0.7897330595482546,0.6702258726899384,1.070619006102877,-0.031071677616277403,0.043206503943740995,0.018780788214126848,0.9498761067934031,0.011883743611478828,0.012674990136873508,1,0
2024-01-08,0.013615407861577014,-0.01028128580334045,0.06279766890161324,0.028003813526729808,0.02296823319041727,0.82217659137577,0.6965092402464066,3.678988326848249,-0.010184186282693759,0.05430359444462202,0.01873951385816735,0.8992289819706362,0.012115938790594484,0.012730852840925469,1,0
2024-01-09,-0.009222820033347137,-0.01515478286367881,0.04671203894097237,0.023754026318667375,0.023154955508212584,0.7848049281314169,0.6702258726899384,0.3080283997815401,-0.013888984485674442,0.039339377657863245,0.018969216726273226,0.8805044854521231,0.012364797231178936,0.01280411650945975,1,0
2024-01-10,0.0008097165646634336,0.00468903479584555,0.042504599459341465,0.022189121539293147,0.02309267265525304,0.7774127310061602,0.6792607802874744,1.233863423760524,0.005299766597979903,0.037380490796780214,0.019020893041547728,0.8901966626936165,0.012351362133675598,0.01273500226281265,1,0
2024-01-11,-0.006384334944473472,-0.0010597745091928277,0.03704933292043865,0.02138472026068958,0.022959111537096292,0.7457905544147844,0.6681724845995893,0.5507152145643693,0.000366062010123506,0.031656475736025154,0.019022080864390722,0.9890979426762575,0.012473342748549473,0.012771806231993586,1,0
2024-01-12,-0.0009928210119396648,-0.002174851563519828,0.03842810942488403,0.02144801502182585,0.022850882704321087,0.7330595482546202,0.6628336755646818,0.9154589371980676,-0.0008304604384700518,0.032178873195061276,0.0189514760095358,0.8745145631067749,0.01245409823405568,0.012488941885259994,1,0
2024-01-16,-0.011877596357176954,-0.027667855782273796,-0.0027964789091764752,0.02496387931018145,0.021937136555763306,0.6636550308008213,0.6324435318275154,0.29908058409951327,-0.02257152912509743,-0.0014262674693812532,0.018060459436262128,1.0747621812335073,0.011072195354359597,0.012577385027811933,0,0
2024-01-17,-0.009016348434443131,-0.027461384183369793,-0.03289708210040264,0.020761997837438203,0.020677180155464887,0.5958932238193019,0.6041067761806982,0.3353726362625139,-0.0218221818801395,-0.03010186598692148,0.016367679515296576,0.9928931918837679,0.010093208468380783,0.012544573970902959,0,0
2024-01-18,0.0036183381845299144,-0.024652762563503308,-0.021313373971682332,0.02278757060296742,0.02059532353306047,0.6184804928131417,0.6098562628336756,1.7686046511627906,-0.018602308275040877,-0.016036799272398466,0.016452944176810435,0.9475835364978865,0.010042422923010077,0.012509600773128772,0,0
2024-01-19,0.007132099446316183,-0.011136328172713652,-0.013176623614748218,0.021087520827607124,0.020695114351540426,0.6451745379876797,0.6283367556468172,2.3441011235955056,-0.006134755864578242,-0.009894045601910463,0.016637298687703177,1.003142241221802,0.010198593837429843,0.01220382233187612,0,0
2024-01-22,0.012514883650790242,0.0023713764900162512,-0.01725113143631275,0.023267477996760006,0.02059234545011923,0.6940451745379876,0.6525667351129364,3.5896946564885495,0.005152127704427859,-0.010679331442755999,0.016719489479230958,0.9998130219802998,0.009888723396636623,0.0120970400125561,0,0
2024-01-23,0.0008418469804198492,0.015090819827613055,0.0015265211919607993,0.021855716297407613,0.020278972218813467,0.6862422997946612,0.6546201232032854,0.9186795491143317,0.01459281844635409,0.0017948798720204486,0.016557474762024807,0.907482305358891,0.009079683714254945,0.011975830828082215,1,0
2024-01-24,-0.0050966801929421554,0.01901048806911403,-0.02005002984303384,0.023981045370636233,0.02015044490039922,0.6447638603696099,0.6394250513347023,0.5311496467565832,0.01838844757140041,-0.01688658801662934,0.016411344386683503,0.9493792589565725,0.008319167821822258,0.011912749011811156,0,0
2024-01-25,0.008172912595205981,0.023565062479790098,-0.017885444806738645,0.024075927615556738,0.020468817535182777,0.6767967145790554,0.653388090349076,2.696124031007752,0.019992573645227538,-0.012346785300872637,0.016770294249679504,0.9490634242523512,0.00842252272886862,0.01190830022462494,0,0
2024-01-26,0.0016239261195047352,0.018056889152978654,-0.02602857994699664,0.02085405758925583,0.020395960471522603,0.6747433264887064,0.6603696098562628,1.2275731822474032,0.014184734133149192,-0.01771451112186392,0.01670767876101311,0.8451669339553809,0.008090089505913415,0.011680497840186963,0,0
2024-01-29,0.011286728430090988,0.016828733932279395,-0.017338012540450885,0.02209576340629048,0.020689467495243478,0.713347022587269,0.6796714579055442,3.3369565217391304,0.012130371444991635,-0.008955356125299678,0.01699492751650308,0.9444688564209341,0.00850760786470637,0.011728577252281736,0,0
2024-01-30,-0.006599409054944365,0.009387477896915184,-0.023509986320814174,0.02418825998561344,0.02091654569665905,0.6776180698151951,0.6620123203285421,0.655794587092297,0.010284982944123036,-0.013072144997265686,0.017318906081410953,0.9304409258331234,0.00859927892376486,0.011652501146987728,0,0
2024-01-31,-0.018388357174681916,-0.003904199084824576,-0.03185920103576792,0.025874732351482316,0.021531110281482118,0.5564681724845996,0.6246406570841889,0.15477338476374156,-0.0026257987710574453,-0.022075905830407423,0.01822169936726712,1.164402942840946,0.00920403575990294,0.011931411131983883,0,0
2024-02-01,0.0133011157206939,0.0012240040406633435,-0.014208762342065239,0.025874818117040517,0.021751235217089843,0.6127310061601643,0.6583162217659138,3.758893280632411,0.00231208240210159,-0.007910937635903573,0.01849085384634799,1.0455252481518813,0.009723704394966627,0.011989939842295617,0,0
2024-02-02,-0.005891138450776706,-0.006291060529618098,-0.0010657996979810188,0.023550509540903163,0.021220540355532197,0.5597535934291581,0.6344969199178645,0.49564134495641343,-0.005863673402347411,0.0034408402827497734,0.017633768200191642,0.9300089291846808,0.008868417890346267,0.012033919496335645,0,0
2024-02-05,-0.01317106597118182,-0.03074885493089091,-0.013601340029727746,0.02262044210615247,0.021362573907445077,0.4837782340862423,0.5975359342915811,0.2190187152250885,-0.027235241175936443,-0.007962700780129606,0.017861797792961372,0.9179508831186947,0.009320124839832892,0.011801471218848917,0,0
2024-02-06,0.010911735482635047,-0.01323771039331149,-0.0028118605894800323,0.02822778336901544,0.02171224661460177,0.5277207392197125,0.6234086242299794,2.6789554531490016,-0.012748069424845741,-0.0009741975160831155,0.018063781362729524,0.8803348428708054,0.009656030284851123,0.011505777566836758,0,0
2024-02-07,-0.003032546421809462,0.002118100359560961,-0.01945981487286651,0.028294812490751334,0.021564229113856474,0.5051334702258727,0.6127310061601643,0.8931116389548693,0.001605756013693777,-0.01678629420720435,0.017864395531996216,0.9274410593174472,0.009140402990092495,0.011413362201198136,0,0
2024-02-08,0.007447628939677844,-0.003735386421455095,-0.002789365899841529,0.027427824497744134,0.021770166288158574,0.5318275154004107,0.6262833675564682,1.9157509157509158,-0.004698520474262598,0.0023924004023960417,0.018087297962131488,0.9450422365245136,0.009107711543400692,0.011422655768498198,0,0
2024-02-09,0.008806116830646613,0.010961868859968228,0.005207034366141653,0.0286438466871258,0.022047948784887954,0.5593429158110883,0.637782340862423,2.398002853067047,0.0075345424304822575,0.006500316935171136,0.01831492016092491,0.93835492583108,0.009313913360516166,0.01138963407530756,1,0
2024-02-12,0.014059093706906358,0.03819202853805641,0.025650463017521486,0.02415904258688686,0.022325814360281953,0.6238193018480492,0.6665297741273101,3.8818737270875765,0.029841536834585566,0.022854575718145035,0.018689623099459027,0.9939095503433762,0.009648415300082643,0.01127764327177698,1,0
2024-02-13,-0.032423870797881275,-0.005143577742459921,-0.005780586768420126,0.036078819623774086,0.023823876812546146,0.45585215605749485,0.5938398357289528,0.06499780412823891,-0.00480892315775366,-0.005340028763392746,0.02033214828366831,1.1148813592422593,0.012128272001314576,0.012086542725401375,0,0
2024-02-14,0.01883077999024863,0.016719748669598168,0.024927789579005454,0.03198358282451555,0.0241202175689307,0.5314168377823408,0.6250513347022587,5.991228070175438,0.008368061454814531,0.020356812611833097,0.02043874820256869,0.9238649592549404,0.01250484224269386,0.012261042296736066,1,1
2024-02-15,0.017920780086910074,0.027192899816830395,0.051864918100358655,0.036946294946830174,0.02479913819357309,0.6188911704312114,0.6677618069815195,5.083333333333333,0.02089003886918292,0.04298446921432873,0.021123850235009102,0.9655455291221522,0.012784322111418351,0.011340860902107723,1,1
2024-02-16,-0.006629577061355879,0.011757205924827901,0.04161700285447286,0.029180474696307367,0.025021934854654898,0.5741273100616017,0.6517453798767967,0.4420861127956337,0.007399002623918934,0.03390171453464009,0.0212274992356835,0.8969922810752663,0.01293301116891606,0.011376114951719018,1,1
2024-02-20,-0.008970131890724375,-0.011272019672802834,0.025514771517432307,0.025241081599290133,0.025196061547764166,0.5367556468172484,0.6353182751540041,0.4740740740740741,-0.007768852835803721,0.01984566767121249,0.02132334172671591,0.9387547087525276,0.013088786819727409,0.011340752546828136,1,1
2024-02-21,-0.002603715003734248,0.018548136121344195,0.010396172862907815,0.030636164945421675,0.025249692045952128,0.5371663244353183,0.6386036960985626,0.9578860445912469,0.018677134658231998,0.011292889515522563,0.021269446941321612,0.8966296551046433,0.012849780758564163,0.011277188733331568,1,1
2024-02-22,0.00498005203879286,0.004697408169888431,0.014534377921280829,0.02955174156013723,0.02552298641614236,0.5515400410677618,0.6468172484599589,1.6093579978237214,0.010481663855458493,0.014806340636536075,0.021491848372025578,0.9862189201257897,0.012887041502457862,0.011262559905730947,1,1
2024-02-23,0.002638831723071008,-0.010584540193950632,0.022269889837293992,0.031292371086335306,0.02562048545863029,0.557700205338809,0.6558521560574949,1.5785482123510293,-0.0032206117324838006,0.02242810282939479,0.021661672632704625,0.8566275924255735,0.012823702510965136,0.011187729728440319,1,1
2024-02-26,0.001779202501339343,-0.0021757606312554096,0.015876179743427355,0.027558345099075926,0.025585658625768837,0.5429158110882957,0.6451745379876797,0.7802690582959642,0.0,0.012058745753820932,0.021531712444284836,0.9062109076730549,0.012721890634621874,0.011180508066627078,1,0
2024-02-27,0.009449349635447838,0.016243720894916804,0.02370160325937046,0.034259846899430235,0.025942717460421635,0.5712525667351129,0.6570841889117043,1.900243309002433,0.0115164315210809,0.01626058307158661,0.02155244367178514,0.9439774112814944,0.012862415917870063,0.01120234625711481,1,1
2024-02-28,-0.006169532207276282,0.01267790369137477,0.0062453426220031895,0.03147376802912027,0.026174278907836863,0.5535934291581108,0.6439425051334702,0.6120107962213225,0.0066445364029446095,0.004043470675550916,0.02178614786616297,0.9182676652555424,0.012736563837669867,0.011228039920430767,1,0
2024-02-29,0.005518616115622087,0.013216467768203996,0.018363367792569644,0.03680240190020167,0.026523104362745978,0.5737166324435319,0.6591375770020534,2.214765100671141,0.006376315643777396,0.012680712719497738,0.022012490287154973,1.2002388142183247,0.01268286967631812,0.011234057554974853,1,0
2024-03-01,0.009045264571453729,0.019622900616586714,0.04579698953870528,0.03316408694760327,0.02632535075531226,0.604517453798768,0.6714579055441479,1.9016990291262137,0.010695278889458152,0.03310630721025312,0.02145573687520629,0.9655842670934732,0.01199369018079889,0.01126269475726326,1,0
2024-03-04,-0.0038471302076584922,0.01399656790758888,0.02864874361035289,0.029630910726696,0.026215794472253685,0.6008213552361397,0.6648870636550308,0.8178353658536586,0.011299636187295408,0.020877664835286622,0.021217062556613226,0.9495673211128245,0.011780585607202196,0.011282698778946675,1,0
2024-03-05,-0.007353828618818567,-0.002806610346677525,0.02718605344231103,0.028988936132725896,0.026365125010196097,0.5675564681724846,0.6505133470225872,0.5275288092189501,0.00013044846878605023,0.023731587888576516,0.02132684560576918,0.9122835674615394,0.011829848326362066,0.010977209094265588,1,0
2024-03-06,0.007317207791583043,0.010680129652181798,0.047674327205075896,0.02983646365703098,0.026288294652837524,0.5934291581108829,0.6661190965092403,2.3957446808510636,0.010278745024955849,0.039665157795867406,0.02115320705187275,0.8901641532096028,0.011414759284292786,0.010988632349885695,1,0
2024-03-07,0.007631951165326542,0.012793464701886255,0.04439454288776739,0.026212120037622993,0.026218365803007092,0.6369609856262833,0.6813141683778234,2.4438040345821324,0.011166212671633391,0.040451011854791045,0.02133699909034551,0.8948776545342819,0.011312591729513361,0.01087087413796747,1,0
2024-03-08,-0.0005420753897612141,0.0032061247406713145,0.04688501391981564,0.02530342196443278,0.026085139994162277,0.6422997946611909,0.6809034907597535,0.9841666666666666,0.005115098770096348,0.04208122868016872,0.0210726008468734,0.8996585692204714,0.011268910652413198,0.01087162162172551,1,0
2024-03-11,-0.0028374177378371734,0.004215837210492633,0.036599967242300614,0.02667837307193014,0.025965927591154996,0.6509240246406571,0.6874743326488706,0.891699604743083,0.006183098792223867,0.03475749085391624,0.02075738115905231,0.8983366573190069,0.011254418371012286,0.01086215425869082,1,0
2024-03-12,-0.00010674139052108635,0.011462924438790115,0.02768710902113292,0.025174644577303038,0.02580317513779893,0.6353182751540041,0.6817248459958932,1.1075837742504409,0.012051690181895273,0.02839400378448826,0.020624794306032198,0.9265237603305685,0.011142233159018907,0.010852885293170477,1,0
2024-03-13,0.002929799881380793,0.007075516528587864,0.016557815195607353,0.026129700649878438,0.025691247826243952,0.6447638603696099,0.6862422997946612,1.2387640449438202,0.006850491434199246,0.02011522972787642,0.02050585505184644,0.9899175068743515,0.01076420254565853,0.010851583024668965,1,0
2024-03-14,-0.015528074912154227,-0.016084509548892907,0.033453611081334406,0.025977338905375725,0.02460611017165386,0.5700205338809035,0.6492813141683779,0.19740777666999004,-0.011192866811980501,0.03147604496530258,0.019049523857574507,1.0667405183914611,0.008564279196908218,0.011047388606570103,1,0
2024-03-15,0.0028970499412422322,-0.01264538421788946,0.017519881032328006,0.03126641488222176,0.024251602906960303,0.57782340862423,0.6517453798767967,1.250709555345317,-0.009839254257969453,0.018984181976600734,0.01879928644411117,1.6002675074041464,0.007613830426555392,0.010440556270787948,1,0
2024-03-18,-0.0028026079518027563,-0.012610574431855042,-0.0032035070063848206,0.024529490320279616,0.02344380322629307,0.5613963039014374,0.6431211498973306,0.8013595166163142,-0.01148637901446107,0.004646126062669047,0.01779692787719721,0.7948126009727706,0.006558339448627959,0.010114380783650375,0,0
2024-03-19,0.0052914030143101694,-0.007212430027023788,0.008717473069281226,0.022322248816253172,0.02323335240529266,0.5794661190965092,0.659958932238193,2.0487179487179485,-0.007442239151637146,0.015123857676678952,0.017700510776668166,0.7556451134949104,0.006485190401262247,0.010078539296790142,1,0
2024-03-20,0.016097364302686695,0.00595513439428211,0.033784969262692296,0.02523346310866371,0.023343084593800217,0.6501026694045174,0.6899383983572895,4.591647331786543,0.004565173703130205,0.03123299549348837,0.017723209340776605,0.7829029929840747,0.006960894372301029,0.01026699086836598,1,0
2024-03-21,0.006115961425139615,0.02759917073157595,0.04250464569156616,0.022923781795294654,0.023181206249027263,0.6854209445585215,0.6969199178644764,2.211021505376344,0.02409749346162729,0.03704830306769827,0.017541906795478658,0.8380469079435223,0.006957116797429298,0.010089342573133793,1,0
2024-03-22,-0.008907620111051234,0.015794500679282487,0.028616973541722063,0.025778675299689944,0.02296635192296644,0.6262833675564682,0.6792607802874744,0.3202433628318584,0.014563349860448363,0.023300164905999423,0.017293241721948717,0.8362373430855851,0.007313030314344109,0.0098843481265779,1,0
2024-03-25,-0.0015457769327258467,0.017051331698359398,0.024432364885925206,0.022780639439339327,0.02269827042329639,0.6213552361396304,0.6747433264887064,0.803030303030303,0.01523874799050549,0.019734773552561626,0.017079513610072247,0.8475936958634206,0.007333502668359259,0.009679237256056733,1,0
2024-03-26,-0.002192231322143004,0.009567697361906219,0.020460931062442858,0.02361541578407446,0.022521113478869367,0.6094455852156058,0.6681724845995893,0.7717065868263473,0.008710298997976847,0.021922348344903975,0.017050261261056573,0.9354413936686995,0.007367956230425519,0.009658032126630233,1,0
2024-03-27,0.018957665025891572,0.012427998085111101,0.02996924645288659,0.023962020878300388,0.02261500935630014,0.7063655030800822,0.7096509240246407,7.528368794326241,0.011604454476077206,0.033964317290297336,0.017539867816812424,0.9885533582754247,0.008163959867462262,0.00987051941395031,1,0
2024-03-28,0.005279871448943199,0.011591908108914686,0.04141865010910607,0.02298908333464333,0.022254869849081222,0.7301848049281314,0.7215605749486653,2.1363040629095673,0.010471254304847157,0.04148137313641356,0.017363556505760512,1.1134881825589737,0.00801216997976225,0.009885759669034178,1,0
2024-04-01,-0.006294390245224045,0.014205137974741874,0.02960564374825994,0.024563133202166222,0.021970653117846097,0.6792607802874744,0.704312114989733,0.42476303317535546,0.010912582807868386,0.026523861184852462,0.01720833026600788,0.9273620762467668,0.008163989399436088,0.009922026420007923,1,0
2024-04-02,-0.012025062384949822,0.0037258525225178974,0.00853531679185639,0.02402958585648496,0.021840802919719095,0.5991786447638604,0.680082135523614,0.27586206896551724,0.0010086068603432012,0.009765451458278222,0.017450978055262932,1.01521280337667,0.008467787383318463,0.009958775411540183,1,0
2024-04-03,0.0062404626656845244,0.012158546510345423,0.018622909665199406,0.025544334685484803,0.02158758399265164,0.6032854209445585,0.6796714579055442,1.5714285714285714,0.005352233307525482,0.012739018138966725,0.017280459532539538,0.9285838175353295,0.008500487217373323,0.00996742961467647,1,0
2024-04-04,-0.009844781713346695,-0.016643900228892842,0.016131956570671274,0.024760330066226445,0.021458339846010283,0.5593429158110883,0.6669404517453799,0.2929074174336762,-0.01988135333556731,0.009370478126591236,0.01691376363085992,0.9654731457797425,0.008637502827171187,0.00974126208029806,1,0
2024-04-05,0.004722274002916806,-0.01720149767491923,0.013537022782005042,0.01927433259535622,0.021149951566385383,0.5802874743326488,0.6718685831622176,1.7878077373974208,-0.02090620109836872,0.006852664484066467,0.016785965692989516,0.8703641006108298,0.008557317302461544,0.0097530551753301,1,0
2024-04-08,0.004168449602016798,-0.006738657827678391,0.010073521218695293,0.022555723783788312,0.020954336572111484,0.606570841889117,0.6829568788501027,1.6718924972004479,-0.007263256465178848,0.007079824819974327,0.016496723374014366,0.8566249380267591,0.008448600288938735,0.009762134640165645,1,0
2024-04-09,0.005118084499437671,0.0104044890567091,0.015733681107894176,0.02336900474572529,0.020969071534627483,0.6398357289527721,0.7047227926078029,1.7598152424942264,0.008279268891595578,0.011395524514971648,0.01653655007131339,0.9187617667149754,0.008504475375018616,0.009640438058980596,1,0
2024-04-10,-0.02212710668423873,-0.01796308029321415,-0.0035560078385073785,0.023846634104615235,0.02157007058137585,0.47885010266940453,0.6381930184804928,0.14719848053181386,-0.017196815274843007,-0.009635335473631984,0.017570638896994176,1.0812630675541166,0.009846994011468074,0.009985267025065695,0,0
2024-04-11,0.0030802215716757364,-0.0050380770081917174,-0.0003690448763105568,0.02680862029004513,0.021529117165893605,0.48829568788501027,0.6443531827515401,1.4244897959183673,-0.007380950718940347,-0.008338409510531693,0.017569616807909524,0.9429983128464121,0.009872532246079486,0.00999057146456457,0,0
2024-04-12,-0.019913809507701084,-0.029674160518809608,-0.023212654265392436,0.020685863011809854,0.021806657291320253,0.3642710472279261,0.6032854209445585,0.08098434004474273,-0.028111822472013204,-0.023904281778563626,0.017872898734179764,0.9946410008244525,0.010750958056097982,0.010282445472048728,0,0
2024-04-15,-0.013795350951214163,-0.04763796107204057,-0.02147993030445237,0.02079764777771159,0.02159829950187636,0.3108829568788501,0.5667351129363449,0.1896978702327885,-0.042744712679149185,-0.020841264580200032,0.017742209295605105,1.0292360281243778,0.010640818095273596,0.010433833919818431,0,0
2024-04-16,-0.007109807229548659,-0.059865852801026895,-0.03148678747524326,0.02473264531615531,0.021433948615620035,0.27761806981519505,0.5486652977412732,0.43633071816535907,-0.054677590084135995,-0.028751638402851394,0.017656129876715814,0.9661598822951835,0.01068048948626965,0.010362616636950301,0,0
2024-04-17,-0.005967018310474576,-0.04370576442726274,-0.03465119783391508,0.0224608883468589,0.021406280653268973,0.2521560574948665,0.5392197125256674,0.5707702435813035,-0.03747990692576418,-0.031616776874088426,0.017732078147859515,0.9516217702033561,0.010722037416766328,0.010326054719835763,0,0
2024-04-18,-0.0008748062867130515,-0.04766079228565153,-0.0408174071349383,0.02286417701366387,0.021345707556544267,0.25174537987679674,0.5420944558521561,1.0625543006081668,-0.03974046477438175,-0.035435094788134315,0.01766384794520695,0.9398430306484645,0.010606244140646502,0.010317734537814949,0,0
2024-04-19,0.004539274299604927,-0.023207708478345516,-0.05237549713802006,0.022488074941072907,0.021038735128644973,0.2969199178644764,0.5618069815195071,1.9652173913043478,-0.01591778986339487,-0.043048052391360864,0.01746083396269598,1.0189472979456966,0.009899586279923198,0.01029458429350699,0,0
2024-04-22,0.007653863859437823,-0.001758493667693534,-0.05083759470372186,0.0227119424107276,0.021026340296041668,0.3470225872689938,0.5901437371663244,3.0083752093802345,0.0020182103794553308,-0.04019403992125458,0.017343195348430828,0.9482521332231661,0.009971889161090415,0.010218040388567011,0,0
2024-04-23,0.01379087211556202,0.019142185677417142,-0.028139102477108605,0.029366696995530815,0.021424238147665198,0.4242299794661191,0.6275154004106777,4.884520884520884,0.02037689816247144,-0.020345211163233137,0.01777320220985806,0.937899013348792,0.010452220589226567,0.010363776412690321,0,0
2024-04-24,-0.0018675730645422166,0.023241630923349504,-0.028460898608924968,0.02278892514673411,0.02148720676908981,0.4184804928131417,0.6205338809034907,0.8596078431372549,0.023443412239614006,-0.021633090191297725,0.017967272059709664,0.9399113759645324,0.010452773293563478,0.010344933822731212,0,0
2024-04-25,-0.006607219402825721,0.01750921780723683,-0.03287588668960768,0.025221678827460847,0.02170296241693992,0.3728952772073922,0.5950718685831622,0.48141263940520446,0.018493346108523063,-0.027003170329993425,0.01813708591403547,0.9565267527674725,0.010514664917401582,0.010330853450546488,0,0
2024-04-26,0.007759774184045057,0.02072971769167696,-0.04407377753145421,0.027160024178604133,0.02144321585743278,0.4078028747433265,0.604517453798768,2.0946822308690014,0.01749147523234263,-0.03755274391123081,0.017676424018500628,0.8769568876184906,0.009672002135712747,0.010374713522097791,0,0
2024-04-29,0.00672821025014559,0.01980406408238473,-0.042625438730251805,0.02333375390371158,0.021505005330683245,0.4505133470225873,0.6180698151950719,2.202956989247312,0.014953127516601342,-0.03678318596236038,0.01782446602979826,0.9453724604965713,0.009732224291131259,0.010311509207223417,0,0
2024-04-30,-0.01683067970221082,-0.010817487735388102,-0.053161728187238584,0.033321562733281365,0.021990731250394618,0.3462012320328542,0.5806981519507187,0.16431696645600388,-0.01088917353874945,-0.04497569070877538,0.018408439173052026,1.0779288100449154,0.010222321442333985,0.010497297897537436,0,0
2024-05-01,0.00425658767115936,-0.004693326999686527,-0.036880078131129396,0.03907243725148101,0.02238247070159032,0.3798767967145791,0.5905544147843943,1.4650205761316872,-0.006052246534897088,-0.030900751330259147,0.01853358318864123,1.055066861904863,0.0100827685682662,0.010245032290846261,0,0
2024-05-02,0.013037246286897564,0.014951138690036758,-0.030083294509916356,0.03756112469498199,0.02307811203965117,0.4414784394250513,0.6246406570841889,3.5717017208413,0.011352891358129351,-0.02332723159539691,0.019154522968057832,0.9677489009233067,0.010454530066256625,0.010239674399280077,0,0
2024-05-03,0.00884073015214409,0.01603209465813579,-0.011397782644425569,0.029061936343291708,0.02332902300546405,0.4948665297741273,0.6459958932238193,2.832802547770701,0.01363566337963446,-0.006703181205956483,0.019374287384355773,0.8898549332308525,0.010497838001388083,0.010264821901462495,0,0
2024-05-06,0.009524273551665652,0.018828157959655853,-0.006595783095676724,0.025785116870185983,0.023549562323837796,0.5638603696098563,0.6616016427104723,3.1818181818181817,0.016223005182093252,-0.0009693146534221885,0.01952203770578054,0.8624203269305627,0.010669157645542306,0.010174912307836894,0,0
2024-05-07,-0.00032226923560163995,0.03533656842626503,-0.01108650193329516,0.02776661654886967,0.023757171603560386,0.5667351129363449,0.6616016427104723,1.1941122355105795,0.03265222463851806,-0.004612214300019293,0.019799499134021136,0.9422064960986689,0.010619710769299223,0.010094154010793433,0,0
2024-05-08,-0.002246199618358491,0.028833781136747175,-0.018450786051091322,0.03225594268991722,0.024015632193530655,0.5564681724845996,0.6550308008213552,0.9169354838709678,0.028005739596405902,-0.00924683638947983,0.019764908355335852,0.8918683867227091,0.010545277659481822,0.010089963802412295,0,0
2024-05-09,0.009175273237649712,0.024971808087499325,0.012851593870797122,0.03643933724758924,0.023778875104728755,0.5979466119096509,0.6739219712525667,3.1293103448275863,0.025817687543096768,0.0180582735180715,0.019051160025705515,0.9121935001929072,0.009557668398375446,0.010110921569996455,1,0
2024-05-10,-0.004891138864967043,0.011239939070388193,0.004880233434154342,0.04455294382309508,0.02414576836112654,0.5835728952772073,0.6706365503080082,0.8051554207733131,0.01633038397213876,0.015170888147411934,0.01924707871007875,0.8847033499259938,0.009612873602872508,0.010081650552291132,1,0
2024-05-13,0.004517571106037517,0.006233236624760054,0.029311614047892943,0.03234894495343482,0.023933429274064992,0.5897330595482546,0.680082135523614,1.061792863359443,0.007969231913168978,0.03162317877530936,0.018812908751530993,0.897022567798196,0.008462318399495886,0.009945592565011617,1,0
2024-05-14,0.009671238945135656,0.016226744805497347,0.052778203944242756,0.027207821239401932,0.023821271002759516,0.6279260780287474,0.6948665297741273,2.4285714285714284,0.012714361598489437,0.05130502409338594,0.018785967376691113,0.9593089338484929,0.007885765640634023,0.009084317732771944,1,0
2024-05-15,0.006917705823858536,0.025390650247714378,0.06680571699764995,0.025571391434240812,0.02379825097337426,0.6583162217659138,0.7055441478439425,2.022727272727273,0.0203277743119524,0.0655601838544306,0.018765978310441935,0.9946887676189775,0.007619488183332748,0.008828136594485511,1,0
2024-05-16,-0.001866435743189323,0.014348941266875343,0.0709062995649352,0.024467130134295714,0.02381242586524371,0.6517453798767967,0.7071868583162217,0.8028919330289194,0.009810940252249213,0.06688257834965401,0.018822587706962924,0.9413245134717274,0.007423340980547501,0.008558468412293338,1,0
2024-05-17,-0.00023622695103196447,0.019003853180810427,0.0715448789006163,0.02404869752153553,0.02380288205244976,0.6517453798767967,0.706776180698152,1.072790294627383,0.013028669429876842,0.06835162126886646,0.018640973777515096,0.8935275566901714,0.007406343939736799,0.008510036856558519,1,0
2024-05-20,0.0004427797375555171,0.014929061812328422,0.06744838433856688,0.023849783711310982,0.0237665582965469,0.6472279260780287,0.702258726899384,0.9173354735152488,0.009741856238011753,0.05993479771091691,0.018570371830312734,0.8940542116001072,0.007428940813575037,0.008421003354136338,1,0
2024-05-21,-0.0032360803053410746,0.0020217425618516936,0.05655844017378799,0.020454903314540022,0.023693911411575074,0.6308008213552362,0.6956878850102669,0.8453209590100541,0.0030995983385685667,0.051539859729218235,0.018600861538065696,0.9096260691037508,0.007483247565141665,0.008425471946908012,1,0
2024-05-22,-0.0061723336830450375,-0.011068296945051879,0.03659523437518093,0.024260085844505598,0.023610719312171076,0.5942505133470226,0.6809034907597535,0.4598897734231476,-0.009580452912993892,0.032531316321823545,0.018538429697129932,0.9734809340490528,0.007267888283720474,0.008452608224418099,1,0
2024-05-23,-0.016762722374264075,-0.025964583576126635,0.021700085065459073,0.022047539712915322,0.023944608952714892,0.5080082135523614,0.6340862422997947,0.16129032258064516,-0.02195959958073995,0.019384771531119786,0.01860007793247473,1.0341032855327528,0.008292446822578948,0.008725724830549932,1,0
2024-05-24,0.007100563694566889,-0.01862779293052778,0.03540786816285168,0.030259542819528192,0.023736994831752,0.5388090349075976,0.6472279260780287,2.4780701754385963,-0.018107520387349627,0.0301060780868853,0.018355046937007773,0.8595455732567228,0.008199935475885822,0.008766128594618682,1,0
2024-05-28,-0.001765682102603722,-0.02083625477068702,0.0258824118762029,0.030811844383149725,0.023746449954274173,0.49691991786447637,0.6361396303901438,0.5911199469847581,-0.02121877959429509,0.020275008708575768,0.0182345719528914,1.0347193223169975,0.008110127081803399,0.008692235920747863,0,0
2024-05-29,-0.013623295368768117,-0.031223469834114063,0.005530906257289191,0.02177349073371541,0.023939600647251875,0.41683778234086244,0.5967145790554415,0.16537342386032977,-0.032743277705768875,0.002556157072576686,0.01849300559226583,0.9717950908366011,0.0086204751683182,0.008829791931932937,0,0
2024-05-30,0.008789359635737437,-0.016261776515331592,0.031150945595237445,0.03685375144259647,0.023514274735621128,0.471047227926078,0.6197125256673511,3.045918367346939,-0.017391791943059138,0.024416272815636998,0.017880746156440114,0.9666232194395082,0.007859646869121726,0.008871868290119218,0,0
2024-05-31,0.009098074088610847,0.009599019947543334,0.03599243201268893,0.02378651734665654,0.023231381498901162,0.5478439425051335,0.6464065708418891,3.071307300509338,0.008841740032403574,0.032171280132915425,0.017730138961262677,1.246669442131531,0.008014542061935588,0.008872727583049177,1,0
2024-06-03,-0.003080082639736131,-0.0005816263867596863,0.019875103086055237,0.028249904023972625,0.022789626767987528,0.5297741273100616,0.6390143737166324,0.695373665480427,-0.002290951995770548,0.01893470821648106,0.01735422878412123,0.9394733792943563,0.007638889597463832,0.00886771891987659,1,0
2024-06-04,-0.011722895900330698,-0.010538840184486661,-0.0006885229664195526,0.02518613549149245,0.022724862901085337,0.48008213552361395,0.6164271047227926,0.40386869871043374,-0.007446117361862157,0.0028921159883441923,0.017303601963678982,0.9114647377938451,0.007890210240628436,0.008943975113176291,0,0
2024-06-05,0.010230718479096405,0.013315173663377856,1.7921961011196856e-05,0.024495311602863445,0.02269568157471533,0.5182751540041067,0.6336755646817248,2.4846715328467153,0.01357489485791807,0.00047189384891510686,0.017431758795927038,0.8400656814449642,0.007934376868768885,0.008989499224552703,1,0
2024-06-06,-0.0032165150001182245,0.0013092990275221975,-0.0028763238035053877,0.023754305781825403,0.022549739852096868,0.504312114989733,0.6324435318275154,0.7100719424460432,0.0026418380283067763,-0.005061201822001309,0.017267559332168676,0.7960396039603173,0.007965346473161139,0.00894690060240968,0,0
2024-06-07,-0.01108224233597393,-0.01887101739706258,-0.011712366521120825,0.024235977030828595,0.02230388039691512,0.44722792607802875,0.6024640657084189,0.29961935834692766,-0.01790770371294207,-0.012638386970817008,0.017193973665971647,0.8848021613487835,0.008308330687968768,0.00905393634297585,0,0
2024-06-10,0.0019449556332430615,-0.013845979124083386,-0.018942684125527475,0.023258673434538867,0.021826094618675327,0.45297741273100617,0.5975359342915811,1.125668449197861,-0.012588092186788568,-0.02089814761722841,0.01676027301304066,0.9872083775185468,0.008029974564737733,0.009051762354451886,0,0
2024-06-11,-0.003924238332558228,-0.006047321556310916,-0.01797578359311866,0.02139763566989042,0.021442750249583552,0.4238193018480493,0.5864476386036961,0.5681216931216931,-0.007811052646405751,-0.02297404836172883,0.016664030746779412,0.9648001658088196,0.008008701736149614,0.009064215979539178,0,0
2024-06-12,0.009163201981827242,-0.007114838053580075,-0.013330152717328934,0.02401219806281338,0.021513028753733725,0.4878850102669405,0.6098562628336756,2.327777777777778,-0.0056551657631416265,-0.015714012249534375,0.017064713197272763,1.0696684908741794,0.008225774757667363,0.00913284479084648,0,0
2024-06-13,-0.00892523570882869,-0.012823558762290545,-0.03192662737129328,0.024915263356013774,0.021450595875190246,0.43655030800821354,0.5852156057494866,0.39335664335664333,-0.01065382024951431,-0.029809770274099503,0.017031244366933006,0.9392378148511228,0.00806014081071605,0.008989879079556432,0,0
2024-06-14,-0.013016202849185289,-0.014757519275501903,-0.05186053604433711,0.02313851110105779,0.02141426671189202,0.3786447638603696,0.5593429158110883,0.2513007284079084,-0.013667498490669276,-0.04721165377038028,0.0172096159077163,0.920649598335542,0.008189477020827592,0.009129359814903043,0,0
2024-06-17,0.0026694683758991854,-0.014033006532845782,-0.0473246319252486,0.03760195346295988,0.02157992791652985,0.4024640657084189,0.5675564681724846,1.7384792626728112,-0.008531696304320609,-0.04198514810663694,0.017295690393080508,0.9724534584531374,0.008265641838192972,0.009130834649898539,0,0
2024-06-18,-0.0010389044432603798,-0.011147672643547936,-0.04812730941747702,0.02533592288580736,0.021563091615470698,0.40451745379876797,0.5659137577002054,1.0351931330472104,-0.004694754425515703,-0.04228081024041317,0.017299690611947027,0.9744668911335487,0.00825769878566739,0.009104494203106089,0,0
2024-06-20,-0.00010904078502379285,-0.02041991541039897,-0.048679129940056326,0.02376774217542352,0.021618327386434665,0.4213552361396304,0.5663244353182751,1.0161702127659575,-0.010849010467437123,-0.040614741586789564,0.017454853711438314,1.0471134731728433,0.008249435803882503,0.008860075573586383,0,0
2024-06-21,0.0017712859730923275,-0.00972339372847795,-0.043671763661622925,0.022667375052640878,0.021696293258458524,0.4242299794661191,0.5687885010266941,1.155656108597285,-0.0035001918549090864,-0.03725270885713222,0.01741984890522324,1.593313552718324,0.008293822286206856,0.008824321133119517,0,0
2024-06-24,0.005287583696316946,0.008580392817024286,-0.032211846282260946,0.02502279784989974,0.021786390627310814,0.4731006160164271,0.5885010266940451,2.0837628865979383,0.012177806355815954,-0.02256562445751832,0.01747931581982242,0.8095712861414945,0.008387553493129493,0.008789998459767892,0,0
2024-06-25,-0.008293265899413304,-0.0023823414582882035,-0.023742389807410173,0.02324851318199215,0.021574825379101246,0.42217659137577,0.5655030800821356,0.4182034503271862,0.0,-0.01559216879105164,0.017353279705149223,0.7356379953232611,0.007801849877510239,0.00884540163143275,0,0
2024-06-26,-0.0006868907180334995,-0.0020303277330613236,-0.03152984422001055,0.022583305638978438,0.02147037882452032,0.39630390143737165,0.5618069815195071,0.8048780487804879,-0.0017021670291690126,-0.024285289177857324,0.017169932286137734,0.776837457455607,0.007572761641248935,0.008842746013848456,0,0
2024-06-27,0.004498975736736444,0.0025776887886989133,-0.025265186380670393,0.02319810267582256,0.021333962234099405,0.4324435318275154,0.5761806981519507,1.6813063063063063,0.0026085948115788047,-0.014459612035216028,0.017116221619427642,0.7532234014560106,0.007684401252893531,0.008512094764750958,0,0
2024-06-28,0.004727781198605059,0.005534184014211647,-0.006914109813297214,0.025402101117022197,0.021281975172080733,0.4513347022587269,0.5872689938398358,1.6868686868686869,0.00510383220358141,0.002966808261165671,0.017183831334133773,1.586933238129098,0.007231453573886962,0.008506131884210674,0,0
2024-07-01,-0.00825208252127794,-0.00800548220338324,-0.023955551970312593,0.024555161818165753,0.02105228205695856,0.4041067761806982,0.5659137577002054,0.39706744868035193,-0.008454728129449746,-0.011970757517423328,0.017082594816224532,0.8054697228243138,0.007112214118852712,0.008530445407638108,0,0
2024-07-02,0.001705154711188921,0.0019929384072189834,-0.03134847134773452,0.026184063503306453,0.020803181804134575,0.4271047227926078,0.575359342915811,1.631057268722467,0.0006846846297329414,-0.02165338444148565,0.016725962677981977,0.7404469425683164,0.0067540171620454545,0.008411777261179027,0,0
2024-07-03,0.004588672416760487,0.007268501542012969,-0.0236797162912379,0.021372679373982725,0.020544669804047906,0.44599589322381933,0.5782340862422998,1.5126315789473683,0.007763444377635524,-0.011582394993328377,0.016504856750629484,0.4752614975925421,0.006870222304209381,0.008392945036986992,0,0
2024-07-05,-0.003927606043270231,-0.0011580802379937052,-0.015884426434177434,0.021569712798885015,0.020320874704834554,0.41478439425051333,0.5675564681724846,0.6379781420765027,-0.001051472083775847,-0.007559219872333839,0.01628205931744411,0.7614367716124212,0.006467941211070377,0.008319905177303192,0,0
2024-07-08,0.004878953296745258,-0.0010069081398535052,-0.02123619161652858,0.02299699136770356,0.020143780722032652,0.42915811088295686,0.5728952772073922,1.5089567966280295,-0.00368324185838955,-0.009259285114847776,0.01615979032881662,1.0112837981690368,0.006108853473803873,0.008321497638394416,0,0
2024-07-09,-0.002177587083263367,0.005067587298161066,-0.020197263699673722,0.02742153122632328,0.02025199401972853,0.42217659137577,0.5724845995893224,0.6585195530726257,0.002867435542479958,-0.010741235652995557,0.016250649294768257,1.0524573887141278,0.006094290604135258,0.008303183643982038,0,0
2024-07-10,0.009720980302247348,0.013083412889219492,0.0006059589385475535,0.02580243176798006,0.02033616244545293,0.4829568788501027,0.5963039014373717,3.163478260869565,0.008684074509111083,0.008100471197569188,0.016309621896916978,1.0408073716541886,0.006057625977080554,0.00837374468753811,0,0
2024-07-11,0.026073431287496892,0.0345681717599559,0.024734434592801384,0.03112822408298546,0.021461716545469,0.6238193018480492,0.6550308008213552,6.338414634146342,0.027162362162708283,0.025580210057947205,0.017486977929628507,1.157969415103172,0.008309097835521619,0.008562841920352074,1,0
2024-07-12,0.00883615770912254,0.04733193551234867,0.037494830634482154,0.019441327125023604,0.021426779558222097,0.6747433264887064,0.6731006160164271,3.0753424657534247,0.03956556287840174,0.03705870294088812,0.01747379119499686,1.0024367780805,0.008383577139008369,0.0086235214699174,1,0
2024-07-15,0.0069152149882025045,0.04936819720380591,0.03524684364085741,0.02621772472704566,0.021472756741514432,0.691170431211499,0.6825462012320328,1.840855106888361,0.04188691582844218,0.03404240784202161,0.017376861248390663,1.0332337080111698,0.008298584272848719,0.008259590134690216,1,0
2024-07-16,0.025858151833334918,0.0774039361204042,0.07003023118302103,0.028709876602053472,0.02210095093359128,0.7749486652977413,0.737987679671458,7.364583333333333,0.07134305999391183,0.06344626184803662,0.018190425111476147,1.0759253999810405,0.009465564778074288,0.008630942716308597,1,0
2024-07-17,-0.00907818845635385,0.058604767361803006,0.07396824557585246,0.029842160735689006,0.022292935555605083,0.7540041067761807,0.7293634496919917,0.6483893077450309,0.0539213823698108,0.06810800711445555,0.01810385707165142,1.0338559052774632,0.00915949523384406,0.008665893816972369,1,0
2024-07-18,-0.01662668605594879,0.01590465001835732,0.05467209114400449,0.028908766041822638,0.022622735282026386,0.686652977412731,0.6969199178644764,0.2022022022022022,0.01736708740800479,0.04933233541732609,0.018670022928131545,0.9285810902204159,0.010162309591898486,0.008912825679988983,1,0
2024-07-19,-0.006721351468957011,0.00034714084027777375,0.048989644118307855,0.023529489685633686,0.02267916556820652,0.6340862422997947,0.6689938398357289,0.453382084095064,0.002528628188702673,0.04310743868376659,0.018797230442014982,0.8082873203004487,0.010338273739841449,0.008965505207036336,1,0
2024-07-22,0.013988932902739138,0.007420858754814409,0.06308761780607079,0.023212976866507938,0.02277118195922531,0.7002053388090349,0.6919917864476386,4.391891891891892,0.008725760129914672,0.05420728009085118,0.019061542709007357,0.8472686733555624,0.010625524389065737,0.00910115558061143,1,0
2024-07-23,0.00402847273947041,-0.014408820339050101,0.06534480457244887,0.023859534014835405,0.02284833224342478,0.7047227926078029,0.691170431211499,1.308880308880309,-0.00910321104394123,0.05266300474974721,0.01927142696444311,0.8968671602520819,0.010623845677871493,0.009071742219381321,1,0
2024-07-24,-0.018608729896951653,-0.023939361779647905,0.04144849097918027,0.026979094497879802,0.02343810480813179,0.6069815195071868,0.6587268993839835,0.21158690176322417,-0.020221215097607242,0.03409181000485743,0.0199324626965855,0.9945719778355199,0.011612860158182548,0.009265164842124808,1,0
2024-07-25,0.007428553840057105,0.00011587811635798815,0.057170310718650676,0.03363984945304798,0.023750044473431153,0.6365503080082136,0.6776180698151951,1.8290094339622642,0.0,0.04849575016707094,0.020342017093752912,1.1005946307307783,0.011423098990501762,0.009297139275513929,1,0
2024-07-26,0.013707222653473367,0.020544452238788365,0.07156442409015755,0.027401988317647535,0.024020074393458674,0.7006160164271047,0.7051334702258727,5.2493438320209975,0.01820275585374329,0.060921940356185214,0.020587104092784376,0.9153193356354702,0.011638128682445653,0.009385310666368243,1,0
2024-07-29,-0.005600990944363127,0.0009545283916860983,0.06146445740905797,0.022346541182163827,0.024091303234482702,0.6882956878850103,0.6977412731006161,0.6585365853658537,0.0021236119303277277,0.05592209341301321,0.020772759065888803,0.8718504382702039,0.011798371598846452,0.009385587795623818,1,0
2024-07-30,0.001328517852381457,-0.0017454264954028537,0.05806519406283437,0.02719809102617077,0.024222304043072716,0.6903490759753593,0.6993839835728953,1.4916142557651992,0.0024126016353443634,0.05779172906370389,0.020968692578187592,0.9344870210134816,0.011795746519662816,0.009356909921047587,1,0
2024-07-31,0.007441086961637304,0.0243043903631861,0.0737583635457496,0.030534009095574185,0.024377302351134306,0.7190965092402464,0.7121149897330595,1.7128263337116914,0.02352740764632275,0.06894557472170448,0.020976195463826557,1.1193288730921869,0.011557583447786606,0.009111567378547944,1,0
2024-08-01,-0.025378246129662257,-0.008502409606533258,0.04667496270489844,0.03850007874309865,0.02577156232019542,0.6180698151950719,0.6566735112936345,0.23041709053916581,-0.004041823125128681,0.05075166962276684,0.022758761252293574,1.1109288215677,0.01316818831937642,0.009701544659102739,1,1
2024-08-02,-0.02916034395024243,-0.05136997621024906,0.012925946337895514,0.03529448414729078,0.027099516779758318,0.49322381930184805,0.5938398357289528,0.17370208636584183,-0.045909658223797126,0.021405239517737724,0.02430264156478961,1.1181382275132183,0.01482072501701583,0.01028330701699894,0,1
2024-08-05,-0.031181070360884692,-0.07695005562677062,-0.014327517979718946,0.029792603449159773,0.028224054567849686,0.35564681724846,0.5084188911704313,0.05925925925925926,-0.07210613896840133,-0.00542015228219349,0.02523027060518381,1.1266185952656902,0.016352510392821155,0.010951905180994764,0,1
2024-08-06,0.010855098675440662,-0.06742347480371141,-0.008351372601023543,0.035438128562704306,0.028675089438788364,0.4,0.5347022587268994,2.9553719008264463,-0.06148677781996062,0.0022645381995588534,0.025398633445348325,0.8489029825162747,0.016505415514643212,0.010972796893694119,0,1
2024-08-07,-0.011949431888485644,-0.08681399365383437,-0.018123217406245822,0.03990800934863,0.029210933771447463,0.37084188911704313,0.5141683778234086,0.40597539543058,-0.07695197927916907,-0.00239811501406554,0.025697378671722074,0.8401024599621383,0.016694763474828546,0.011067655130093177,0,1
2024-08-08,0.022486443651184247,-0.03894930387298787,-0.005357754057308924,0.04044482268106671,0.03000818043859404,0.45462012320328543,0.5650924024640657,6.850162866449511,-0.03172479429030068,0.0069426749076267604,0.026160641074602784,0.7700621902956405,0.017320102242720178,0.011442561153780305,0,1
2024-08-09,-0.0025812065408979535,-0.012370166463643386,-0.03401239188570377,0.03513269330470989,0.02950570992438186,0.4636550308008214,0.562217659137577,0.9538714991762768,-0.009351315468325764,-0.015301272544041284,0.025461728148704333,0.7283333333333232,0.016237051486542965,0.011381886486028241,0,1
2024-08-12,-0.006571639689545071,0.012239264207696235,-0.04942018928437138,0.03427573229508962,0.029710991114198098,0.43367556468172486,0.5457905544147844,0.48541278708876473,0.01409238669153476,-0.02718334209802145,0.025595199261741964,0.8190174804098237,0.01608839754747845,0.011394429815844454,0,1
2024-08-13,0.01559247769417836,0.016976643226433934,-0.04074292657839552,0.026598587277863087,0.029824787254549543,0.5010266940451745,0.5815195071868583,4.854014598540146,0.016077706923349068,-0.021991336301071703,0.025566802456640173,0.9016062228507702,0.01644580728320452,0.011556963209432466,0,1
2024-08-14,-0.0028242585651812773,0.026101816549738303,-0.06942533697691171,0.02390165066722931,0.028976334684176833,0.4952772073921971,0.5786447638603696,0.9037690457097033,0.022021033942802963,-0.04787251769826259,0.0244783920346382,0.8785316163751513,0.015162705806604912,0.011490127514504839,0,1
2024-08-15,0.020550093249739037,0.024165466148293097,-0.03979705527081883,0.0277185046630564,0.029263866261184747,0.5765913757700205,0.615605749486653,6.824675324675325,0.020295032720210295,-0.023562205546402714,0.024929917999357957,1.0183496482673817,0.015956416314310082,0.011757279778250428,0,1
2024-08-16,0.0037224064669012296,0.03046907915609228,-0.019447962747968815,0.02043420546345199,0.028949572637217043,0.5950718685831622,0.6193018480492813,1.5278372591006424,0.0245077299279396,-0.007320144320206218,0.024549986584275506,0.9108700514425793,0.015631638967328786,0.01176620389952385,0,1
2024-08-19,0.01149446384368551,0.04853518268932286,-0.0012321474353262887,0.02263909051833864,0.028996296996984704,0.6349075975359343,0.635728952772074,4.498850574712644,0.041343208875108346,0.006702098184956874,0.02464237321560408,0.8878563752449306,0.01579849234285034,0.011857955848060545,0,1
2024-08-20,-0.00974471886566529,0.02319798612947921,-0.02496579920373072,0.020348186213966408,0.02878535851376959,0.5975359342915811,0.6180698151950719,0.32079646017699115,0.019156244452661602,-0.013245153990906207,0.024422257970991366,0.8663085255066366,0.015590875974098833,0.011921034374257634,0,1
2024-08-21,0.01125080032261458,0.03727304501727506,-0.017743471620586544,0.021233458983128724,0.02872764047920499,0.6410677618069816,0.6390143737166324,4.1521739130434785,0.028940057127432098,-0.00610811008880851,0.024230494531889343,0.8863720100273786,0.015790105724670815,0.012000348179694125,0,1
2024-08-22,-0.009700699974345571,0.007022251793190459,-0.008835441697980463,0.023294319131663896,0.02829594007576521,0.5958932238193019,0.6209445585215606,0.4200477326968974,0.007673443004793495,0.004808330191438804,0.02378821272471479,0.8895422984270621,0.015403963917299592,0.012038089096714069,0,1
2024-08-23,0.02379763893144924,0.027097484257738468,0.00753364339341167,0.02315768543738567,0.028284411258376156,0.7018480492813142,0.6628336755646818,12.027027027027026,0.024235847958875064,0.017034392084426017,0.023969837210147473,1.0460358056264647,0.016213884512855672,0.012210172451824543,1,1
2024-08-26,-0.0010115782107818145,0.014591442203271144,-0.00718515747084351,0.0193023253041353,0.02786546964096546,0.6969199178644764,0.6652977412731006,0.9859038142620232,0.01476196735372112,0.0046242176439252715,0.023505803372955356,0.9694850603940486,0.015923536996639703,0.012183797276074179,0,1
2024-08-27,-0.00478149536518728,0.019554665703749155,-0.006365661891667661,0.019685188021700713,0.027764398506754114,0.6718685831622176,0.653388090349076,0.6326671261199173,0.02008030449310121,0.005027350393163265,0.0232901725605795,0.8909705592336823,0.015911004069160083,0.012198843480748064,0,1
2024-08-28,-0.007493933575753062,0.0008099318053815127,-0.01518811331980218,0.02184184012955485,0.027566716579406673,0.6427104722792608,0.6402464065708419,0.48900062853551224,0.005241233364834941,-0.0015568355962737028,0.023079844786821603,0.9572684314821158,0.015982083701552432,0.012108710487265518,0,1
2024-08-29,0.005807474166618841,0.01631810594634592,-0.01682172611482064,0.021095909788496302,0.02722710575975594,0.6652977412731006,0.648870636550308,2.318881118881119,0.017517856881437165,-0.0021199434598629524,0.022882205138734873,0.9422577051615174,0.01594428877331675,0.012081865282213772,0,1
2024-08-30,0.005135558569124369,-0.0023439744159789466,0.013692078583965981,0.01941098542549242,0.02591260869267557,0.6928131416837783,0.659958932238193,2.7476340694006307,0.0037243616312544934,0.024223007059897383,0.02125693492207189,1.1109173960040253,0.0149520449650286,0.012046770190706756,1,1
2024-09-03,-0.025311740553102022,-0.02664413675829915,0.017540681981106396,0.030070504401488778,0.025426494603627104,0.5663244353182751,0.6131416837782341,0.19175360158966717,-0.017174242188468827,0.026542299260779473,0.020680554078157047,1.1493285329393281,0.014587507659438968,0.01247032744532427,1,1
2024-09-04,-0.0018320049509136717,-0.023694646344025544,0.046889747391077416,0.021850929475661154,0.02399552909799167,0.5540041067761807,0.609034907597536,0.8031914893617021,-0.017395884319495358,0.053476112073169914,0.01934915644367081,0.9410343800668379,0.012643097641929037,0.012380921954189012,1,0
2024-09-05,-0.0037028948941320414,-0.019903607662404524,0.032331753821504716,0.022035730618274504,0.02359563927588724,0.5330595482546201,0.6016427104722792,0.5631958087753766,-0.017221712232094427,0.03834518449478371,0.01933160608593488,0.9112527085093015,0.012545429369604092,0.012324344859459943,1,0
2024-09-06,-0.015930544290384215,-0.04164162611940758,0.028350641419606148,0.021601981103749876,0.023179243640788515,0.4517453798767967,0.5585215605749486,0.17163814180929096,-0.03724138139228127,0.03259551781978357,0.01911290652564349,0.9786458987564254,0.012787206992616897,0.012481680504620197,0,0
2024-09-09,0.0043511262606477155,-0.04242605842788424,0.010215324029069614,0.026117580302615455,0.022269775482997006,0.47515400410677616,0.5683778234086242,1.623076923076923,-0.03983515048033288,0.020000615838952518,0.018536532859772338,1.0090182414428979,0.011867709243689817,0.01241509599016749,0,0
2024-09-10,-5.2923063753808495e-05,-0.017167240938536023,0.01274360750621376,0.024133743806930976,0.0220340113730867,0.46283367556468175,0.5540041067761807,1.0110076206604572,-0.015878390242193067,0.02152727834582158,0.018497572750856284,0.9498308077092695,0.011847840519551785,0.012412824298057177,0,0
2024-09-11,0.005497797821202788,-0.009837438166419566,0.024813045016961615,0.027345589707150588,0.02194209168302153,0.4685831622176591,0.5638603696098563,1.2779369627507164,-0.010162908603551185,0.027981336421757652,0.0184790268187438,0.9823710426119808,0.01177472017720617,0.012420865139239696,0,0
2024-09-12,0.009049604378430663,0.002915061106143141,0.018270171701213922,0.03043095783263654,0.021762357185709888,0.5158110882956879,0.5790554414784395,3.153310104529617,-0.00045137974594018247,0.023699799734411896,0.01818112359790277,0.8938286957872771,0.011456600550054145,0.012419551814271023,1,0
2024-09-13,0.017726797035572152,0.03657240243209951,0.03882122730196735,0.02277797227874797,0.02201504977131383,0.5954825462012321,0.6201232032854209,7.173469387755102,0.027837878553693778,0.03816401956380997,0.018601399502529918,0.9276156432989183,0.011990550317415236,0.012556776135885607,1,0
2024-09-16,0.0032134426235174,0.03543471879496919,0.02148457667574571,0.023014242197876896,0.021531399220050127,0.6127310061601643,0.6225872689938399,1.9775561097256857,0.02905823379799895,0.027851676752877322,0.01809827317371235,0.9535456719961067,0.011209976727570894,0.012438307876727967,1,0
2024-09-17,0.005479642454599792,0.04096728431332279,0.02324181266344427,0.024274095837271328,0.021710427951408963,0.6410677618069816,0.6373716632443532,1.5190274841437632,0.03467447725529385,0.026775944405188733,0.0182092104429209,0.9907970906931133,0.011237657953634681,0.012449849778899178,1,0
2024-09-18,-0.0015474851488827194,0.03392200134323729,0.010199863670876046,0.01698312975242011,0.02149525183600178,0.628747433264887,0.6328542094455852,0.8071374335611238,0.031190605972741516,0.0175194348723549,0.017919973339347736,1.0379625180201326,0.01099258825101498,0.012451310547302004,1,0
2024-09-19,0.01663141186826716,0.04150380883307379,0.03657599440480849,0.021599271916094162,0.021756757193302646,0.7182751540041068,0.664476386036961,4.446712018140589,0.03830622486155747,0.03762983102360852,0.018492062576608084,1.0604942825525148,0.01126861454471104,0.012606655290790981,1,0
2024-09-20,-0.008971915922668036,0.014805095874833595,0.016353278159525874,0.02417459082493502,0.021894637312404732,0.6603696098562628,0.6431211498973306,0.38782608695652177,0.012712057278183073,0.023080104791143627,0.018624555343148618,1.7248212227621615,0.011279446832318104,0.012671101727766585,1,0
2024-09-23,-0.0006564520472431539,0.010935201204073043,0.02539752608662829,0.02332609136387522,0.021838969286955896,0.657905544147844,0.6406570841889117,1.2221180880974696,0.009240328037009802,0.028024277922592128,0.01858313797638268,0.7191982440010024,0.011029198959018622,0.012660901558764285,1,0
2024-09-24,0.0056182086754600225,0.011073767424933276,0.007218095830639078,0.026848261304365954,0.02134008043336439,0.6681724845995893,0.6521560574948665,1.3886113886113887,0.007948707919178854,0.013885328141442997,0.017760082476120233,0.7281958837106929,0.009814112717177713,0.012618852526274241,1,0
2024-09-25,-0.011133942071964118,0.001487310501851875,-0.002904268030543226,0.02306455646201294,0.021589929480648883,0.6143737166324436,0.6250513347022587,0.288099084544965,6.955827961688908e-05,0.005269695141376004,0.018162829948588043,0.7419212474868645,0.010127578397225211,0.01271157130803884,0,0
2024-09-26,0.011302442156426347,-0.0038416592099889354,0.013179669491070401,0.029091750937815842,0.02209109607906679,0.6722792607802874,0.6513347022587269,2.206989247311828,-0.004803721716758259,0.016284613829974256,0.018675589644536687,0.7933290107599217,0.010364288292673036,0.012770747154173754,1,0
2024-09-27,0.005362627384658946,0.010492884097338047,0.02603623045148241,0.021904442623094645,0.022060178539317413,0.7006160164271047,0.6648870636550308,1.7768691588785046,0.005016961835886099,0.022953183500566517,0.01862998348955489,0.9357073276328438,0.010239530068051913,0.012773918945901745,1,0
2024-09-30,0.0015276816833194044,0.012677017827900606,0.021756437968182975,0.02502807074321607,0.022119144961728475,0.7051334702258727,0.6657084188911704,1.3577075098814229,0.0057306692280980846,0.0193959382930028,0.018597744566864888,1.0097388849682285,0.010186527141615779,0.012717811797104668,1,0
2024-10-01,-0.00885335366004916,-0.0017945445076085803,0.007767525739009444,0.0261586228261139,0.022451250702330193,0.6361396303901438,0.6386036960985626,0.43410852713178294,-0.003984991597864515,0.006172902411178841,0.01887391736619976,0.977004568961184,0.010360940274635595,0.012781117397671599,1,0
2024-10-02,0.0009746952859837167,0.010314092850339254,0.034053961578095183,0.02157845859209571,0.021321521351731123,0.6229979466119097,0.6435318275154004,0.9057971014492754,0.004532199160134417,0.02194422616674949,0.017766504885117433,0.8475064087624274,0.008529062279835848,0.012773230249017026,1,0
2024-10-03,-0.006216666385889526,-0.00720501569197662,0.02966930014311933,0.02218703912783725,0.021395069101640195,0.588911704312115,0.6308008213552362,0.4253149370125975,-0.012241996113938692,0.018692244560975145,0.017824822809550434,0.8674805140403568,0.008670333796514539,0.012790786617206095,1,0
2024-10-04,0.012529399115495724,-3.82439611398438e-05,0.04590159415274709,0.023390019496441407,0.02144635015897529,0.655441478439425,0.653388090349076,3.202797202797203,-0.005569690165424289,0.030786245522350722,0.01798420604074222,0.8788034264299001,0.008911662060901385,0.012864429672576814,1,0
2024-10-07,-0.008502464479583242,-0.010068390124042488,0.05332967396354807,0.04001577629093413,0.021370486718982368,0.588911704312115,0.6291581108829569,0.32555555555555554,-0.015406930336549426,0.03755857731175529,0.017661201428734223,0.9595171065733932,0.008281799865792246,0.01291507419210328,1,0
2024-10-08,-0.0024478731863052257,-0.003662909650298557,0.04653067451659512,0.024374682117086613,0.021352640469831416,0.5856262833675565,0.6188911704312114,0.9637860082304527,-0.007085600643841565,0.0323352811688022,0.017557893413065413,0.9576154376291882,0.008340128709273923,0.012873606294876737,1,0
2024-10-09,0.002095004970163992,-0.0025425999661182774,0.04867860255051292,0.021224997213183418,0.02120589400692011,0.6016427104722792,0.6225872689938399,1.41869918699187,-0.0035738114578622634,0.03666661797432286,0.01749717048614952,0.9320777102180025,0.008324070398807403,0.012462718838758213,1,0
2024-10-10,-0.0028801819536824146,0.0007938844660888354,0.04030062277562772,0.020731295989781538,0.021062313386981852,0.582340862422998,0.6188911704312114,0.6141304347826086,-0.00020990633086842805,0.030888876524551336,0.01740149035047332,0.938618856460885,0.008364720603202286,0.012422686203191646,1,0
2024-10-11,0.015292419841598228,0.0035569051921913414,0.04654343823879529,0.021159965229875774,0.021084392142520485,0.6735112936344969,0.6451745379876797,5.367021276595745,0.001958558878705932,0.03502439964457318,0.017567228569179846,0.9136470250346995,0.008733604768443592,0.012539476130559182,1,0
2024-10-14,0.0033891265593110407,0.015448496231085622,0.032205767762534185,0.02033310133753044,0.0207056862927919,0.6915811088295688,0.6521560574948665,1.7155858930602959,0.016923236659078963,0.02443313128654921,0.017162300766630993,0.8881330897500647,0.00798914767953586,0.012115561078190498,1,0
2024-10-15,-0.0033080495873586665,0.014588319830032183,0.025684275551658114,0.0257140522218595,0.020909597180549532,0.6677618069815195,0.6484599589322382,0.9670239076669415,0.014847247019868401,0.01707153270016758,0.017325714984764345,1.1191267204556152,0.008047124284898927,0.012067345077061522,1,0
2024-10-16,0.012168920934043287,0.024662235793911476,0.032373554031101606,0.031252034691557705,0.021111932442095985,0.7108829568788501,0.6652977412731006,3.5103578154425614,0.02200131526898738,0.023452461630164477,0.017547398589976327,0.9973797464648462,0.008350708860477014,0.01196785076222709,1,0
2024-10-17,-0.0016055890044941608,0.02593682874309973,0.03231545017549017,0.0221979353175493,0.02125118610613979,0.6952772073921971,0.6624229979466119,0.8932270916334661,0.024751949647164647,0.02395328933036308,0.0176529371617206,0.959076333940795,0.008351793100894265,0.011934862311319582,1,0
2024-10-18,0.0035515344434471708,0.014195943344948673,0.019235572750670175,0.025167991781432687,0.02097817579878116,0.6928131416837783,0.6648870636550308,1.1998149861239593,0.01315807150575182,0.01042317123737354,0.0172067685948543,0.9318693693693038,0.00762616259375006,0.011818664264395526,1,0
2024-10-21,-0.011606326195488735,-0.000799509409851105,0.016601162477849478,0.02135991008873735,0.021017680431586177,0.6078028747433265,0.6394250513347023,0.25104166666666666,-0.0031286856265824855,0.008129084397555133,0.017466567875403023,0.921672001506221,0.007816246865339074,0.011906977711810776,1,0
2024-10-22,-0.003655666711839896,-0.001147126534332335,0.013601947813252736,0.02298047318379085,0.021069007687759902,0.5741273100616017,0.6324435318275154,0.6393897364771152,-0.004516579591147941,0.004720760049327524,0.017588981891775424,0.9091057228522934,0.007871216143501426,0.011671877309078534,1,0
2024-10-23,-0.008651202982782382,-0.021967250451158004,-0.0006674638449896699,0.024503939670144113,0.021155749766970204,0.5252566735112937,0.6143737166324436,0.39498249708284716,-0.020496869677332108,-0.005143094790476249,0.017646049912851576,0.9727051222383309,0.008034889057500817,0.011693244685307991,0,0
2024-10-24,0.0016771998121198688,-0.018684461634543976,0.01214367803909432,0.02725074961116889,0.021243392576099744,0.5318275154004107,0.6176591375770021,1.1550946798917945,-0.01909968084689085,0.006439786451004988,0.017604784028350466,0.945592417061607,0.0076257329542553974,0.011567047858024803,1,0
2024-10-25,-0.0030174219585740293,-0.025253418036565178,-0.0021761860759060615,0.02763328924247195,0.020959502297692775,0.49568788501026695,0.6106776180698152,0.6473429951690821,-0.02409242958346646,-0.006460538814165309,0.017363831650621032,0.9132172899141786,0.007249801770070024,0.011551321849741095,0,0
2024-10-28,0.012297250490381655,-0.001349841350694784,0.0047584370298166465,0.025347865453853667,0.021181086788449998,0.5560574948665298,0.6308008213552362,3.042087542087542,-0.0033275121378211416,-0.0012366053830371413,0.017646585383366584,0.9869945673509172,0.007657690252193587,0.011652758905387698,1,0
2024-10-29,-0.00380303706000105,-0.0014972116988559412,-0.0005722817135038092,0.02927554534735046,0.021407040887341786,0.5305954825462013,0.6180698151950719,0.6119704102219233,-0.004113530849709646,-0.00767748371037905,0.01792125317247855,1.0034246575340748,0.0077006373401402595,0.011626886478848242,0,0
2024-10-30,-0.002379261395163423,0.004774729888763019,0.005901810551381928,0.033256853841069384,0.021546597425946137,0.5170431211498974,0.6180698151950719,0.8955342902711324,0.0016498907585329578,-0.0011242485944271527,0.017727597400367463,1.0021861383750192,0.007455307779104864,0.011166960648759668,1,0
2024-10-31,-0.015243265473194505,-0.012145735396551352,-0.010316150207796292,0.0358509684073337,0.022444744132114332,0.43655030800821354,0.5819301848049281,0.25352848928384736,-0.012355594630217253,-0.011131829535814333,0.018625395629966443,1.0846121941102902,0.008184223450650107,0.01069996317676983,0,0
2024-11-01,0.0021071660524951932,-0.007021147385482128,-0.001992317769411571,0.03329753679546027,0.02275596930459327,0.45092402464065706,0.582340862422998,1.1406810035842294,-0.007547198166129499,-0.003205120119711164,0.018563877153259457,0.979710737466137,0.00809414054014112,0.009894036407551918,0,0
2024-11-04,0.002042285744458812,-0.01727611213140497,-0.012479431140448482,0.027149101162709265,0.02275894843646957,0.4595482546201232,0.5876796714579056,1.171195652173913,-0.016189407679267524,-0.011428739421586523,0.018495415038099147,0.9366127730791001,0.007583733634091605,0.009817091699777394,0,0
2024-11-05,0.014322211987187378,0.000849136915783457,0.010345245326322137,0.028881568767668307,0.022948236332297766,0.5462012320328542,0.6176591375770021,5.513586956521739,0.002604010146674881,0.009678593561810753,0.01875738979697527,0.8900441083805642,0.008016900256584731,0.009814249946248571,1,0
2024-11-06,0.03097009915047015,0.03419849746141704,0.04376321766309752,0.05628288410697651,0.02585423458146514,0.6521560574948665,0.6706365503080082,3.0318257956448913,0.030998440774058448,0.03832904072464402,0.022380139752582785,1.4010346101735802,0.010374160744948659,0.010159525209552954,1,0
2024-11-07,0.0009654526705819936,0.05040721560519353,0.04263366536351552,0.04209508041555557,0.026759707376870626,0.6648870636550308,0.6681724845995893,1.0777873811581677,0.048167937375624435,0.03669420674745697,0.022866245719981016,0.9889581967088069,0.010377028499305815,0.01014582568924778,1,0
2024-11-08,-0.00019704153588810734,0.048103008016810236,0.04531680578130983,0.04164803860098786,0.027432927374034802,0.6583162217659138,0.6669404517453799,1.2617702448210923,0.0472678793898061,0.04105036285675192,0.023365656590415684,0.8928402943766477,0.010329957596680234,0.010094147188170437,1,0
2024-11-11,0.008099613532057744,0.05416033580440916,0.038123999471769345,0.03186535281424964,0.027675079978966708,0.6595482546201232,0.6685831622176591,1.8400473933649288,0.052278450818463044,0.03505711067047737,0.023622846215564073,0.8502215947632198,0.009986205001455889,0.009971853320209117,1,0
2024-11-12,-0.01397640736167891,0.025861716455542874,0.02075846555077939,0.03392359172149366,0.028233645730941066,0.6057494866529775,0.6414784394250513,0.2963362068965517,0.02884407112307941,0.020206129470988505,0.02403469952140401,0.8423586040913716,0.010552325047878982,0.010149670498469992,1,0
2024-11-13,-0.0061352050476173705,-0.01124358774254465,0.017931310090520687,0.03388437234525296,0.028419933447053375,0.584394250513347,0.628747433264887,0.6059179556153329,-0.004295901027064606,0.01829391265943035,0.023978221796848997,0.8999862455663898,0.010627646715972812,0.009893601479656025,1,0
2024-11-14,-0.009322108862077252,-0.021531149275203897,-0.0035597197055998527,0.032491843959234386,0.02861491614695996,0.5548254620123203,0.6114989733059548,0.4456456456456456,-0.010600836014615983,0.0,0.024291811753162904,0.9274428425804488,0.010517756898632526,0.00997260029198699,0,0
2024-11-15,-0.013233263450559205,-0.034567371189875,-0.015187394151664894,0.03079511477638655,0.028992462884061952,0.5112936344969199,0.5864476386036961,0.41617473435655256,-0.02269139015629393,-0.00904905800425298,0.02457135849767661,0.9569794743618512,0.0108963876925909,0.010032387718732858,0,0
2024-11-18,0.0036320599990909194,-0.03903492472284182,-0.01510686859602115,0.029034339472541932,0.02908219137349388,0.5248459958932238,0.5921971252566736,1.3576354679802956,-0.027045387990779008,-0.008176613636745635,0.02464570932919594,0.9009564267703112,0.010897981287266678,0.009954746612411617,0,0
2024-11-19,0.0026013058671914098,-0.0224572114939715,-0.0008992365333410014,0.02585550224560831,0.029049702951007898,0.5108829568788501,0.5950718685831622,1.0322307039864291,-0.016303840746995386,0.0022647073112424527,0.024499671001970553,0.8780478989976817,0.010625932665380401,0.009865374866456188,0,0
2024-11-20,0.0013078356908482434,-0.015014170755505886,0.004064265869347139,0.0256663166102352,0.029074879972140547,0.5158110882956879,0.5983572895277207,1.1007957559681698,-0.01174396233395226,0.0072654512571074656,0.024536184778336124,0.8682926829268027,0.01059671495704477,0.009778736962740618,1,0
2024-11-21,0.012666745122831556,0.006974683229402921,0.025382213974961074,0.033311435199889064,0.029212176884658325,0.5638603696098563,0.6180698151950719,4.121276595744681,0.007273668588078368,0.026867264244648924,0.024623842679041122,0.9498074807480618,0.010727343952860955,0.009449388495727813,1,0
2024-11-22,0.013616980942607342,0.03382492762256947,0.03732199510544855,0.025973682126271946,0.029223433798624764,0.6032854209445585,0.6386036960985626,4.0251572327044025,0.027493147462515043,0.03589930152334142,0.02460115864106015,0.9891705979410165,0.011064529290106777,0.0095901587895846,1,0
2024-11-25,0.011934883542028573,0.04212775116550713,0.052274300606051156,0.046485962618663876,0.029503963227941764,0.6431211498973306,0.6603696098562628,2.832802547770701,0.03751625626264389,0.05291623908129511,0.02485962731783273,1.2691544263596162,0.011220559059504073,0.009665907093440503,1,0
2024-11-26,-0.005599429463775058,0.033927015834540664,0.034377620651894446,0.029058976524933906,0.029571646305021064,0.6258726899383984,0.6464065708418891,0.6173089925625422,0.03144905281581243,0.040354906569310636,0.024958894776944983,0.885492873787448,0.011117546718083043,0.00964195887652386,1,0
2024-11-27,0.0032414186684071532,0.035860598812099576,0.041422076380302646,0.023447548119454795,0.029363585585713094,0.6418891170431211,0.657905544147844,1.2154131847725163,0.030354676586261477,0.04602823173946167,0.02489327662428894,0.7642310865348125,0.011051274984437642,0.009626879030100835,1,0
2024-11-29,0.003833531114933213,0.02702738480420123,0.047634868890399286,0.0192898844277387,0.0289224131072419,0.6607802874743326,0.6632443531827515,1.5509110396570203,0.020496990308410245,0.04997079501742225,0.024384871467335822,0.5615929568745938,0.011012042040877416,0.009619238501848032,1,0
2024-12-02,0.002210742881823236,0.015621146743417122,0.06508887724541702,0.028550223696316386,0.028237753982246986,0.6677618069815195,0.6652977412731006,0.9695973705834018,0.009820064178801713,0.06535044132020448,0.023608475721242004,1.0307051057516619,0.010257051376309544,0.009012053513561621,1,0
2024-12-03,-0.0059226779261380424,-0.0022364147247494956,0.05705903326678379,0.029283873870359207,0.028101965171263635,0.6410677618069816,0.6640657084188911,0.5258455647734525,-0.004819033796958711,0.05891430341402352,0.02350476613508187,1.0416906599101092,0.010443864587913049,0.009050443096975046,1,0
2024-12-04,0.0006338565899305156,0.003996871328956075,0.05565060411225549,0.0399834557302018,0.028163120083008416,0.6406570841889117,0.659958932238193,1.1056338028169015,0.0,0.059200634528649924,0.023529881371415748,1.0618651892889968,0.010452933104837366,0.009027894109714694,1,0
2024-12-05,-0.008596780861268359,-0.00784132820071944,0.032731611263799754,0.027075406112628892,0.028028199359376477,0.6123203285420945,0.6386036960985626,0.46597179644389947,-0.008285815156572177,0.038195502499205336,0.023468914525467465,1.0015530103441443,0.010369459318467267,0.008846093559401242,1,0
2024-12-06,0.0016081172869358636,-0.010066742028716788,0.0033696294002654613,0.026763338597616988,0.025087170402693756,0.6061601642710472,0.6402464065708419,0.9891936824605154,-0.011116505500795206,0.005256912814165246,0.019034564827447958,0.889259744903988,0.007888057779523993,0.008838732919427626,1,0
2024-12-09,0.001593973771571884,-0.010683511138968139,0.003998150501255352,0.03208068489906487,0.02467492939405995,0.6135523613963039,0.6537987679671458,0.9246190858059342,-0.012300324831523667,0.005557760870751054,0.018876600914991333,1.0357362130401573,0.007892456048839423,0.008836540994887662,1,0
2024-12-10,-0.0051762237205513414,-0.009937056933381438,-0.0009810316834078837,0.030080845761858755,0.024150209919226655,0.5860369609856263,0.6427104722792608,0.5951903807615231,-0.01025649013484849,-0.00011492666588675686,0.018532363369656482,0.9827373805105417,0.007978994570041222,0.00886119851289702,0,0
2024-12-11,0.0025720437605291574,-0.007998869762782796,-0.006508601454936472,0.02841366866736116,0.02379368873223112,0.5975359342915811,0.6443531827515401,1.3193768257059397,-0.00930396671859197,-0.005300668780510221,0.018289898545421467,1.0201473909425585,0.007785651396612872,0.008807759081215854,0,0
2024-12-12,-0.010862322288900285,-0.01026441119041472,-0.003394516382157845,0.02833390482784806,0.023512568109097146,0.5498973305954825,0.62217659137577,0.34699606962380686,-0.010878070818146714,-0.001299699515502129,0.018088233479008467,0.884902480134789,0.007538056669926424,0.00868021833639252,0,0
2024-12-13,-0.006560632240879183,-0.018433160718229764,-0.0038199435754196587,0.02584361179419752,0.023209239682918322,0.5047227926078028,0.606570841889117,0.4484848484848485,-0.014913325208767036,-0.0026579465826462563,0.01797570852962951,0.8949228919691374,0.007555464803425638,0.008723387167696077,0,0
2024-12-16,-0.001433503008975228,-0.021460637498776882,0.004068662277682368,0.02729643620274423,0.022957166626847506,0.4903490759753593,0.5942505133470226,0.7937219730941704,-0.01728022260099886,0.0019120775713119065,0.01770985480734548,1.0512137778659008,0.00726897776340922,0.008704881453080394,0,0
2024-12-17,-0.0075100823364865985,-0.023794496114712134,0.009791843391754974,0.024713904926043587,0.022656576513423253,0.4299794661190965,0.5700205338809035,0.3532058492688414,-0.022310557353923368,-6.102381671995934e-05,0.01747870995497533,1.0700628426260053,0.006834710646037055,0.00875998432872377,0,0
2024-12-18,-0.037323288715500225,-0.06368982859074152,-0.031163505322836172,0.026684812647603365,0.024236388635998994,0.24394250513347024,0.486652977412731,0.041113490364025694,-0.05905597319567899,-0.0367852853442995,0.019454338221643195,1.201287616446364,0.010659318057131714,0.009733579880893068,0,0
2024-12-19,-0.0033552655930664324,-0.05618277189490766,-0.037120076783094015,0.02591305771651508,0.02420671403177494,0.2402464065708419,0.47967145790554416,0.6608756080611535,-0.05425290849565208,-0.040454995636562456,0.01932394742719205,1.063394153016767,0.010624367889814967,0.009679644470843237,0,0
2024-12-20,0.008909703973292297,-0.04071243568073618,-0.029518208500649963,0.030205606655658412,0.02438670555997632,0.2718685831622177,0.4940451745379877,2.777952755905512,-0.03918037654456976,-0.032442406651826065,0.01940255401699725,1.6389174983130248,0.010861258889189204,0.009749380309702366,0,0
2024-12-23,0.001076828983898427,-0.03820210368786253,-0.041108124639583084,0.02336249514392571,0.023960669281742054,0.2677618069815195,0.4952772073921971,1.0641247833622183,-0.0372135833298257,-0.04639973212592209,0.018987974189977812,0.6205527895895195,0.010394886469499627,0.009722508829001315,0,0
2024-12-24,0.00867134734580427,-0.02202067400557166,-0.04605375823638616,0.017293955288841527,0.023561608231438717,0.30677618069815193,0.5166324435318275,4.798543689320389,-0.02038294902706797,-0.049230422848240044,0.018453439580783753,0.29727867939421954,0.010075505474060258,0.009685367752942764,0,0
2024-12-26,0.006992098249717781,0.022294712959646346,-0.05099654352869695,0.023357322337610648,0.02290099620142673,0.328952772073922,0.5273100616016427,2.0253485424588087,0.018448988903311436,-0.05359103434924653,0.017775782726507882,0.5417721518987313,0.009782436822513337,0.009619628635203976,0,0
2024-12-27,-0.009350507520882371,0.016299471031830413,-0.054747621585804256,0.019994907312178758,0.022613597293930473,0.2829568788501027,0.506776180698152,0.15980629539951574,0.012547263496777742,-0.056622802064824104,0.01742343798618705,0.6891831214201976,0.009877022499700901,0.009665475856891136,0,0
2024-12-30,-0.006965510166348129,0.0004242568921899829,-0.06495455042055955,0.024993426905836134,0.022525058102507548,0.24517453798767966,0.49075975359342916,0.2913513513513514,-0.0038578888380125203,-0.06790015590902455,0.0173901128509581,1.132000529590816,0.009825839546919875,0.009699483292651996,0,0
2024-12-31,0.0036621319782543043,0.003009559886545857,-0.06512594955723845,0.02199957168681427,0.022613122777452598,0.25174537987679674,0.4948665297741273,1.696045197740113,-0.0025740014677451727,-0.06567428723108873,0.017458852708885232,1.1476934523809168,0.009819867632887832,0.009651239918894368,0,0
2025-01-02,0.0033102131103252743,-0.002351574348933138,-0.06402647932873641,0.029777961749286624,0.02271367120310984,0.2706365503080082,0.4952772073921971,0.8651162790697674,-0.011634184294240906,-0.06384450475146548,0.017449508645839797,1.092499203239524,0.009852481926820198,0.009660243559272075,0,0
2025-01-03,0.012559432414587953,0.00321575981593703,-0.045544368988010425,0.03339248621868004,0.022976938433185136,0.3203285420944558,0.5178644763860369,3.443830570902394,-0.005039607066034828,-0.05066362716734142,0.01762633904838997,1.0155778894471852,0.010393561922373312,0.009759091129940908,0,0
2025-01-06,0.0011110251970156914,0.013677292533835091,-0.045067200380925244,0.027790829461062195,0.022889111946084593,0.3104722792607803,0.5059548254620123,0.9166666666666666,0.004233056651355393,-0.0541621622766233,0.017728610822101264,1.1476578411404128,0.010400514641313833,0.009630681867058817,0,0
2025-01-07,-0.005619167563623314,0.015023635136559908,-0.0420895870832802,0.02580015301640452,0.02281621841664679,0.3047227926078029,0.4915811088295688,0.5613114754098361,0.0062500019125655264,-0.05136568948374923,0.017677242741806903,1.0703548691346223,0.010328219973941254,0.009596560869676961,0,0
2025-01-08,-0.005265450443892284,0.006096052714413319,-0.048963154814108345,0.030724424615410934,0.02284263168682995,0.29815195071868583,0.48829568788501027,0.8646322378716745,0.0018657760615042008,-0.05152536348929831,0.017664593453688156,0.9743005855561993,0.01031692483375879,0.009614775234518362,0,0
2025-01-10,-0.016869598888557255,-0.014083759284469212,-0.0674267274742375,0.030772350155287894,0.02291441920095919,0.2349075975359343,0.44353182751540043,0.21374431531076302,-0.01436069440172282,-0.06743685928228439,0.017823257886786077,1.0810641234784715,0.010743577906951443,0.009841408180163826,0,0
2025-01-13,0.0014784566472823741,-0.025164735051774786,-0.06077204710640377,0.03464340944318446,0.023254599497500007,0.23367556468172485,0.45297741273100617,1.5708154506437768,-0.020450829235268354,-0.060111952694746576,0.018093852494234362,0.9829431633742234,0.010780785494996963,0.009838512003806636,0,0
2025-01-14,0.006802302487415713,-0.019473457761374765,-0.05654178837951721,0.027033903894100885,0.023459574660874633,0.2698151950718686,0.4784394250513347,2.4589928057553956,-0.008779177996623467,-0.05483090216199233,0.018680894620539422,0.9065679925994294,0.010926560372419637,0.009678885208075765,0,0
2025-01-15,0.015652061118307196,0.0017977709205557442,-0.030027404972309737,0.024481787387159403,0.023695193479698895,0.33552361396303904,0.5129363449691992,4.665882352941177,0.010516622395998917,-0.032889603437146274,0.01915357630314035,0.9451460662307499,0.01145445933652532,0.009877498428546402,0,0
2025-01-16,0.002547571489407983,0.00961079285385601,-0.02091920124202257,0.0246281130157967,0.023758632256551334,0.3655030800821355,0.5236139630390144,1.4263803680981595,0.015962577438199545,-0.021984556805331425,0.01923095614887369,0.8892288001241113,0.011422866899590479,0.009875340073271502,0,0
2025-01-17,0.004652622597396912,0.031133014339810177,-0.014833075635650433,0.021397694583230098,0.02355020160112178,0.3893223819301848,0.5342915811088296,1.7157534246575343,0.03584656375581743,-0.017212120788529878,0.019097242129488445,0.9607503870321027,0.01148823592735804,0.009769462180078783,0,1
2025-01-21,0.014467099274856541,0.04412165696738435,0.00714410597569271,0.02965523868707853,0.023842536273164006,0.4813141683778234,0.5650924024640657,4.178494623655914,0.04416455852540303,0.005292298301042657,0.01931664752325478,1.0366136963638741,0.01183328710776476,0.009941243198250498,0,1
2025-01-22,-0.005003139552828362,0.03231621492714027,0.03946425513836457,0.026135404902033917,0.02214671157383845,0.4513347022587269,0.5527720739219713,0.5088383838383839,0.02694437233117134,0.03375087587546138,0.017142980836748475,0.9636656567113816,0.008248649532140278,0.009950755249251934,0,0
2025-01-23,0.005015796049565974,0.02167994985839905,0.04783531678099698,0.026140121569123608,0.0221198253253222,0.475564681724846,0.5613963039014374,1.5526881720430108,0.017945675091647323,0.038723549565708344,0.01720308452105487,0.9388607482448985,0.008185063397495368,0.009860923308295407,0,0
2025-01-24,0.0003238542033105647,0.01945623257230163,0.03924946701101525,0.023898767256602428,0.021984825463782044,0.48213552361396306,0.5593429158110883,1.0067396798652064,0.014691790630397675,0.031557552608438136,0.01714665054873792,0.8753479740178948,0.008050564967668953,0.009848852593722812,0,0
2025-01-27,-0.0074224427088254,0.007381167266079318,0.03075019531829142,0.04765472767792764,0.023281387444468362,0.4833675564681725,0.5679671457905544,1.187956204379562,0.012966260958190885,0.031026460085825054,0.017983791290586852,1.0559244000513721,0.008302095488659157,0.009832205866908484,0,0
2025-01-28,-0.0013688230609920843,-0.008454755069769306,0.020710024911495064,0.03628184676277865,0.023696240727504626,0.4731006160164271,0.5589322381930185,0.8192862566438877,-0.002151976089704341,0.020962901873232607,0.018342681583064607,0.9206494099236838,0.008154080284311005,0.009832506256676761,0,0
2025-01-29,-0.002892907695029048,-0.006344523211969996,0.010825018966748232,0.024114707895477202,0.023848507990231693,0.45544147843942506,0.5457905544147844,0.6865248226950355,0.0002650625712799222,0.014598859583251848,0.01860133174494391,0.8998265394622561,0.008074973644660387,0.009831863605477841,0,0
2025-01-30,0.011626129974815434,0.00026581071327946447,0.03180165646244604,0.02747546567629176,0.024198473053719485,0.5240246406570842,0.5691991786447639,3.6569767441860463,0.006423191211323078,0.03352754787209831,0.018875662361201587,0.9238897776175529,0.008090919729203767,0.0098188913007259,1,0
2025-01-31,-0.009410057505677624,-0.009468100995708726,0.029357109123116537,0.022872147132363217,0.024360773251387923,0.471047227926078,0.5548254620123203,0.3702857142857143,-0.0013855540486672484,0.03304147925248032,0.01921001460287784,1.0502229063072654,0.008235319669219863,0.009880806371465422,0,0
2025-02-03,-0.012922709805016022,-0.014968368091899347,0.012772267339846216,0.026083530111879676,0.024742343914384544,0.4078028747433265,0.5326488706365503,0.3385387618516453,-0.011891362360531631,0.018459969079328054,0.019618214544248593,1.0523297231378452,0.008784266840086648,0.01001176835940395,0,0
2025-02-04,0.011584377140054525,-0.0020151678908527366,0.021046431369575465,0.025378412716303905,0.024712274343127814,0.4706365503080082,0.5486652977412732,2.5692995529061102,-0.0011792270002253381,0.025736759427191426,0.019751460891582154,0.91938270093095,0.009091705917474577,0.009926371454700296,0,0
2025-02-05,0.008359055447444216,0.009236795251620524,0.016846054402431723,0.028246001470586084,0.024746575345257007,0.5174537987679672,0.562217659137577,2.3112033195020745,0.008733665689921526,0.02396517717062459,0.019932940267243012,0.9091339793014123,0.00886819026788765,0.00997534214945071,1,0
2025-02-06,-0.0014097664182214516,-0.0037991011414163604,0.014325262787194582,0.033100516042677,0.024976235201051886,0.5248459958932238,0.5601642710472279,1.0025188916876575,-0.002699560056110015,0.025750526861327894,0.020328085970807933,0.9063017434498807,0.008880852352140197,0.009975936644845466,1,0
2025-02-07,-0.010824888640215613,-0.005213932275954349,0.009119541710602287,0.029341274363434578,0.025126929898287884,0.4767967145790554,0.5408624229979466,0.2992383025027203,-0.0026491843093346817,0.022145759936830246,0.020428128447701314,0.921858359957381,0.009134565417294736,0.00991259965276797,0,0
2025-02-10,0.0031496327640420725,0.010858410293103749,0.01753462491853664,0.027146097625792457,0.025103492228714372,0.5006160164271047,0.5462012320328542,1.2422535211267605,0.009803990548037716,0.025664167264254235,0.020547926539406923,0.9532617473100626,0.009056268863264097,0.009096591322205435,1,0
2025-02-11,-0.003811927827845475,-0.004537894674796253,0.030592295979248424,0.029141331454601124,0.02460751155537549,0.5092402464065708,0.5490759753593429,0.9385610347615198,0.0012055075284942351,0.04253609245782671,0.019900304201906582,0.9168273571340944,0.008186398834841381,0.0091045498145408,1,0
2025-02-12,-0.005669784714926406,-0.018566734837166872,0.023444054617039644,0.02962458728384135,0.024545233139135498,0.4566735112936345,0.5207392197125257,0.5059786028949025,-0.014564215665098563,0.030061116677866703,0.020046558700408893,0.9931375590881624,0.008332756770301755,0.009127486501987192,0,0
2025-02-13,0.011426257212031596,-0.005730711206913826,0.028068009341655525,0.03153368108535396,0.02470581439681707,0.5227926078028747,0.557700205338809,3.6986301369863015,-0.0037664598496913075,0.030478520586304913,0.020066102378231813,0.948030780148134,0.008548808068296061,0.009188095641859214,1,0
2025-02-14,-8.083085783117356e-05,0.00501334657547061,0.012335117365517151,0.02925102592513362,0.024699853679063057,0.5219712525667352,0.553182751540041,0.9297820823244553,0.004089938133241974,0.01861446639913547,0.019994121711317873,0.9324257250230282,0.007895984213673251,0.00902607490568379,1,0
2025-02-18,0.0053488766810878535,0.00721259049251639,0.015136422557197025,0.02839601713164663,0.024853234064701843,0.553182751540041,0.5638603696098563,1.892121212121212,0.007800652009860373,0.020165843710344626,0.020079907044081798,1.0549249177038291,0.007954203655636932,0.009023004462954183,1,0
2025-02-19,-0.003074534486325418,0.007949983834036448,0.007409265473474692,0.03127729374348407,0.025196853805212707,0.5457905544147844,0.5581108829568788,0.7927927927927928,0.00602403759684854,0.01313654793714665,0.02063952368014295,0.967342729460279,0.0079419421095145,0.008954672455010637,1,0
2025-02-20,-0.006120551450113319,0.007499217098849534,-0.01317838525149517,0.03209016495758217,0.025143548385050837,0.5227926078028747,0.5445585215605749,0.6091336467427804,0.008378235313915686,-0.002801476321968454,0.02041570595226858,0.9543975867239621,0.007362055551450897,0.008829786739631444,0,0
2025-02-21,-0.02051962602930013,-0.02444666614248219,-0.02869487172796694,0.03334277688110781,0.025749396740987435,0.44188911704312117,0.5018480492813142,0.22098327420172326,-0.019126883105874695,-0.013545141898383123,0.021295878030642576,1.0624335690188764,0.008511996125526005,0.00918916235777985,0,0
2025-02-24,-0.007083432210646434,-0.03144926749529745,-0.04079409998817935,0.0299765950483745,0.02582934607530511,0.43162217659137575,0.4854209445585216,0.6673596673596673,-0.02495695893134886,-0.02149352124182794,0.02121510800150968,1.0037480399280891,0.008467768397500552,0.009220395441386349,0,0
2025-02-25,-0.004332547681581277,-0.04113069185796658,-0.04545050187307119,0.03166638276291862,0.026158548307908182,0.43121149897330596,0.4940451745379877,0.9505271695052717,-0.032141236904719615,-0.024107619898399723,0.021606805870560585,1.037987865616223,0.008466418397848697,0.00923015967068321,0,0
2025-02-26,0.0011216358736397313,-0.03693452149800142,-0.03690642329060606,0.03138265001701628,0.025455929877705095,0.433264887063655,0.4854209445585216,0.9501226492232215,-0.02827724958137874,-0.024796572501202433,0.021271025067459846,0.8975039830058277,0.008406182345345268,0.009076508997203787,0,0
2025-02-27,-0.014052381950253606,-0.044866351998141714,-0.04958998217986758,0.03657560375178447,0.025855995694993174,0.395482546201232,0.4562628336755647,0.4069086651053864,-0.03353110300622564,-0.03310002946307088,0.02163800159230314,0.8980019694418785,0.008822221325561567,0.00903945233015313,0,0
2025-02-28,0.008062735260921198,-0.016283990707920387,-0.03863433922391733,0.0344055224242454,0.026266221686857008,0.43162217659137575,0.4837782340862423,2.859903381642512,-0.0051704899228073005,-0.020901573778192503,0.022007991108971826,1.103752239087369,0.009108504147566957,0.008961604759921889,0,0
2025-03-03,-0.02524121859151609,-0.03444177708879004,-0.07550168779024885,0.0396404854211751,0.026671270888475256,0.36098562628336756,0.4464065708418891,0.252987012987013,-0.021926246947105748,-0.05345427301046374,0.022259427018514036,1.0166144521826062,0.009901700185944077,0.009444015602617246,0,0
2025-03-04,-0.00960965928596444,-0.03971888869317321,-0.07570128957053567,0.02873692080081519,0.027021901953776226,0.31745379876796714,0.4028747433264887,0.38666666666666666,-0.030617499092154953,-0.059424878704241936,0.022687116093929982,1.0945566778899805,0.009907654968914792,0.009477305888146019,0,0
2025-03-05,0.014016899083611482,-0.026823625483201458,-0.048761680681908164,0.030151981028479716,0.027341230385086204,0.3593429158110883,0.4262833675564682,2.655538694992413,-0.019763453038757522,-0.036068977792138614,0.022722169700809668,0.8946604792556632,0.010373946845931497,0.009659451783186283,0,0
2025-03-06,-0.011129915075059347,-0.023901158608007195,-0.07147597289702204,0.03253140817880842,0.02747130533077511,0.32073921971252567,0.3839835728952772,0.43301435406698563,-0.019896850954796336,-0.055080042744756114,0.022857699994890086,0.8765014021905688,0.010029954311061599,0.00972048844820942,0,0
2025-03-07,0.006364995762746151,-0.02559889810618225,-0.07347003258172011,0.02748808525775395,0.027435335962075494,0.3470225872689938,0.4057494866529774,1.6711259754738015,-0.020771815552034643,-0.05591864038335809,0.022829302935858532,0.9615589252460632,0.009921884025831685,0.009759970529841063,0,0
2025-03-10,-0.02596548484457279,-0.026323164359238947,-0.09802575100807144,0.03490828647780633,0.02780665209039391,0.28706365503080084,0.3412731006160164,0.20248756218905473,-0.021605384793058926,-0.07808697063659524,0.023190880024420553,1.0799441500787563,0.011046631109720298,0.010225076899295756,0,0
2025-03-11,-0.0023846375048278898,-0.0190981425781024,-0.08958549987268372,0.03707802854412779,0.02820704422152284,0.25420944558521563,0.32320328542094456,0.6821052631578948,-0.01688189892927523,-0.07188723165328811,0.023329362018548936,1.0272659495153722,0.010964655849974797,0.010190761111870488,0,0
2025-03-12,0.0023123062416685637,-0.03080273542004532,-0.09042282639505723,0.030690169080193036,0.02836525429114372,0.24353182751540042,0.32566735112936346,1.0305602716468591,-0.02797018161049385,-0.07428684087648411,0.023283093395287467,0.9042780540876572,0.01093783048713608,0.010195106786892474,0,0
2025-03-13,-0.015099906555866313,-0.03477272690085228,-0.10171080512307806,0.028668434436034958,0.028388229921054976,0.21519507186858317,0.29034907597535936,0.2802547770700637,-0.03212138051142141,-0.08936047450675488,0.023433684376585,0.8258302385850508,0.011186873764838009,0.010318131945966131,0,1
2025-03-14,0.022511763579865517,-0.018625959083732917,-0.07352925682828615,0.02493155269388077,0.028887238326419092,0.27227926078028747,0.3433264887063655,8.246153846153845,-0.018520250939003755,-0.05848585426515624,0.02384232114231844,0.8258928571428379,0.012674234349923373,0.010769097871097023,0,1
2025-03-17,0.013963738003918967,0.021303263764758842,-0.07099177603639877,0.023244137369121957,0.028701855163632172,0.3117043121149897,0.3737166324435318,4.69833729216152,0.014726831232902233,-0.058268944111685136,0.023826260120734723,0.8842873509568276,0.012834745377783322,0.010937326093804003,0,1
2025-03-18,-0.007694547949501879,0.015993353320084856,-0.07860549312806947,0.02446732345340357,0.02843174166468115,0.2985626283367556,0.3593429158110883,0.484394506866417,0.014516630864097674,-0.06379936114090626,0.023586541227974055,0.8954724555795072,0.01284440662803683,0.01090118057360749,0,1
2025-03-19,0.011591171617582255,0.025272218695998546,-0.07236319819157508,0.02294672449033251,0.028425014993892172,0.3273100616016427,0.38316221765913755,3.29695885509839,0.02380948544899238,-0.05675466050562517,0.023726296425774476,0.9555771725032115,0.013134298947390472,0.011005416939269045,0,1
2025-03-20,-0.005554273772196753,0.034817851479668115,-0.0748429374774464,0.020585102046653408,0.02812913491590788,0.3158110882956879,0.3712525667351129,0.5104895104895105,0.03254320834261818,-0.06312312013844813,0.023369865122177855,0.9141167395216692,0.013141938318860182,0.01101882048691938,0,1
2025-03-21,-0.005582201459034574,0.006723886440768017,-0.07430458748636766,0.02139395809248019,0.02789765050550751,0.28583162217659136,0.3544147843942505,0.4911949685534591,0.00548385412482853,-0.06304207405293785,0.0231740855315148,1.5604601152833044,0.013137226080652088,0.01100397925253989,0,1
2025-03-24,0.017479584333626494,0.01023973277047554,-0.03630537712344104,0.02478141549222797,0.027755501883422982,0.33675564681724846,0.39753593429158113,4.668246445497631,0.00952087170149921,-0.026883363248871202,0.02311489095287865,0.8006935944512035,0.013297297100124205,0.010248552865214889,0,1
2025-03-25,-0.006537789977149322,0.011396490742828098,-0.035759734889943925,0.024178234258417024,0.027582711503997746,0.3264887063655031,0.3930184804928131,0.6022651565622918,0.010876054023135817,-0.025476333027043028,0.023032215277983062,0.7719896817288162,0.013286840020217336,0.010271146539861756,0,1
2025-03-26,-0.007452203603133562,-0.007646884477887719,-0.03887939081149622,0.023375900476365653,0.027287864815741213,0.31211498973305957,0.38562628336755644,0.6253405994550408,-0.002014046375536672,-0.030452467552219083,0.022693194639435293,0.7299020562284795,0.013335064126190701,0.010237317849838471,0,1
2025-03-27,-0.002576150575441589,-0.004668761281132558,-0.04257717726057754,0.025895419592746764,0.027059747274791806,0.30759753593429157,0.3704312114989733,0.774888558692422,0.0,-0.03260479745021039,0.0226181708735128,0.750227686703088,0.013318246702056703,0.010237347239803624,0,1
2025-03-28,-0.020699416118227915,-0.019785975940325898,-0.049224211428551844,0.032160860257287864,0.026870810551041444,0.25913757700205337,0.3301848049281314,0.17626953125,-0.011378976933161249,-0.04180537831273182,0.02251344557852968,0.9694853791071201,0.013692064889679802,0.010466494024552917,0,1
2025-03-31,-0.004166343580060853,-0.04143190385401325,-0.0614532902695339,0.02952812496636041,0.026541151715468288,0.25420944558521563,0.3268993839835729,1.061049011177988,-0.028767438043688268,-0.04993259179233132,0.022081897829516025,1.1997784342687887,0.013485829458721605,0.010419251811401417,0,1
2025-04-01,5.675632415282211e-05,-0.034837357552711105,-0.036155315353864986,0.025863835669871705,0.02578594043133309,0.2694045174537988,0.33429158110882956,1.3732534930139721,-0.02444565189999045,-0.02942915099348097,0.021465434416688953,0.9891999825100859,0.012485635238288299,0.010371015999702863,0,1
2025-04-02,0.012576748180469003,-0.014808405769108534,-0.013968907887431544,0.026086241762134248,0.025566011852352077,0.2973305954825462,0.35277207392197124,3.6516634050880628,-0.007800331524906301,-0.007960233295755136,0.021299708247127895,0.9016761858823222,0.012721255461359503,0.010489418684509873,0,1
2025-04-03,-0.06185739980487166,-0.0740896549985386,-0.08984320677591469,0.059940410535039595,0.029682372175571067,0.19014373716632443,0.2587268993839836,0.11612903225806452,-0.06926964677163348,-0.07669623123273829,0.02663168995621773,1.2996329662996222,0.018015814816037003,0.012977068245659161,0,1
2025-04-04,-0.05460378828545307,-0.10799402716576376,-0.1333170799863084,0.04000214600714531,0.032490201087948346,0.07268993839835729,0.15523613963039015,0.0621172353455818,-0.09958470669150533,-0.11882721450456364,0.02885541350620045,1.4526621758788998,0.021079738378704846,0.014550854055838591,0,1
2025-04-07,-0.01316940882688218,-0.11699709241258509,-0.15285148457593672,0.03115590668036947,0.03265988383592181,0.04763860369609856,0.13347022587268995,0.3783629078420149,-0.11191847234596594,-0.14163501995475877,0.028703037585172588,1.3142266976503152,0.020921078812251432,0.01447032573092344,0,1
2025-04-08,-0.028586585896517917,-0.14564043463325582,-0.15547258562788185,0.032136003606258824,0.032642007758096045,0.034086242299794664,0.1137577002053388,0.14353387020369493,-0.1346760493662742,-0.14040022097689725,0.02870383705174699,0.9874916071916919,0.021045586234812043,0.01480337257180349,0,1
2025-04-09,0.08200049694760297,-0.07621668586612185,-0.071087451175451,0.046237580937777245,0.038167898424663796,0.0997946611909651,0.20616016427104722,66.58333333333333,-0.06651145936402021,-0.05603130796161334,0.03475201628251469,1.0943794100948923,0.028711604101304203,0.01832616423966588,0,1
2025-04-10,-0.040755452973163166,-0.05511473903441335,-0.11415521039028272,0.03695177461500271,0.039061966027410425,0.08829568788501027,0.16673511293634496,0.10821917808219178,-0.04860375856329953,-0.09650271964175341,0.03590508056189927,0.7675862813306845,0.029801745147427262,0.018950331269962928,0,1
2025-04-11,0.018122079033243046,0.017611128284282764,-0.08093322480117336,0.02808254993899123,0.039356671561020615,0.1268993839835729,0.19671457905544149,3.948665297741273,0.014815071830292343,-0.06903240731566315,0.03620417507191526,0.6968134673041048,0.030142920078960567,0.019048876525008734,0,1
2025-04-14,0.013210160225406473,0.04399069733657142,-0.0902348281556324,0.02671389713992665,0.03917983712965202,0.1679671457905544,0.211088295687885,3.765873015873016,0.04464641913575029,-0.07773053659782672,0.03601364195133011,0.7186681054416414,0.02980253796897101,0.019144639799296866,0,1
2025-04-15,-0.0002773258720720263,0.07229995736101731,-0.10447589203162339,0.022190086744695543,0.03895262744344694,0.16837782340862423,0.2164271047227926,1.0193765796124683,0.06773813782780704,-0.08729180116930367,0.03568432619174628,0.6846139219213898,0.029526999544550726,0.019111532375507063,0,1
2025-04-16,-0.009417965062908474,-0.019118504649494144,-0.10619930914503,0.026055788862582113,0.03897167647228075,0.1601642710472279,0.20739219712525667,0.38328530259365995,-0.0205675601518546,-0.09283412595785555,0.03565000376654806,0.8723692614459453,0.029537329311113046,0.018991494169940597,0,1
2025-04-17,0.010923879345233903,0.03256082766890292,-0.10686660141737835,0.02635592786290208,0.0390595791958879,0.18316221765913757,0.21765913757700206,3.139896373056995,0.027296885288528746,-0.09333189412758694,0.03564216435041087,0.8973892870745395,0.029518877004884897,0.0190582952367627,0,1
2025-04-21,-0.017760251721776255,-0.00332150308611638,-0.11907257936695784,0.02628001555652425,0.03930226332772935,0.14045174537987679,0.18726899383983572,0.18298081652729956,-0.005341427926151474,-0.10705404250551911,0.03575709301962669,0.9475075181440129,0.029648384740856217,0.01912969513380059,0,1
2025-04-22,0.025666681802243695,0.00913501849072084,-0.08782369610567957,0.025260424183094488,0.039959271637884375,0.2,0.22546201232032853,12.157608695652174,0.005150317151336277,-0.07575349098379387,0.03646312965916249,1.0046587869898627,0.030426980047663553,0.01934508611409078,0,1
2025-04-23,0.013121228454388498,0.022533572817181366,-0.09218205198491757,0.0274481588817649,0.03992519147812175,0.23326488706365503,0.237782340862423,3.0286677908937607,0.016602263983971383,-0.07981534134496958,0.03631428819909423,1.0536107301578312,0.030286378567784718,0.01944603557051164,0,1
2025-04-24,0.020515552277866965,0.0524670901579568,-0.06512870972990129,0.029206489771840392,0.04043054326987395,0.28706365503080084,0.26119096509240247,5.085858585858586,0.04528267729613213,-0.0575066418833952,0.03681790783294357,0.9180977542932582,0.030762067552721782,0.019639678945037566,0,1
2025-04-25,-0.0009239320696154626,0.04061927874310744,-0.058600438196383185,0.02482507125699101,0.040453585019110325,0.29527720739219715,0.25913757700205337,0.9758735440931781,0.036208022566623775,-0.05175352881575456,0.03686411021881476,0.8083745274789109,0.030748884535493477,0.01963767158645204,0,1
2025-04-28,0.0029423455972174685,0.06132187606210116,-0.05308194202372412,0.02251039989591209,0.040358485694527754,0.3158110882956879,0.2677618069815195,1.6767676767676767,0.05695492223986917,-0.04617743902608388,0.036749301771844135,0.8914092980217739,0.03077437843651191,0.019637215515134074,0,1
2025-04-29,0.0038479180255100577,0.03950311228536752,-0.02853460787998615,0.02518896200582593,0.04013434145007514,0.3535934291581109,0.27720739219712526,1.9675405742821472,0.03678963354402889,-0.02454105617151333,0.03658828320533475,0.9106203995793581,0.030514743388280027,0.019651360278406322,0,1
2025-04-30,-0.0028603164164743003,0.023521567414504726,-0.0272285807163996,0.028512224367648893,0.04014207252406172,0.35770020533880903,0.27597535934291584,0.8223583460949464,0.022948149519597307,-0.02564227068335185,0.03659522679947811,1.122497866542897,0.03051006578459759,0.019651337395159518,0,1
2025-05-01,0.0019056903013742335,0.004911705438011995,-0.025379646739178186,0.0290318515735611,0.04027868881562051,0.3811088295687885,0.2763860369609856,1.1923076923076923,0.007035563242800552,-0.02575247238354272,0.03687291157478418,1.01423816568045,0.03051683353628489,0.019580491793606023,0,1
2025-05-02,0.01973138601112235,0.02556702351874981,-0.01822500890852484,0.03057568257738567,0.04065886706670057,0.49856262833675563,0.317864476386037,6.440993788819876,0.025467514164290724,-0.016901749136865235,0.03735380224101859,0.9559236041661469,0.03071770788799305,0.019750298314339852,0,1
2025-05-05,-0.007324400969968303,0.015300276951564036,0.036307989926378514,0.02706891169905525,0.0373277803726827,0.47638603696098564,0.3084188911704312,0.5015654351909831,0.017296102579227764,0.03291583528874631,0.03395551529452581,0.8790718429272548,0.027433467189245126,0.01971160379491398,0,1
2025-05-06,-0.009776716032098913,0.0016756428939550675,0.08113506217973267,0.040399903971254474,0.0349110381426388,0.45215605749486654,0.2936344969199179,0.5152477763659467,0.00610554969537814,0.07571181143238678,0.03142698553750971,0.9230318650421635,0.024408212082824187,0.019664405002120834,0,1
2025-05-07,0.002537878651275807,0.007073837961705174,0.09684234965789067,0.035690134604444486,0.03462888404499317,0.4759753593429158,0.30636550308008215,1.5519828510182208,0.012621143540760832,0.09557807045174166,0.031169536541424996,0.997705036840168,0.024098861773381986,0.019628766058744185,0,1
2025-05-08,0.015259509856841106,0.02042765751717205,0.1406884454112497,0.04530926832666406,0.03436549280692664,0.5507186858316222,0.328952772073922,2.717829457364341,0.023196582920881323,0.13200326335330753,0.030745702576815418,1.0254250882258171,0.02295083850550375,0.01974958439897394,1,1
2025-05-09,0.0003195789768712754,0.0010158504829209738,0.05900752744051798,0.04055871570177448,0.029243771610690663,0.5638603696098563,0.3338809034907598,1.049785407725322,0.004996708935636227,0.0544144209997524,0.024750885919245274,0.8561287607492499,0.015145249029884502,0.019717243563702122,1,1
2025-05-12,0.030886085013807393,0.03922633646669667,0.13064906542748853,0.04541930236990438,0.028161337973017956,0.6887063655030801,0.4020533880903491,4.803357314148681,0.03885104069251396,0.12385339614738908,0.023137047800539885,1.1453744493391642,0.012715150125612204,0.020130645256374924,1,0
2025-05-13,0.003889907713827492,0.05289296021262307,0.11641689410807299,0.03377615829202356,0.02806684913248046,0.6973305954825462,0.4127310061601643,1.4145601617795753,0.05057549939219075,0.11060304912178476,0.022900416733343875,0.963199999999923,0.012425104896426061,0.020137748747315578,1,0
2025-05-14,-0.008600494029264058,0.04175458753208321,0.09460623985340245,0.02627573152225,0.028119436490738035,0.6464065708418891,0.39835728952772076,0.41430260047281325,0.04094513841842413,0.0880804340324093,0.023065527688170627,0.9341687427160021,0.012661544080862987,0.020151969952636843,1,0
2025-05-15,0.00537489123172369,0.031869968906965786,0.10025845695719816,0.026798212601273734,0.028288172201538387,0.6887063655030801,0.4106776180698152,1.68268156424581,0.030474574810822018,0.09263087415378655,0.02313424598248831,0.8571392360142853,0.012614789059919656,0.020105680675138838,1,0
2025-05-16,0.00862478397700452,0.040175173907099036,0.11830120599711116,0.02579220235062061,0.028011230012512458,0.7297741273100616,0.433264887063655,2.654434250764526,0.03629218491611985,0.109122379135665,0.022635641672498298,0.8577782782500905,0.01220771298043252,0.020143334515266575,1,0
2025-05-19,-0.0008273526453114707,0.008461736247980172,0.1065499740065658,0.021678758747114737,0.027934859262981296,0.7207392197125256,0.4320328542094456,0.7684365781710915,0.006786353642651437,0.09640060799650244,0.022697946754678264,0.823890062874071,0.012222400084849261,0.020126684463493,1,0
2025-05-20,0.0007202746761556978,0.005292103210308378,0.12503050040449773,0.020651909260905137,0.027156617222121156,0.7277207392197125,0.4308008213552361,0.772795216741405,0.0021389852319342773,0.11302702121121314,0.02198178207139617,0.8763482764689503,0.011110888597815276,0.02012652146341862,1,0
2025-05-21,-0.026049174184207165,-0.012156576944634729,0.07331464441804687,0.027734094012302615,0.0276633270099501,0.6123203285420945,0.37412731006160166,0.09086819613135402,-0.014102240930460778,0.06397635545257685,0.022581080280672156,1.0228898426323234,0.012200972186763349,0.020362037588194746,1,0
2025-05-22,-0.0002207946912624027,-0.01775226286762082,0.059972621272395985,0.027004145879068214,0.02757473012789725,0.6028747433264887,0.36837782340862424,0.78003003003003,-0.020028880613681143,0.05191576250492508,0.022359086331727042,0.953434989342437,0.012020479503527772,0.02021484009947075,1,0
2025-05-23,-0.002195385728202037,-0.028572432572827374,0.03726168326632698,0.02533567076042705,0.02712257524807843,0.5839835728952772,0.3613963039014374,0.6896551724137931,-0.03276059176881841,0.033178319276901916,0.021746619043152293,0.9075070625995292,0.011355453934862881,0.020200831365523014,1,0
2025-05-27,0.020034393589154886,-0.007710686338361019,0.058220008925097336,0.03398806658423146,0.027545904242156364,0.6878850102669405,0.4106776180698152,7.756363636363637,-0.010723951886394984,0.053900623686183396,0.02211000157048087,1.0410823724940002,0.01200865885071394,0.02036876267153814,1,0
2025-05-28,-0.00880497601319599,-0.01723593702771271,0.04647268731468387,0.03958700878816826,0.02795393612692022,0.6422997946611909,0.3848049281314168,0.2894168466522678,-0.019045448382361236,0.04069995510954985,0.02236878901048958,0.9136232093111273,0.012271089308435117,0.02039342716291814,1,0
2025-05-29,0.004172498363723186,0.012985735520217642,0.046797267652897,0.022771416210513467,0.02788223917320558,0.6743326488706366,0.3967145790554415,2.148344370860927,0.009476754932585218,0.042699464629241256,0.022334604784996884,0.946654726877258,0.012273455760469842,0.02033129712330586,1,0
2025-05-30,-0.005309078812937852,0.007897451398542189,0.04434850525643344,0.02627382405450145,0.027715614857240976,0.6620123203285421,0.3839835728952772,0.6435439560439561,0.008921606385478698,0.04314128375925875,0.02202781312406461,1.1832956354192599,0.012335695229476048,0.020310341813312243,1,0
2025-06-02,0.0011388887057585074,0.011231725832502733,0.04358170366081771,0.02789487014778929,0.02757683978842816,0.6566735112936345,0.3811088295687885,0.8789308176100629,0.010260124182791186,0.04131990962029918,0.021684961220551562,0.9554358730661345,0.012337470695612864,0.020066774974812684,1,0
2025-06-03,0.015117933630827887,0.006315265874175733,0.03896825128052325,0.027123790559653797,0.027221739728932933,0.7121149897330595,0.4106776180698152,3.1727748691099475,0.0015162629138934097,0.03359610033488282,0.02136823156677621,0.9399502985161232,0.012044964172566473,0.02012319817579202,1,0
2025-06-04,-0.00046190031402334976,0.014658341573348374,0.045830751936468204,0.023587756155980837,0.027134282200440674,0.706776180698152,0.395482546201232,0.7863054928517682,0.009153558551041375,0.03476595661356512,0.021300557899703622,0.8505903840712008,0.011875349753194014,0.020044305211014652,1,0
2025-06-05,-0.000855099904948982,0.009630743304676205,0.05475236806361814,0.02504015809434417,0.02643604015308156,0.6981519507186859,0.3885010266940452,0.8253477588871716,0.004026906701620562,0.041752333457778824,0.02095686407274631,0.8635973691735718,0.011582085382890121,0.019995036540223575,1,0
2025-06-06,0.014205755014005363,0.029145577131619426,0.06642024442634768,0.027679118512342518,0.026212113585691824,0.7618069815195072,0.4238193018480493,4.262582056892779,0.01809097666929239,0.05194715046416804,0.020830603307438706,0.8634354108259604,0.011855234256761276,0.020059334093345635,1,0
2025-06-09,0.006009378292465065,0.03401606671832598,0.05717011286197165,0.027440827143261973,0.02538301944601227,0.7802874743326489,0.43983572895277206,1.753757225433526,0.025592348039924117,0.0421223369886753,0.020083469307027237,0.9994143208010561,0.01155125741227445,0.019790221008592988,1,0
2025-06-10,0.006434236055224673,0.02533236914272277,0.06328476994032504,0.026888957088915075,0.02505843855313617,0.8069815195071869,0.4636550308008214,1.9824341279799247,0.020386946599824235,0.0471953268321962,0.020002533533927218,1.0047297297296618,0.011564719778883655,0.019799433197175934,1,0
2025-06-11,-0.0035028726253824556,0.022291396831363663,0.0288958123011352,0.024541982843927414,0.023219657970606374,0.7926078028747433,0.44722792607802875,0.6333104866346813,0.01730030245694417,0.017241762962171517,0.018034177830335205,1.0029688911836192,0.009705995163388211,0.019805883723095025,1,0
2025-06-12,-0.0014228817133494318,0.021723615022963216,0.023583022873958276,0.02342603958510144,0.02277567306031788,0.7942505133470226,0.4505133470225873,1.0058972198820555,0.01684255006613811,0.01338365179379274,0.017844641429554022,0.8920140356033941,0.009706432587881769,0.019704374926942898,1,0
2025-06-13,-0.01591900561241914,-0.008401145603461288,0.016264511290803196,0.027600210847013418,0.023034157446106224,0.7014373716632444,0.4078028747433265,0.19564140663694898,-0.009132462120861586,0.00746209722005049,0.01803561721898298,0.9777180176718543,0.010192226943701173,0.019620398810028118,1,0
2025-06-16,0.011254525408835692,-0.0031559984870906596,0.022144145467915197,0.030095334684216553,0.02311103935401801,0.7367556468172485,0.43162217659137575,2.2058823529411766,-0.004319691396165047,0.007980834101197631,0.018197167094277714,0.9969814029088194,0.010403487235189635,0.019592979220392052,1,0
2025-06-17,-0.011048151676352088,-0.020638386218667426,0.0024712098145585884,0.030042019294563342,0.023229339330464303,0.6731006160164271,0.40492813141683776,0.3071467539552646,-0.019842525145421282,-0.00901573845351445,0.018297898549544712,0.9760991854379273,0.010572098925248453,0.019619544799457572,1,0
2025-06-18,0.002037370641303438,-0.015098142951981528,0.005335933101173498,0.021929029495265047,0.023223983847868158,0.6694045174537988,0.41190965092402465,1.2353497164461247,-0.013585076655621591,-0.0066891501870306866,0.018382224633212773,0.9888613178935733,0.010577775914514302,0.019567176320267027,1,0
2025-06-20,-0.004866012405059332,-0.01854127364369143,-0.000250353980041532,0.023580143484008626,0.023318279875406075,0.6418891170431211,0.4041067761806982,0.7207792207792207,-0.01678805647345133,-0.007067153140788737,0.018369237479087742,1.4173253368462388,0.010635551186091536,0.019564171935366505,0,0
2025-06-23,0.005973580717786734,0.003351312686514446,0.03177240092195237,0.026126766167318967,0.022618700349640357,0.6981519507186859,0.42546201232032854,2.2058823529411766,0.006489600374677645,0.025633242173992425,0.01772566789666249,0.8858497163726441,0.008863846286939522,0.0195642994106172,1,0
2025-06-24,0.013269339163061614,0.005366126440740365,0.045262534776276384,0.03235555425862996,0.02287652021478449,0.7392197125256673,0.45215605749486654,3.3087971274685817,0.006964684499921954,0.037566424507756845,0.017954995287000893,0.8791652158533815,0.009213836782568378,0.0195116994799326,1,0
2025-06-25,-0.007465397547957735,0.008948880569134721,0.039992522956520685,0.02266164520186803,0.02294135106090731,0.6776180698151951,0.42915811088295686,0.4005865102639296,0.010256575168052241,0.03283515627381186,0.01802810516724033,0.8029548472775431,0.009407983883068053,0.019517220692048035,1,0
2025-06-26,0.012199968868327752,0.01911147879615904,0.03215809823569355,0.02650535413331524,0.02245055210897381,0.7186858316221766,0.459958932238193,4.215686274509804,0.019091291853720077,0.025865748140132865,0.01759571598749259,0.8400726331186774,0.008788010598152745,0.01955008736930606,1,0
2025-06-27,-0.0002567490114049165,0.023720742189813453,0.04070632523748463,0.024046793932254798,0.02209307163237475,0.7174537987679671,0.46570841889117043,1.2566037735849056,0.02411061696619795,0.034995138777068176,0.017336104170818996,1.364220092857781,0.008477797016922587,0.01954637617256878,1,0
2025-06-30,0.0014882563723017932,0.01923541784432851,0.03802208324606324,0.027555977359280268,0.02209750154148518,0.7162217659137577,0.46899383983572895,1.3235867446393763,0.0177478806487072,0.031208176897660197,0.01736647447897087,0.9056378533832301,0.008462650758641884,0.019356456315171345,1,0
2025-07-01,0.012036611486867023,0.018002690168133918,0.05536777354586811,0.028593281592774907,0.02246642304801003,0.7675564681724846,0.5104722792607803,2.7058823529411766,0.01775711400390595,0.04912081794891713,0.0180222088806388,0.9402539726597411,0.008578706811248997,0.019395747584609414,1,0
2025-07-02,0.013012750381369276,0.038480838097460925,0.06724163522147888,0.027963012144640264,0.02249148230136795,0.7815195071868584,0.5396303901437371,2.9718543046357615,0.034787806305228264,0.05955172952548543,0.017990936258357508,0.8448775408574356,0.00886169498696787,0.019452564828422537,1,0
2025-07-03,0.007287162495171497,0.03356803172430467,0.059410864085822496,0.019387737971506957,0.02211327372082034,0.7967145790554415,0.557700205338809,2.538805970149254,0.029990739824956966,0.05268221114822393,0.017708285259763593,0.5138419273034603,0.008492265659432657,0.01941473221486762,1,0
2025-07-07,-0.01271385374611322,0.02111092698959637,0.04715891065373262,0.025675826224803192,0.02237626797580229,0.7441478439425051,0.5223819301848049,0.22420837589376916,0.016765612087973704,0.04111429941000671,0.017951875957433163,0.9728563293605155,0.00912681724616597,0.01775355179256131,1,0
2025-07-08,0.007591156596392771,0.02721382721368735,0.05560516715507438,0.029134027074687263,0.022523307300632543,0.7531827515400411,0.5404517453798768,1.7789473684210526,0.021999791907554866,0.04755985358958037,0.018173438311816753,1.0374701145950629,0.00916934658232579,0.01621481513834742,1,0
2025-07-09,0.006477266614774219,0.021654482341594544,0.047876678755843234,0.02682607237764995,0.022430150937355037,0.7630390143737167,0.5503080082135524,1.6895388076490439,0.013369914372029796,0.03973363381965589,0.018077102365740533,0.9680811415184687,0.008831119884252012,0.016086467144430627,1,0
2025-07-10,0.005940135962912173,0.01458186792313744,0.04780743642629034,0.029603502930943135,0.022496745333748246,0.7691991786447638,0.573305954825462,2.054916985951469,0.009298652585073603,0.04156654690691388,0.018307798231643503,1.0364824968367412,0.008829670579381247,0.015560370290221967,1,0
2025-07-11,-0.009751297180122433,-0.002456591752156491,0.03162190319094323,0.025671512444378774,0.022552466299163056,0.7248459958932238,0.5478439425051335,0.3294637921503593,-0.004227462361765438,0.028263757940614715,0.018459758692980995,0.8678774761209977,0.00914923329443192,0.012024641123942846,1,0
2025-07-14,0.0016797215849402246,0.011936983578896951,0.036804497401265915,0.02263216463412566,0.02248470280762903,0.7305954825462012,0.5486652977412732,1.233644859813084,0.008354270927584841,0.030607056648032198,0.018384066890013477,0.9183217033458442,0.009076986780785308,0.010679034062797412,1,0
2025-07-15,-0.01665725729325445,-0.012311430310750267,0.021570121821360894,0.02428815254355049,0.022940251793446952,0.6369609856262833,0.4952772073921971,0.16893203883495145,-0.012999951713421165,0.016108161865092986,0.018855462784917298,0.9999999999999373,0.009913680116840512,0.010789208012257969,1,0
2025-07-16,0.006033028505236713,-0.012755668420287773,0.04352215593901675,0.022571891222519427,0.0223515951314315,0.6616016427104723,0.5092402464065708,1.993718592964824,-0.012264639640099259,0.03604002797182666,0.018230209188260304,0.9929948295170127,0.009166680230595598,0.010712608678076272,1,0
2025-07-17,0.008668857111269485,-0.010026947271930459,0.040936487641450546,0.026488656602900135,0.022207460844087624,0.6829568788501027,0.5330595482546201,2.391796322489392,-0.010461228962935162,0.03314613200602738,0.018146525320037275,1.0173340555856283,0.009053851155900617,0.010735134025850341,1,0
2025-07-18,-0.005364786284253094,-0.005640436376061122,0.046619853033549534,0.02585347587374251,0.021974552304693164,0.653388090349076,0.5314168377823408,0.5595315549772284,-0.006196760701018715,0.040039630232497694,0.0180669768894465,0.9576631860246426,0.008724871788462638,0.010673963827434803,1,0
2025-07-21,0.00047580116557870014,-0.006844356795422647,0.04505828355782479,0.023550313100318843,0.022072382210928033,0.6398357289527721,0.5285420944558522,0.864591439688716,-0.008720908181185635,0.03804316955763254,0.018121385263876685,0.9074412135437009,0.008733156616383752,0.010624500940482414,1,0
2025-07-22,0.013968504935061382,0.02378140543289318,0.06389280089794551,0.043947358470396124,0.022646837335231207,0.7141683778234086,0.5618069815195071,3.2704626334519573,0.018704688832187958,0.05335135546636855,0.01855246436159434,0.9893111438090806,0.008941714882413963,0.010398658659269415,1,0
2025-07-23,0.014588866596792349,0.03233724352444882,0.07250808677695111,0.02839990464241312,0.022797014207841672,0.7548254620123204,0.5880903490759753,3.132758620689655,0.02478318820806459,0.0571521033958792,0.018612063170111635,0.9900919012061677,0.009274367810104175,0.010098427506317398,1,0
2025-07-24,-0.011567523743861836,0.012100862669317496,0.047671223870027674,0.03128966162085266,0.023066812578478757,0.702258726899384,0.5535934291581108,0.3892733564013841,0.009658583465545873,0.03690452229543307,0.018954364600781155,0.935501807061375,0.009539777807350288,0.010170966190964512,1,0
2025-07-25,0.002340486750650519,0.01980613570422111,0.05747710816863592,0.024161708698832884,0.023017247836236147,0.7063655030800822,0.5609856262833676,1.429298067141404,0.016248844597132266,0.048147166996595166,0.018812066932323335,0.8466379064836805,0.009275759390149038,0.009903878179857158,1,0
2025-07-28,-0.0038722265960272786,0.015458107942615132,0.0414049127042809,0.022394198268480443,0.02295924132601191,0.6731006160164271,0.5527720739219713,0.5545454545454546,0.011641619218773538,0.031369676866336224,0.01882603250569536,0.9404790515100349,0.009117641610415679,0.009925524849274326,1,0
2025-07-29,-0.006927084738653243,-0.005437481731099488,0.03473457697703256,0.030768733695559283,0.02335073699667612,0.6566735112936345,0.5408624229979466,0.672486033519553,-0.0030926790569216754,0.028573470953903935,0.0191875270134129,1.0009023913370243,0.009313245736806785,0.00998956335429274,1,0
2025-07-30,-0.010463555086859404,-0.030489903414751243,0.02278276551787137,0.033733568253043404,0.02387468656322236,0.5934291581108829,0.5129363449691992,0.3651877133105802,-0.024332122295556907,0.01658411227764279,0.01968693623466617,1.0548629912826002,0.009681779457706567,0.010107393528615225,1,0
2025-07-31,-0.010081216088323231,-0.029003595759212634,0.0006649379426811132,0.034888745175189174,0.024082890231456662,0.5408624229979466,0.4924024640657084,0.42167957117331745,-0.024644359433927485,-0.0026500534181044875,0.019928758069706218,1.109787571967331,0.009633752625782395,0.010200546374195743,1,0
2025-08-01,-0.015260732923710567,-0.04660481543357372,-0.027608545362398727,0.03595506601472562,0.024515860023969428,0.4587268993839836,0.46160164271047227,0.3292750415052573,-0.041623757118918546,-0.026570500362328026,0.02016107319457674,1.0513080290914258,0.0097042938771777,0.01041900880778153,0,0
2025-08-04,0.016142361007470823,-0.02659022783007562,-0.018753346850099398,0.029999295026715066,0.02504093927649717,0.5359342915811088,0.4948665297741273,5.093908629441624,-0.022965447203250597,-0.01732520696245494,0.020562679073363004,0.8534297875148474,0.010272509862648162,0.010326118773543043,0,0
2025-08-05,0.0037463733425881713,-0.015916769748834204,-0.002293119761398009,0.03470537688857747,0.025331782940023893,0.5535934291581108,0.5055441478439425,1.2447817836812145,-0.014598785870792663,-0.004175426841410625,0.020777554628077483,0.9114933957767035,0.009948314083985246,0.01027166435956724,0,0
2025-08-06,-0.002792584252763741,-0.008245798914738542,-0.012676860610554522,0.04229633270431904,0.02588831632709085,0.5388090349075976,0.5026694045174538,0.9155948553054662,-0.0044477774223965144,-0.009720269162861056,0.02105330785195798,0.8819581452753509,0.009803442804652026,0.010185988555335326,0,0
2025-08-07,-0.001588979308918658,0.0002464378646660324,-0.020743106534247397,0.039537154149752195,0.026509531702995786,0.5301848049281315,0.49691991786447637,0.8558067030397506,0.0012541294687752477,-0.016308861885302485,0.021896044501720138,0.9133403414947749,0.009669236907118758,0.010192803810036748,0,0
2025-08-08,0.00020391223666365866,0.015711083025040262,-0.026479330260495912,0.03777863711869091,0.026820155147271606,0.5367556468172484,0.5075975359342916,1.0956140350877193,0.01395370162087501,-0.018892375413114663,0.022053722684040024,0.8611782953888161,0.009543951586906635,0.010039990212846787,0,0
2025-08-11,-0.002209957081610355,-0.002641235064040921,-0.01893799016198383,0.03469830248067573,0.026929090800710227,0.5125256673511294,0.4944558521560575,0.6496199032480995,-0.0012262935382459422,-0.013531154814598245,0.021808225210732685,0.9034098073685036,0.009348385503667752,0.010048808990645742,0,0
2025-08-12,0.022338086503306914,0.015950478096677826,0.0017203747563828626,0.03496898091998039,0.027812848395187575,0.6102669404517453,0.5441478439425051,5.9193083573487035,0.014212993760140185,0.003607982112554476,0.022504253818150185,0.9670233262230702,0.010632385404889309,0.009693002250863341,1,0
2025-08-13,0.018810938619419796,0.03755400096886136,0.03718857066905711,0.031351459670589964,0.027952174356714137,0.675564681724846,0.5913757700205339,4.716666666666667,0.030503495761605538,0.03191757260510683,0.02283772908880096,1.020895315851345,0.01065744777178608,0.009942103514923124,1,0
2025-08-14,-0.009167265980830185,0.02997571429694983,0.021988276182990207,0.0250197315639274,0.028108788760251274,0.635728952772074,0.5659137577002054,0.32555555555555554,0.023754176416018274,0.020995651854654167,0.023007667102773733,0.8804287076305868,0.010867609645113649,0.009951465207860822,1,0
2025-08-15,-0.0023115295862299982,0.027460272474056174,0.011007889485490724,0.028412327918199292,0.028106992818828214,0.604517453798768,0.5552361396303901,0.6430536451169189,0.01868008971832998,0.010748064435523928,0.022986597683359374,0.9171666120102537,0.010746035924673129,0.009947793566190783,1,0
2025-08-18,0.0032227237993952564,0.03289295335506178,0.01959539956913908,0.02261364944722739,0.027986948982059383,0.6061601642710472,0.5618069815195071,1.2488218661639963,0.025038590422307296,0.015350288940998083,0.022819918306576113,0.850320676884152,0.010673884496118944,0.009905744975825054,1,0
2025-08-19,-0.004281039381088893,0.006273827470665977,0.014838559022471484,0.027767268576723087,0.028128123918727488,0.5967145790554415,0.5667351129363449,1.0135363790186125,0.005953086448763824,0.013598862682436548,0.023032881212169516,0.8908652763663113,0.010734376940890885,0.009926064478436402,1,0
2025-08-20,-0.0016240779180618,-0.014161189066815622,-0.0007540238306516958,0.020436905792400258,0.027561837235095997,0.5856262833675565,0.5650924024640657,0.8210445468509985,-0.011218848785035752,0.0029211768885566572,0.02259852852691794,0.9590653361674903,0.010301731136305602,0.009931657876142379,0,0
2025-08-21,0.0013715554005346545,-0.003622367685450781,-0.013971335026909393,0.021070929510233986,0.02710339306691059,0.57782340862423,0.5572895277207393,0.9056754596322941,-0.00522348372915803,-0.008373405418286321,0.022020090893876867,0.8481301347109241,0.009752669750220207,0.009308501005232965,0,0
2025-08-22,0.029651344980924192,0.02834050688170341,0.027247533697876636,0.02611271685976539,0.027598344848364906,0.7162217659137577,0.6386036960985626,10.35680751173709,0.0275247741135419,0.02634181451057023,0.0225969425006024,1.1012169328387778,0.011449077326472637,0.009960838641898053,1,0
2025-08-25,-0.007338517444592252,0.0177792656377159,0.017568529502633864,0.02206558468834255,0.027524896837509197,0.6813141683778234,0.6127310061601643,0.3530751708428246,0.01834166959967997,0.01748679024632832,0.02235226070181744,0.884436843391134,0.01159883472271592,0.010015932254004146,1,0
2025-08-26,0.004258389147259322,0.026318694166064117,0.025699145245920468,0.02317582503354072,0.02740970441273838,0.6841889117043121,0.6143737166324436,1.3905146316851664,0.018295430021072957,0.023572663979251153,0.022288664186156396,1.0427350427350022,0.011569457718354477,0.009746953386869059,1,0
2025-08-27,0.005227039352148638,0.03316981143627456,0.037853269336722346,0.02187574780452472,0.027029012526014484,0.7002053388090349,0.6303901437371663,1.9590570719602978,0.026265312102748295,0.03069986810896936,0.02189203343603386,0.9019713021322127,0.011444654610986581,0.009665905996567858,1,0
2025-08-28,0.0013747844963407215,0.033173040532080623,0.04969160891992248,0.022773404901726323,0.026460764584178474,0.6940451745379876,0.633264887063655,0.9519071310116086,0.026110367680551933,0.04095545017349247,0.021363097375360917,0.8964089053451005,0.011096519085913985,0.0096612480165137,1,0
2025-08-29,-0.0008898717262213527,0.0026318238249350796,0.05888295328202435,0.0217642852416466,0.02573272960209251,0.6887063655030801,0.6344969199178645,0.9660314830157415,-0.00010562802230427487,0.04791995963109015,0.02037212653604887,0.9476188803820946,0.010757077723992075,0.009625114983194231,1,0
2025-09-02,-0.005683458784140517,0.0042868824853868155,0.06846022742159441,0.027160652455072844,0.0251047554779117,0.6435318275154004,0.615605749486653,0.41725768321513,0.0,0.054067261106295166,0.019891327099454865,1.0384535869340392,0.010138120981840859,0.00967121646991729,1,0
2025-09-03,-0.0007063620367556777,-0.0006778686986281878,0.051611504377367896,0.022720239284122885,0.02478367856609143,0.637782340862423,0.611088295687885,0.9239482200647249,-0.0036324835931484277,0.040847338832139646,0.019604498811580374,0.9995779943220863,0.009725967917238917,0.009521863159581532,1,0
2025-09-04,0.007853358636748603,0.0019484505859717772,0.05571848967152833,0.026088549322953736,0.024505276967872445,0.6681724845995893,0.6308008213552362,2.5,0.00038359157294723986,0.046643880739338485,0.019593151034142723,0.9533163854864665,0.009794228816233284,0.009552310951950034,1,0
2025-09-05,0.005294686638716239,0.005868352728347293,0.06380576056300831,0.024924338868104443,0.023818822739889247,0.6804928131416838,0.6406570841889117,1.429735234215886,0.002682301702740172,0.05129308417650041,0.01942168441981055,0.9785442896520714,0.009728164730491425,0.009558273695149878,1,0
2025-09-08,-0.0007675708777546553,0.005990653576813991,0.06462716899417231,0.02873402357356435,0.02323813802049669,0.6685831622176591,0.6373716632443532,0.9686468646864687,0.0037878495645686273,0.05161093465176561,0.01888503928572216,0.9889131128363157,0.00971026383888245,0.009427413073239797,1,0
2025-09-09,-0.003907392018038509,0.007766720342915996,0.06051586473947014,0.02429089961495279,0.02280031088245523,0.6476386036960986,0.6283367556468172,0.5427461139896373,0.006386093380605175,0.045256547631893976,0.01882345254442435,0.9133545445749094,0.00981200963197684,0.00943295639003438,1,0
2025-09-10,-0.0029253970624278343,0.005547685317243843,0.059800424758652666,0.029787365995308845,0.022813829232417298,0.6291581108829569,0.6242299794661191,0.7445255474452555,0.003545410520034274,0.04656122496214151,0.018918192006912995,0.9681061247529885,0.009831794602266953,0.009424477174516228,1,0
2025-09-11,0.016413140610953045,0.014107467291448286,0.053875478866298794,0.024742252956319502,0.022317938820569004,0.6956878850102669,0.6652977412731006,4.91358024691358,0.009017227924448553,0.041598496136573675,0.01834750816834045,0.9854310402572158,0.009316000562081015,0.009598289729076889,1,0
2025-09-12,-0.0096832056829753,-0.0008704250302432518,0.025381334563903696,0.021780721524617797,0.0218297441426891,0.6537987679671458,0.6431211498973306,0.3200883002207506,-0.0033840947077598857,0.01697905616832226,0.018007334472295154,0.8660463811483035,0.008897221779995539,0.00969433777849135,1,0
2025-09-15,0.0010652467300595189,0.0009623925775709205,0.0356138472747934,0.04517865398751685,0.02192739559327544,0.6299794661190965,0.6349075975359343,1.0262267343485618,-0.002167627706023776,0.022914847658594185,0.017909340974498974,0.9943618657098413,0.00857492398706234,0.009439575093057097,1,0
2025-09-16,-0.0007028404186217147,0.004166944176987713,0.037222536442401685,0.022380999004324727,0.02182126055654683,0.6188911704312114,0.6328542094455852,0.7566371681415929,0.00039525336773517746,0.025317751670978668,0.017769479359179552,0.9953158720816127,0.00854446507115095,0.00936232380841635,1,0
2025-09-17,-0.0003771265772542514,0.0067152146621613,0.03362268606575217,0.019628103246542676,0.021771460880180872,0.6225872689938399,0.633264887063655,0.9866332497911445,0.0023486479696274805,0.02442480238259373,0.017964867262933983,1.0537747153984158,0.008550024366429964,0.009228776271953067,1,0
2025-09-18,0.013941569532277999,0.0042436435834862585,0.05184529497911907,0.029307300018477603,0.021885391200510317,0.6743326488706366,0.6558521560574949,2.958813838550247,-0.0004850045043128149,0.034898037881836604,0.018178437313489892,1.0064764938902873,0.00884289016619899,0.009359139544119863,1,0
2025-09-19,-0.007907809211818438,0.00601904005464312,0.04556156368536244,0.025738765216708575,0.02209299623158633,0.6349075975359343,0.6353182751540041,0.41578327444051827,0.001079523173039002,0.029507040804630208,0.01839472198397907,1.5812994722955058,0.009091140037841068,0.009401694637677954,1,0
2025-09-22,0.005211042304368907,0.010164835628952507,0.04940105058919669,0.0285705439614744,0.022314196546745057,0.6229979466119097,0.6386036960985626,1.2042513863216266,0.002349236242220373,0.029756416027973753,0.01851421907239388,0.8127077595213196,0.009112870210162395,0.009396626783567355,1,0
2025-09-23,-0.0018690416631397704,0.00899863438443445,0.017880663945132727,0.02434503027877713,0.021211166568189596,0.6258726899383984,0.6443531827515401,0.8146453089244852,0.003366910630759245,0.0022817606347090473,0.016836200415287196,0.7756494574153219,0.006656451814955323,0.009289295209174899,1,0
2025-09-24,-0.001615775903990899,0.0077599850576977976,0.02360340548573408,0.03688438320114067,0.021501205073168828,0.6082135523613963,0.6414784394250513,0.6741258741258741,0.0002549151404562286,0.006937068598036327,0.017000410739350963,0.7629045967241692,0.006417238591157641,0.00922754004153164,1,0
2025-09-25,-0.00935862084193423,-0.015540205316514434,0.009986395496540524,0.022563350792826335,0.021648377009859564,0.5560574948665298,0.6225872689938399,0.35694050991501414,-0.018428645644268642,-0.002843386020369056,0.017234382773144857,0.7831305382885818,0.006763318458027141,0.009226563399500082,1,0
2025-09-26,0.008875740919816787,0.0012433448151207924,0.013635097064208674,0.02020170542358932,0.02165352977733339,0.6008213552361397,0.6414784394250513,2.9866888519134775,-0.004214097234255941,-0.000103991705322232,0.017409810300085163,0.8737708422402268,0.006936145139508206,0.009274545632990586,1,0
2025-09-29,0.0010793137765126284,-0.0028883837127354865,0.013339626344380578,0.03151141448715192,0.02184467812593268,0.5811088295687885,0.6328542094455852,0.9493877551020408,-0.005901171338881242,0.0,0.017417583318499574,1.006969597608677,0.0069348994550254405,0.009274603656003404,1,0
2025-09-30,2.1683228856230864e-05,-0.0009976588207394855,0.01425118129945816,0.02458073701570188,0.02197698412236042,0.5761806981519507,0.633264887063655,1.154054054054054,-0.002671584585224796,-0.00044532442823957773,0.017473299448380754,1.0446995390903466,0.006927725322428603,0.009174556058601964,1,0
2025-10-01,0.002796740427935413,0.0034148575111868254,0.022731380511534092,0.027834122953263825,0.0220196106856194,0.5806981519507187,0.6340862422997947,1.039349871685201,0.0014656254376022736,0.009004232160507959,0.017530078982344904,1.0219242616415092,0.006784000864641601,0.009051342360704784,1,0
2025-10-02,0.002474940346006648,0.015248418699127703,0.025912682894296418,0.023494467872610333,0.02200851022419614,0.5712525667351129,0.6316221765913758,1.0916299559471365,0.010254289265566654,0.008784820969229577,0.017547285438719952,0.9252468265161939,0.006777575595926246,0.009017751347336013,1,0
2025-10-03,0.00632724668516082,0.012699924464471737,0.024386570942708633,0.02498546352927747,0.021838856073889263,0.6024640657084189,0.6431211498973306,1.7201365187713311,0.0059418896304814835,0.005502774638010018,0.01726596781957474,0.9192825112107395,0.006710904466486879,0.008870885031143203,1,0
2025-10-06,0.0008316909174729312,0.01245230160543204,0.019923575221465324,0.028361898472134914,0.021841998633512612,0.5827515400410678,0.6390143737166324,0.8836477987421384,0.005716464285835092,0.0,0.01727421427060615,0.9677188205366886,0.0066437930821987455,0.008833568173130161,1,0
2025-10-07,-0.009600082412215473,0.0028305359643603363,0.011091063687004507,0.03284959078446347,0.021925817069934624,0.5363449691991786,0.6160164271047228,0.39651162790697675,-0.003110479213796614,-0.007964572603933651,0.01756091940625011,0.9585976324188873,0.007026438550651522,0.008908448142274232,1,0
2025-10-08,0.008194415210132248,0.008228210746557172,0.023192870915175263,0.02540770195614252,0.02197466904070246,0.557700205338809,0.6242299794661191,1.7062146892655368,0.001219578708807686,0.0015464505546183387,0.017537667318824397,0.9233060797054772,0.007139819589273567,0.008933622692968069,1,0
2025-10-09,-0.00829282798560046,-0.0025395575850499343,0.017825439992002635,0.02666048647619879,0.02196554842265851,0.4944558521560575,0.602053388090349,0.3266777592900721,-0.00798938242426733,-0.004490045653721258,0.017714192359138896,0.9230898788542253,0.007383215672697972,0.00890740519493107,0,0
2025-10-10,-0.030407480030427588,-0.03927428430063835,-0.028995180649377995,0.031698010722576074,0.022806789921690423,0.3650924024640657,0.5342915811088296,0.12720519962859797,-0.03905780104688834,-0.043494917011052694,0.01828956143819025,1.0992012930030068,0.009275121556133727,0.0097421832765283,0,0
2025-10-13,0.01812992646560123,-0.021976048752510045,-0.0011820485008014658,0.03128910693744581,0.023331795533866388,0.42792607802874744,0.5728952772073922,3.948559670781893,-0.024512899088024658,-0.018868578738087744,0.018606276205488957,0.9024624855713562,0.009988631371119931,0.009744372316789974,0,0
2025-10-14,0.010152347500506557,-0.0022236188397880136,0.007905052269645576,0.029514043014277007,0.023433195725426133,0.4685831622176591,0.6008213552361397,2.34958217270195,-0.0050921776194917286,-0.009685319033539091,0.018937001137014506,0.9629326295992889,0.010233477831370226,0.009792565202183363,0,0
2025-10-15,0.0068076332841426525,-0.003610400765777607,0.015415525972409942,0.03654038660461822,0.02374706167133424,0.47720739219712527,0.6086242299794661,1.479296066252588,-0.007326105195202899,-0.006815177806085897,0.019104262325820725,0.9658542471042276,0.010324705438293873,0.009771963722303018,0,0
2025-10-16,-0.01360225355130273,-0.008919826331479872,0.0021903989983614643,0.03125723389589129,0.02431341641104965,0.42217659137577,0.5675564681724846,0.3774341351660939,-0.007472057257052412,-0.018101853717139845,0.019798880647669978,0.9931509605556456,0.01078878485341657,0.009912737160923573,0,0
2025-10-17,-0.004021127633332349,0.017466526065615363,-0.01577229816724889,0.02830256055467953,0.024160927079203406,0.4209445585215606,0.5741273100616017,1.0498281786941581,0.014950545648234441,-0.02595773137279681,0.019429081995483734,0.9396795751013958,0.010339589393927814,0.009931863340439422,0,0
2025-10-20,0.016172929980962036,0.01550952958097617,0.008308441025531589,0.030207199566801065,0.024409308680476218,0.4792607802874743,0.604517453798768,5.138107416879795,0.013933059589416825,-0.00733091605456038,0.019629146668485253,0.8446101892568105,0.010829891996814755,0.009982729363078677,0,0
2025-10-21,-0.0005534149071976309,0.004803767173271978,0.0025439838139650474,0.029374833753274737,0.024615255895755514,0.49938398357289526,0.6188911704312114,1.2492970946579194,0.007808114003905465,-0.0069255264119376155,0.019860297716075642,0.8963387169422529,0.010774649618250181,0.009827518869526439,0,0
2025-10-22,-0.007571127546994514,-0.009574993657865188,-0.003158102069889694,0.03449202745220324,0.024930882830358908,0.47392197125256674,0.6094455852156058,0.6750524109014675,-0.00046379219155495737,-0.009284390732102143,0.02010725288414917,0.9979074025633883,0.01089844803922919,0.009760363413235034,0,0
2025-10-23,0.008564259191987871,0.01259151908542541,0.007021933026089078,0.02968662167420298,0.025102355296380083,0.5092402464065708,0.6168377823408624,1.8664259927797835,0.016612552419193623,0.002063933031040177,0.020339303037799374,0.9191129749650505,0.011055284149445956,0.00980895935196133,1,0
2025-10-24,0.006543412754957371,0.02315605947371514,0.02292396662298068,0.023670434357281684,0.02505039138644794,0.5277207392197125,0.6209445585215606,1.6526548672566372,0.02097798203268323,0.012994559561638676,0.020302628909931075,0.8942764426468303,0.010901702607847577,0.009817312675341305,1,0
2025-10-27,0.0020726832095004743,0.009055812702253575,0.01612090891266437,0.03443268541812092,0.025317184965151698,0.5445585215605749,0.6316221765913758,1.201657458563536,0.010325966293400633,0.00707362874415926,0.02036320313318471,0.9843838460086576,0.010758969331454652,0.009766481247356115,1,0
2025-10-28,-0.00603760610478253,0.003571621504668676,0.009003989031369211,0.02608132871885265,0.02536222320456234,0.5006160164271047,0.6139630390143738,0.5072463768115942,0.0013834905330399126,0.00016659478026333365,0.020489136467737663,0.9597544977511019,0.010860274035335522,0.009697833067296352,1,0
2025-10-29,-0.012987457000097744,-0.001844707948434553,-0.004005151197584763,0.03993495585694938,0.026115752916020824,0.43121149897330596,0.5691991786447639,0.34941110487941673,-0.006916028765502615,-0.014139621462816925,0.02131443844930575,1.152019791130509,0.01124873616460267,0.009758808299932347,0,0
2025-10-30,-0.007283566839590022,-0.017692533980012446,-0.014085458465110197,0.03670451015256314,0.02650599906486712,0.40616016427104723,0.5630390143737166,0.6183050847457627,-0.016851656607108134,-0.017230631601628525,0.021564097722562698,1.0301860301860162,0.011329664905826403,0.00959348979755066,0,0
2025-10-31,0.004507480455369298,-0.019728466279600523,-0.012052918355747549,0.032599361766533816,0.026920651089325103,0.42176591375770023,0.5675564681724846,1.4138276553106213,-0.018456898340620427,-0.015168324015705024,0.021861779060097324,1.0190794503674114,0.011366503550564514,0.009411939683271838,0,0
2025-11-03,-0.004018325064331723,-0.025819474553432722,-0.022398490105240088,0.030963248488647555,0.027033972572551915,0.40082135523613965,0.557700205338809,0.7711111111111111,-0.020252313509327213,-0.022477422918936594,0.02192222284661641,0.9927576381193408,0.011276277282425059,0.009426745516665763,0,0
2025-11-04,-0.014912816150613507,-0.0346946845992637,-0.03814299717332653,0.036704779949424615,0.027528953232114798,0.35564681724846,0.5400410677618069,0.41543901001767825,-0.025793209030297175,-0.032504134127285735,0.022318615597518174,0.9426013691416121,0.011660614655820257,0.009625239378177313,0,0
2025-11-05,0.009876036966941594,-0.011831190632224365,-0.018666877794169465,0.0378433966194865,0.028042019456160333,0.3979466119096509,0.5589322381930185,2.2599724896836313,-0.00417016348269979,-0.01536136179186546,0.022783356580495254,0.9263393776620686,0.011784440230690096,0.009688983805010206,0,0
2025-11-06,-0.014068263866363472,-0.01861588765899781,-0.040929556870665185,0.04747356704355489,0.028968069149792476,0.36837782340862424,0.5416837782340862,0.3968622893666473,-0.008104930350242371,-0.02802866414683814,0.02347868774517636,0.9148052363026343,0.011926961924202667,0.009870800511092308,0,0
2025-11-07,0.006710825775875075,-0.016412542338492035,-0.025925903109189644,0.035986362426709426,0.029393200324712314,0.3991786447638604,0.562217659137577,1.9365079365079365,-0.005118688589589944,-0.012658380699572615,0.02378464720419296,0.9318881477680663,0.01197722449797798,0.009892650107253634,0,0
2025-11-10,0.009137227645745396,-0.003256989628414916,0.013618804566983337,0.03435498413838024,0.02859402031330304,0.4357289527720739,0.575359342915811,2.079283887468031,0.0032636564193044195,0.0161714325666053,0.022736111380167304,0.8819270764775453,0.01012701211634296,0.009563876527641109,0,0
2025-11-11,0.005857378962473777,0.01751320548467237,0.001346257063855884,0.027613330539849625,0.02832212435135751,0.4698151950718686,0.5909650924024641,1.7927400468384076,0.018005886131824255,0.008190351726329148,0.02267272853473342,0.8201274301584038,0.00939544525257877,0.009301946857139433,0,0
2025-11-12,0.0017803265813026963,0.009417495099033472,-0.007025763855347979,0.039330235018172434,0.028186120487569646,0.47515400410677616,0.5946611909650924,1.1390134529147982,0.010552791220538763,0.0024948793582604076,0.022297423811874634,0.9159009188972774,0.009119547678340795,0.009222146910231642,0,0
2025-11-13,-0.017828645801012042,0.005657113164384905,-0.03166204294050267,0.02902791016037927,0.028255505115458168,0.41560574948665296,0.5650924024640657,0.24020618556701032,0.00813803001117893,-0.013381437600087207,0.022391667628652127,0.981753018529197,0.009719703953732584,0.009503520483111639,0,0
2025-11-14,-0.0025696883511335516,-0.0036234009626237213,-0.020629477740333496,0.025435443420936777,0.027743489740005987,0.4016427104722793,0.5593429158110883,0.6720505617977528,-0.0018278586077713937,-0.002965823539201348,0.02187165922806859,0.9351886357463605,0.009323375949101811,0.00950313180417886,0,0
2025-11-17,-0.01788245629446651,-0.030643084902835627,-0.03449080640146766,0.027850271710078058,0.02813554477511643,0.3268993839835729,0.5080082135523614,0.20188492063492064,-0.027483955056163294,-0.020971652641559056,0.02249898562758404,0.9984419299634684,0.010014331436683784,0.009758589664401983,0,0
2025-11-18,0.0018544855382784397,-0.03464597832703096,-0.048809250844151254,0.022205572191721035,0.02771899654365566,0.33182751540041067,0.5137577002053388,1.2485875706214689,-0.03181966658079631,-0.030447343750982424,0.022183392018527537,0.9666899604006146,0.009194606026351847,0.009758948890865149,0,0
2025-11-19,-0.005484905985521792,-0.041911210893855445,-0.05374074192247542,0.028772534059468023,0.027528442128495426,0.3268993839835729,0.5030800821355236,0.65860400829302,-0.03468553294900839,-0.0346463587946914,0.02207262150863169,0.9203736364230116,0.009210079837167092,0.009782520246806963,0,0
2025-11-20,-0.016250127957703985,-0.040332693050547395,-0.06241974233318488,0.028010254461198834,0.02756136090317376,0.2813141683778234,0.4809034907597536,0.2907725321888412,-0.03459775056963227,-0.03952120770254644,0.022241530208952625,1.0400399995959584,0.009631325525257506,0.009230089020062525,0,0
2025-11-21,0.023456423230261744,-0.0143065814691521,-0.047527578294911006,0.02679438311988557,0.02804203356725657,0.3613963039014374,0.5342915811088296,6.67515923566879,-0.008589880115970179,-0.024355419323733234,0.022820948630143438,1.0867786307134573,0.010977420231186294,0.00968036621976284,0,0
2025-11-24,0.010114111556338571,0.013689986381652981,-0.043956879493529805,0.02721135256299839,0.028172460106395094,0.4024640657084189,0.5383983572895277,1.7283105022831051,0.012400978619715727,-0.024937496737963884,0.02277559779262775,1.05584192439858,0.01114699399573217,0.009752375677520011,0,0
2025-11-25,0.018492102659043063,0.030327603502417602,-0.02753746004398722,0.0260749198494588,0.02837499812597149,0.49568788501026695,0.5901437371663244,5.621546961325967,0.027658345978196823,-0.010577908070344085,0.023272252784626305,0.9026325399196478,0.011997231213778967,0.010010673539024902,0,0
2025-11-26,0.008641893919296106,0.044454403407235506,-0.012857960019908582,0.02363246299910045,0.028305506303792097,0.5334702258726899,0.5942505133470226,2.2743484224965704,0.03758277518193711,0.0017549396827492342,0.02321045393066082,0.8245448597051666,0.012134945692997567,0.010068062294869042,0,0
2025-11-28,0.005962256017962619,0.0666667873829021,0.00609175299815178,0.018164283105802998,0.027435296215843768,0.5618069815195071,0.6082135523613963,1.9924812030075187,0.056553174986818625,0.016639325954471453,0.022177402958710703,0.464696089975223,0.011870379523850469,0.0100936201708957,1,0
2025-12-01,-0.007710298001632673,0.03550006615100769,0.00566502183610913,0.023267660642000493,0.02693067330517073,0.528952772073922,0.5897330595482546,0.4975124378109453,0.027834819932701295,0.015171182828771482,0.021714291389974674,1.013180206566941,0.011884349906675242,0.010116072686810832,1,0
2025-12-02,-0.0018073111371605874,0.023578643457508527,-0.0006497697564207554,0.0226471504499378,0.0265422754431847,0.5203285420944559,0.5872689938398358,0.7762081784386617,0.019829324522406044,0.011541020574987624,0.021268759633233165,1.0472574461810482,0.01185160865821901,0.010118661946677644,0,0
2025-12-03,0.014941512841072695,0.02002805363953816,0.018310068148983664,0.04156157209374859,0.026773933550857113,0.5741273100616017,0.6213552361396304,3.0938566552901023,0.013919112489176301,0.024101526875528443,0.021533733554003297,1.0772161750868285,0.012248203613543018,0.010243658435300411,1,1
2025-12-04,0.0023652064191756177,0.013751366139417671,0.03558809071877278,0.025326434731931767,0.026181329536012238,0.5782340862422998,0.6176591375770021,1.0922671353251319,0.009248642173194134,0.03284412812269699,0.02101450087352489,1.029310403824624,0.011703047768122485,0.010227358435025697,1,0
2025-12-05,-0.0024379286130254813,0.005351181508429573,0.023274125138805717,0.026157574227196247,0.025639268941038466,0.5724845995893224,0.6184804928131417,0.8751974723538705,0.0036974077854665713,0.022111737331904788,0.020693915074189346,0.9253870183091215,0.011580478221396339,0.010232270591726102,1,0
2025-12-08,-0.003623693316801306,0.009437786193260939,0.03371869568836788,0.03132747727323374,0.024657476229583235,0.5433264887063655,0.6049281314168378,0.5663600525624178,0.004301043674320776,0.02803248713711522,0.020084426340197414,1.011258331978536,0.01111084750090599,0.010230474077063938,1,0
2025-12-09,0.0025094642595058806,0.013754561589927406,0.02951733417199869,0.027693545515546078,0.02423699237060506,0.5416837782340862,0.6024640657084189,1.1357913669064748,0.006729147602762934,0.021546959722160145,0.019962662110124957,0.9360238856764713,0.011051995697310357,0.01022614796764546,1,0
2025-12-10,0.013491969556164028,0.012305018305018737,0.03387207608241732,0.025964467853387404,0.024196533297206932,0.604517453798768,0.6328542094455852,3.145580589254766,0.007653571278229469,0.028144560272414822,0.02009889891034476,1.1351259360107953,0.011243512605291056,0.01015849164537388,1,0
2025-12-11,0.007586043036754728,0.017525854922597846,0.035600740156698264,0.027887051381764446,0.02413664299917957,0.6390143737166324,0.6455852156057494,1.9604449938195303,0.01419049434060857,0.027025219925793986,0.020104238365355874,0.987424598711778,0.01128240191079573,0.010117851495839368,1,0
2025-12-12,-0.00822367472122192,0.011740108814401412,0.025596738854173653,0.03236728626310755,0.024332625974916082,0.6135523613963039,0.6361396303901438,0.5312899106002554,0.01086969798894057,0.02124713011160404,0.020066293573235416,0.9507244673779425,0.011487959866419276,0.010177987042841697,1,0
2025-12-15,-0.005246514169326292,0.010117287961876423,0.0381788704858594,0.024662525116679657,0.023910631335656882,0.5979466119096509,0.6336755646817248,0.8505034856700232,0.012261482705658393,0.03310253731238824,0.01983603915203281,1.0047840460128334,0.010749229361046005,0.01020214341904038,1,0
2025-12-16,-0.004490436064609244,0.003117387637761301,0.03625812277238371,0.025472027022519755,0.0239696695552329,0.5630390143737166,0.6205338809034907,0.5158428390367554,0.006812905942966141,0.030267441009921726,0.0199219772795274,0.95836566685784,0.010796498676122018,0.01022000604957051,1,0
2025-12-17,-0.005811477654854438,-0.01618605957325716,0.04832910141199578,0.04216289169937987,0.023504705778888694,0.551129363449692,0.6217659137577002,0.8510802469135802,-0.0074794864542496045,0.04425474145075698,0.019108676981606704,0.9771589357387972,0.009991639621865165,0.01009646615004806,1,0
2025-12-18,0.0026797345201572515,-0.021092368089854634,0.04915435039387459,0.022625034085686845,0.02349732667009982,0.5597535934291581,0.62217659137577,1.3573543928923988,-0.011888728470581516,0.0451603900885132,0.019104774941068468,0.96250132903497,0.009991416927355777,0.010051250324158633,1,0
2025-12-19,0.002494352179178239,-0.010374341189454479,0.05713360855857462,0.02734131504476148,0.023472668423625834,0.5659137577002054,0.6168377823408624,1.225417439703154,-0.0060060184699918355,0.052264503209077356,0.019099349384292797,1.522157229451,0.009829344265313785,0.010034946396810041,1,0
2025-12-22,0.007712553097016092,0.0025847260768879017,0.0810962896132947,0.024179751589664913,0.022933945504670872,0.5926078028747434,0.6254620123203285,2.3351877607788594,0.002631577906849326,0.07149595663345983,0.018744777307615354,0.7320602646883713,0.008860038406251857,0.010077231040758474,1,0
2025-12-23,-0.004123743162521464,0.0029514189789756804,0.05351612322051148,0.018476216323327632,0.022134072095919513,0.5774127310061602,0.6213552361396304,0.6427586206896552,0.0049181411192982345,0.04331064556631242,0.01766414215913145,0.6572616658183593,0.007789733992795783,0.010089651782527522,1,0
2025-12-24,0.004396775607330605,0.013159672241160722,0.04779878727150352,0.017742501580981593,0.021662770012369097,0.6012320328542095,0.6242299794661191,2.2002724795640325,0.009631360656174101,0.04258257662074917,0.017064777728809388,0.3487604454404862,0.007609924098772729,0.010027968653462841,1,0
2025-12-26,-0.0004595891804996295,0.010020348540503843,0.028847095431960835,0.013822808956291323,0.020862072661494143,0.602053388090349,0.6225872689938399,1.0929401251117068,0.008714540284014855,0.02222541078917108,0.016224998654595434,0.5537970251267464,0.00665448050848652,0.009969882949160066,1,0
2025-12-29,-0.007315852564727121,0.00021014379659848226,0.012889348947937602,0.047880498461648824,0.020953555493806293,0.5885010266940451,0.6139630390143738,0.4971608832807571,0.003665355061534688,0.011788300885233796,0.01616862694375978,1.0681448408944518,0.00669401525234293,0.010014984444934472,1,0
2025-12-30,-0.0026343540502626822,-0.010136763350680292,0.004292738879712303,0.016476149430491686,0.02091927787337452,0.5876796714579056,0.6073921971252567,0.6170500676589986,-0.005760855499120432,0.006891753847457091,0.01615474847772304,1.0678913738018316,0.006612948770590472,0.010021093767154227,1,0
2025-12-31,-0.006711390063299055,-0.012724410251457883,0.00529164681804592,0.020756144340878083,0.020725454204062303,0.5293634496919918,0.5921971252566736,0.22814278323848938,-0.011060912645294756,0.006269606921925908,0.01594397131979079,1.141942604856487,0.006556523428060442,0.01005139650021442,1,0
2026-01-02,0.0076515067305884645,-0.009469679128200023,0.01475046468579497,0.029357828247632795,0.021091300303187305,0.5548254620123203,0.5946611909650924,1.7096045197740113,-0.007882571320861554,0.014933758012508154,0.01637158648299257,1.2067180734871215,0.0067305713172333154,0.010093438054726908,1,0
2026-01-05,0.012612738164824859,0.0036026482171244655,0.012421690009547138,0.028775835901080373,0.021025957882994464,0.6234086242299794,0.6188911704312114,2.50805270863836,0.0030348016996929548,0.012109471777706108,0.016500443308009385,1.2845260890378094,0.006499451488239434,0.010187291172634795,1,0
2026-01-06,0.011139500720648243,0.02205800150249983,0.021195984311019763,0.029480691786521126,0.021385408458578368,0.6636550308008213,0.6435318275154004,2.4269340974212033,0.016872222246118482,0.021429371382642642,0.01695957647063727,1.1515471167369649,0.006889504380686824,0.010281049918304397,1,0
2026-01-07,-0.005789352535276502,0.01890300301748601,0.017844560388768742,0.027069834189812073,0.021643796941315078,0.6349075975359343,0.6184804928131417,0.5044025157232704,0.012677958076076636,0.016706111559179167,0.017434414209042255,0.9979318157866938,0.007011095002487707,0.01023298637031258,1,0
2026-01-08,0.009969018438040109,0.03558341151882518,0.03143727214361016,0.03228273404610603,0.02200145388521842,0.6956878850102669,0.6496919917864477,2.2465940054495914,0.03174871754188452,0.033477956031827405,0.017914532179348148,0.9516600508772702,0.007202292997061229,0.010257323634675665,1,0
2026-01-09,0.004118589042907802,0.032050493831144514,0.033046396927012084,0.027761711713388513,0.022064943908604178,0.7055441478439425,0.6583162217659138,1.317829457364341,0.027758011014400133,0.035446809866380595,0.018029579265987965,0.8839370290558066,0.00722213539289983,0.010207040412431733,1,0
2026-01-12,0.0037522998865922915,0.023190055552911946,0.023306727257440346,0.028174416408618185,0.021904071915932743,0.7141683778234086,0.6632443531827515,1.2413145539906103,0.018462045231939988,0.024233241376027555,0.017635809975068657,0.927344475394507,0.006713298495744728,0.009410528758563498,1,0
2026-01-13,-0.0011411719381618558,0.010909382894101847,0.014579512282523764,0.024802060996438082,0.021873439172269242,0.6965092402464066,0.6468172484599589,0.9085123309466985,0.00839426433383413,0.017771233221666485,0.017762551652815282,0.9374727668845111,0.006560741516104789,0.009158659759982531,1,0
2026-01-14,0.005587405334310629,0.022286140763688976,0.028390592338056308,0.02504427983207781,0.02168788441454339,0.7219712525667351,0.6689938398357289,1.7092760180995474,0.01931533113226031,0.026710087347304488,0.017850692063281676,0.9958095876634093,0.006309503498655167,0.009101497872688775,1,0
2026-01-15,0.005610897997990421,0.017928020323639292,0.039248004505373024,0.025802082599243884,0.021756558711734875,0.737577002053388,0.682135523613963,1.7505720823798627,0.015915440207621843,0.033719858431336694,0.018035889621025713,0.9793946785633889,0.0061853959909367725,0.009089882763029971,1,0
2026-01-16,-0.003454224750083453,0.010355206530648035,0.040284215819898814,0.025000414166734736,0.021730201620517607,0.7170431211498973,0.6743326488706366,0.6798307475317349,0.0087336717850503,0.036880323213789,0.017982369496098955,1.013667339822858,0.006136064431013553,0.008920203778845911,1,0
2026-01-20,-0.012634613626259606,-0.006031706982203858,0.03346107984849365,0.03640018206386964,0.022128198779931222,0.6410677618069816,0.6451745379876797,0.30168204015192623,-0.004535091088202459,0.025109936339870863,0.018654034480028447,1.0230164877724341,0.006718804202393038,0.00906154367643933,1,0
2026-01-21,0.01813568068630917,0.013245145642267166,0.048917026014645565,0.025798665591159706,0.022640105254006504,0.7129363449691992,0.6841889117043121,4.348888888888889,0.011617326460750501,0.04062532395575245,0.019168291513263134,1.0152091254752422,0.00762869077994875,0.009118616612813624,1,0
2026-01-22,0.007784365644837381,0.015442105952793918,0.054207039480304704,0.027312028188112344,0.022743828025868922,0.7252566735112936,0.6887063655030801,1.5982627578718784,0.009227273564397216,0.044096434718466485,0.019408887223274416,0.9191957833885718,0.007721190020747102,0.009159338458059309,1,0
2026-01-23,-0.008350153764146844,0.0014810541906566516,0.03814433261914177,0.025522951641351866,0.022954843244109322,0.6924024640657084,0.6710472279260781,0.4484629294755877,-0.0034072419131792844,0.03039745464058259,0.01969080836716562,0.8521895620875722,0.007978771254070123,0.00917149668248479,1,0
2026-01-26,-0.0013589532454198637,0.003576325695320239,0.04090912253624337,0.0263017133389254,0.023216037496254907,0.6977412731006161,0.6681724845995893,1.0799304952215465,0.0,0.03347857682409325,0.01982515568708111,0.8933705026569869,0.007898257392191441,0.009122862851041691,1,0
2026-01-27,0.0023948302639023953,0.018605769585482237,0.03890717719281516,0.030290179911294682,0.023651950674353956,0.6776180698151951,0.6673511293634496,1.1941122355105795,0.013968078565255006,0.029475916161551687,0.020325708413900957,0.8886389417623177,0.007879282705576467,0.009095260282435385,1,0
2026-01-28,-0.007326443618038868,-0.0068563547188658,0.03204032275527592,0.027661843325666378,0.024110503123020835,0.6369609856262833,0.6464065708418891,0.5261146496815287,-0.009224177925927253,0.025253006578669007,0.02074862078691085,1.010612762747308,0.008118887896961573,0.009148953105634508,1,0
2026-01-29,0.0007290732677849345,-0.013911647095918243,0.04008524858778798,0.031991360079792946,0.024356477384824847,0.6558521560574949,0.6546201232032854,1.422920892494929,-0.00877429373650917,0.03174874397942956,0.021155585366917046,1.1054810940393862,0.007866720900588603,0.009110252334037528,1,0
2026-01-30,-0.011884543761612975,-0.017446037093384374,0.030835058876437685,0.03621406316293981,0.025198797054184464,0.6250513347022587,0.6472279260780287,0.6087542087542087,-0.006821742632393069,0.03081794138430718,0.02144021652757426,1.1070607751684516,0.008376299485032341,0.009084673085935266,1,0
2026-02-02,0.006546475317416963,-0.009540608530547551,0.0440929242571537,0.02734979157586584,0.025480269502646563,0.6365503080082136,0.6472279260780287,1.7080045095828635,-0.0011343478405923414,0.042480270938204806,0.02178970894658433,0.9837563197677206,0.008227263794022544,0.009056820842962273,1,0
2026-02-03,-0.0014420933439233863,-0.013377532138373335,0.03499932418264185,0.04003013862191615,0.026043044338453614,0.6184804928131417,0.6459958932238193,1.2138248847926267,0.0,0.03763705613742775,0.02243224830684017,1.040843214756196,0.0081594750821564,0.009049336221670664,1,0
2026-02-04,0.0018904316067466912,-0.004160656913587778,0.024277017624563677,0.04022950070563681,0.02646230351873434,0.6299794661190965,0.6607802874743326,1.4285714285714286,0.008385495924070788,0.03553791485778747,0.022700676091595803,1.0712434273864868,0.007766269734580537,0.00902940767961105,1,0
2026-02-05,-0.018616012758950584,-0.023505742940323295,-0.005478495855035147,0.03990888190525163,0.02700540405757057,0.5802874743326488,0.6353182751540041,0.42789598108747046,-0.006083707122681962,0.014996034905674261,0.02301473464654463,0.9723719087704918,0.00853054084218489,0.009145142979868221,0,0
2026-02-06,0.026581270139873894,0.014960070961163571,0.02689212682011525,0.03893879395052146,0.027738335118771273,0.648870636550308,0.6628336755646818,6.043859649122807,0.02061599323576638,0.04067045457139432,0.02348210135226213,0.9149130832570707,0.010235823472362942,0.009640870057764171,1,0
2026-02-09,0.004227449248321559,0.01264104489206817,0.021150557630396694,0.027945001681012663,0.027495731193498917,0.6480492813141684,0.6648870636550308,1.2884431709646609,0.017798006123068085,0.03388751372386157,0.02331002697048027,0.7896287129629957,0.0100674398400703,0.009450905014140965,1,0
2026-02-10,0.0017415188703427903,0.015824657106334353,0.01877348745783168,0.02833097813859711,0.02758233252667232,0.6607802874743326,0.6636550308008213,1.3117760617760619,0.018708051712860784,0.03413304585135575,0.02339786098354737,0.8333008839219495,0.010044043423898818,0.00942631580281725,1,0
2026-02-11,-0.0030339303271792054,0.010900295172408451,0.011987257244060186,0.03715757339671383,0.027921376556938667,0.6427104722792608,0.6591375770020534,0.9679012345679012,0.012422508040835311,0.030641444366418046,0.02383634124367872,0.938656243477592,0.010056643567716558,0.00938755921576516,1,0
2026-02-12,-0.02065249122597289,0.008863816705386142,-0.007524062043750851,0.03926488661767196,0.028801610942737033,0.5909650924024641,0.6344969199178645,0.3008086253369272,0.011374422849950404,0.015467226047709327,0.024402855152478278,1.0751506735573237,0.01107269506189632,0.009757626451684024,0,0
2026-02-13,0.010011059285062095,-0.007706394149425655,-0.003100408092999384,0.03108833179927296,0.029062158060600928,0.6024640657084189,0.6459958932238193,2.4489208633093527,-0.0021254479933449652,0.01840178652118905,0.024579913225890142,0.9282587099159029,0.011232390161820207,0.009827487492968632,0,0
2026-02-17,-0.0022761285352521942,-0.014209971932999405,-0.010987434626242002,0.02846041173924558,0.029137911762470613,0.5983572895277207,0.6418891170431211,0.9260450160771704,-0.007414962623800819,0.012248635508231718,0.024674740800346123,0.911961335735809,0.01116185323030381,0.009543014657028875,0,0
2026-02-18,0.00684265135454256,-0.009108839448799637,-0.0006905585216159879,0.028723172943348304,0.029357652606311572,0.6209445585215606,0.6496919917864477,1.5861321776814734,-0.004652381396616153,0.01711103702068424,0.024906010663510544,0.8878055809038737,0.011252456620760312,0.009559023719899636,0,0
2026-02-19,0.0014473183829707367,-0.00462759073864969,0.013391373487614355,0.02784876401813924,0.02909138842612317,0.6151950718685831,0.6472279260780287,0.9509001636661211,-0.0036297234247841034,0.028668085728645328,0.02479672178804905,0.8607392961616687,0.010877270122930126,0.009241457839429007,1,0
2026-02-20,0.002949182580220377,0.018974083067543578,-0.0017951246184744394,0.029427929419406865,0.028834609576549323,0.6123203285420945,0.6476386036960986,1.5958829902491873,0.016107940106407415,0.01780148524693273,0.02425649831192043,0.9679670009507125,0.010135287095278027,0.00924314342985961,0,0
2026-02-23,-0.016475567553093602,-0.007512543770612119,-0.026055057816405422,0.03206804644767392,0.029167110576187063,0.5486652977412732,0.6172484599589322,0.3882488479262673,-0.006255834620768819,-0.002246687956683403,0.024619494144741377,0.993432793831921,0.01056682394256419,0.009478369196372547,0,0
2026-02-24,0.010541590942039996,0.005305175706680072,-0.0071633131102185775,0.03069714060882112,0.0293453832842703,0.5667351129363449,0.6299794661190965,2.4667630057803467,0.0021644889152501387,0.014579016534091991,0.024777473206180435,0.9484138872763378,0.0107341485730195,0.00927464006370203,0,0
2026-02-25,0.004093614665489957,0.002556139017627471,-0.0017107451993087553,0.035301366126191655,0.029768777819998964,0.579876796714579,0.6340862422997947,1.356581532416503,0.00017172186972149798,0.017903309073535073,0.025275539013760857,0.9518612119575588,0.010774168073245249,0.00885608107410432,0,0
2026-02-26,0.006318185108258185,0.007427005742914918,0.0022126096450470318,0.0365924665614318,0.03018877243416946,0.6049281314168378,0.6427104722792608,1.7821552723059095,0.005409645973626796,0.01780461974741087,0.025779354308807928,0.9717696667670522,0.010852982177590068,0.00880912171613185,1,0
2026-02-27,-0.008882189437944497,-0.0044043662752499555,0.0006568638251414024,0.03775432432569921,0.03059667080898892,0.5482546201232033,0.6308008213552362,0.6485929993136582,-0.0022307782504481506,0.013363215039236298,0.026174725184324146,1.1175320485037556,0.010911401229112124,0.00862624671364099,1,0
2026-03-02,0.0021718372501580035,0.01424303852800165,0.002099627807514472,0.033484737521559525,0.030647344271382555,0.5486652977412732,0.6295687885010267,1.2069917203311868,0.010453074991567031,0.012072355874210669,0.026153299848383153,0.9680934569172183,0.010920552837405213,0.008571862628946034,1,0
2026-03-03,-0.015664429904837993,-0.011962982318876346,-0.0016802583357105466,0.033881878032513434,0.030788532071985474,0.4919917864476386,0.6036960985626283,0.33964365256124723,-0.011428575165470667,0.005117715727090057,0.026434511321213133,0.9772164437840031,0.011156560745911523,0.008794955552882181,0,0
2026-03-04,0.008799016849174546,-0.007257580135191755,0.0005722831960470394,0.02710006955393278,0.030747649617879732,0.506776180698152,0.6123203285420945,1.83510011778563,-0.008881123492210381,0.005111028479040428,0.02633011200850453,0.8548659033876955,0.011234015661574316,0.008791394930980703,1,0
2026-03-05,-0.014128393796815521,-0.027704159040265464,-0.012114017256845092,0.032691056267998994,0.030592077276258123,0.4464065708418891,0.582340862422998,0.3140360458765702,-0.028103102091599084,-0.007730166890108792,0.026352523682479864,0.9355462477707976,0.01165036815735651,0.008985086754609772,0,0
2026-03-06,-0.016381686597253767,-0.03520365619957473,-0.030386135460845547,0.02968638808876819,0.030222804439549087,0.3753593429158111,0.5486652977412732,0.2984264785675529,-0.03297209268864909,-0.029595736874609074,0.026016021534240805,0.9573615452432092,0.012129361212422859,0.009044988181075372,0,0
2026-03-09,0.0037225375799415155,-0.033652955869791217,-0.008047585121953447,0.030434521030453174,0.029561804355440712,0.38316221765913755,0.5433264887063655,1.0066833751044277,-0.032832567437117245,-0.014410643452713657,0.02575549611028301,1.0677332405877518,0.011512195551405428,0.009052084172047139,0,0
2026-03-10,-0.003046388268930132,-0.021034914233883355,-0.03767524353075748,0.031642911161547854,0.028704643300903943,0.37700205338809034,0.5351129363449691,0.7549378200438918,-0.022960083097023576,-0.03782191206723034,0.02467119338730819,0.9330576376324545,0.009718080705197493,0.009055183321758113,0,0
2026-03-11,-0.0032735989946054496,-0.03310753007766335,-0.045176291773684485,0.025861126843058534,0.02861950957081722,0.35975359342915814,0.5223819301848049,0.6069751844399732,-0.034222489568734436,-0.045507280832904375,0.024511230927561804,0.8472607359664085,0.009623079043121065,0.009052960894558312,0,0
2026-03-12,-0.018601745629088774,-0.0375808819099366,-0.06551955627311605,0.03358968175973897,0.028908103156221943,0.2936344969199179,0.4891170431211499,0.23336745138178097,-0.037617190415941776,-0.0654384967978715,0.024706140583418284,0.9889862890536921,0.010217218345192885,0.009348881806802444,0,0
2026-03-13,-0.00630770029291519,-0.027506895605598023,-0.06879332623885204,0.04374182756572047,0.028537009881072096,0.27720739219712526,0.4759753593429158,0.6657400972897846,-0.027022251601665197,-0.06811153392027301,0.024269616331170203,0.8983152827918146,0.010240788097891241,0.009212385383752977,0,0
2026-03-16,0.007344074605931052,-0.02388535857960849,-0.040796760406948074,0.025605497242935038,0.027829182188384104,0.29938398357289525,0.48829568788501027,2.3684950773558366,-0.021756314652370663,-0.04325456150969991,0.023884047567508775,0.914518114995692,0.00967209142160802,0.00920899620069399,0,0
2026-03-17,0.005957580133036799,-0.014881390177641557,-0.044850239558973375,0.03574265212197583,0.02762201346649672,0.3141683778234086,0.49815195071868584,1.9156479217603912,-0.011380709786337205,-0.04419638010638444,0.023446987313018818,0.9005606295896494,0.009459721658724066,0.009191344032617593,0,0
2026-03-18,-0.016010091312955183,-0.02761788249599129,-0.05858420233667636,0.02606463093919745,0.027620417428988936,0.26036960985626284,0.4636550308008214,0.2066033016508254,-0.0209225521242868,-0.06062865694960448,0.0232024622811677,0.9843827291357385,0.009932831918158162,0.009382623249991987,0,0
2026-03-19,0.00014518474736910383,-0.008870952119533414,-0.06528166894384982,0.02695552642622988,0.027446684481509477,0.25790554414784395,0.46036960985626285,0.9760132340777502,-0.004940740183482611,-0.06706662146194442,0.023028511183219635,1.0263053536021014,0.00971318184460126,0.009368842366917702,0,0
2026-03-20,-0.020271694584239018,-0.022834946410857242,-0.08700068191105959,0.02674715610369707,0.027665105301066754,0.19383983572895278,0.41930184804928133,0.18928220255653885,-0.017958315593722757,-0.08366113967875409,0.023030787460061958,1.5853186881188042,0.010339895065284762,0.009675476123809775,0,0
2026-03-23,0.018909321519140484,-0.011269699497647813,-0.07104054297213948,0.026580580512355376,0.02806041169784503,0.23655030800821356,0.4562628336755647,4.823671497584541,-0.007551359648822122,-0.07074161146721197,0.023787366839961698,0.895576471025463,0.0114176305295335,0.00997659022741978,0,0
2026-03-24,0.0010838300827742942,-0.016143449547910322,-0.053481145336271574,0.02998050634099879,0.027672718891976516,0.2570841889117043,0.46160164271047227,1.211449676823638,-0.015129059400811204,-0.05406656879536322,0.02333898942541715,0.7757379758193073,0.011047842272797538,0.009971617894598512,0,0
2026-03-25,0.010080251615365667,0.009946893380410531,-0.053942484662945905,0.02635174715131959,0.02756017096710534,0.28706365503080084,0.46940451745379874,2.486211901306241,0.009146778483862996,-0.05196783688745613,0.023097904409606906,0.7267474143891425,0.011020940909213722,0.010007093462943715,0,0
2026-03-26,-0.011547575808096336,-0.0017458671750549056,-0.0695836751365322,0.03429234834084793,0.02741629527715641,0.25503080082135526,0.45544147843942506,0.5056320400500626,0.0,-0.06959620977200301,0.022916251707642697,0.7340466758525585,0.011076567644898387,0.010095394953460395,0,0
2026-03-27,-0.01719852047045616,0.001327306938727953,-0.09310038071524655,0.028026949950152074,0.027080047621509607,0.2135523613963039,0.4172484599589322,0.2268565615462869,0.00196093201193597,-0.09229441125374652,0.022567969642506215,0.9429991028914173,0.011241654767018328,0.01029177391582874,0,0
2026-03-30,-0.005496359720765211,-0.02307837430117774,-0.08971455099806724,0.02963390092682349,0.026654918198379226,0.21273100616016427,0.41560574948665296,0.9305331179321487,-0.017128882573806826,-0.08317754074429594,0.022282438489105202,1.0271113976451252,0.011198857013023884,0.010308438713028134,0,0
2026-03-31,0.028144972292958332,0.003982767909006301,-0.06374141595526693,0.032372987542797604,0.027596365021038134,0.2702258726899384,0.46529774127310064,6.4753086419753085,0.005018773959154512,-0.05926574736799996,0.023116508111306236,1.1282030357434154,0.013201339599680766,0.010903689090055542,0,1
2026-04-01,0.005660276684405662,-0.0004372070219537065,-0.04241670936602327,0.027457919527573052,0.02737023129384633,0.3002053388090349,0.4833675564681725,1.7967289719626167,0.0030859726886193228,-0.04088428227302339,0.023006295704004063,0.9590830809430417,0.012999944765030256,0.010925621082026223,0,1
2026-04-02,0.004063735751749454,0.015174104537892082,-0.04715199046344836,0.025081725047356535,0.02726668565300543,0.3166324435318275,0.4829568788501027,1.3255587949465502,0.015158598127684829,-0.04219239394170908,0.022951194029655675,0.8314242831187251,0.012843024800395045,0.010906534666774822,0,1
2026-04-06,0.0058018317088507675,0.03817445671719901,-0.027221764957782075,0.023990885192310348,0.026885457745287156,0.3507186858316222,0.4903490759753593,1.7645011600928073,0.03645844769481242,-0.026149953613835406,0.022779591461340648,0.7602139224969248,0.012656027209448193,0.010887970773674762,0,1
2026-04-07,-0.0019901180877739456,0.041680698350190275,-0.012830196448302252,0.02191022558105802,0.02633572520680617,0.35277207392197124,0.4915811088295688,0.8469860896445132,0.03562765034678887,-0.011044350807605068,0.02213841931843961,0.911404021022762,0.012178976824883744,0.010768423486688751,0,1
2026-04-08,0.02229856881957,0.03583429487680194,0.00574583479132623,0.033290725961052876,0.02715230959149891,0.49568788501026695,0.5548254620123203,4.543577981651376,0.03413704886426781,0.01046028663183848,0.023080767697138745,1.1712256487713146,0.013145693305866875,0.011047788445481222,0,1
2026-04-09,0.002622518597308029,0.0327965367897043,0.011414741657564393,0.02978173186945893,0.02712600471428828,0.5186858316221766,0.5683778234086242,1.568522483940043,0.03349081430340347,0.017001065102051405,0.022983570782486765,0.9885597978663325,0.013132306937057301,0.011029023681509374,1,1
2026-04-10,-0.006087252187721013,0.02264554885023384,0.008601088464448832,0.0248465362845669,0.027093474857425373,0.4919917864476386,0.5507186858316222,0.5817339510258107,0.026153311105242705,0.016046192359368317,0.022877923757107635,0.8708330599120643,0.013187436614603592,0.010980586732081686,0,1
2026-04-13,0.013635548746838456,0.03047926588822153,0.04083838284037606,0.033699529343520364,0.02667544655689239,0.557700205338809,0.5724845995893224,3.1145299145299146,0.030546253937341117,0.0392340864334398,0.022292993604967237,0.9217584863661555,0.012732199237465266,0.011106327465356627,1,1
2026-04-14,0.0075418472699245115,0.04001123124591999,0.05468793040321576,0.026295885944141596,0.026515472641893946,0.5885010266940451,0.584394250513347,1.7620689655172415,0.040372416424427036,0.052743314364473326,0.0222450426153065,0.9263987062308029,0.012641737431552726,0.011137711351426625,1,1
2026-04-15,0.004309076810884634,0.02202173923723462,0.05165293260816933,0.03026595246397678,0.026736630804426256,0.5880903490759753,0.5782340862422998,1.09674582233949,0.016736820554657878,0.04832262426507228,0.0225399176053459,0.9652609587901378,0.012602126789506498,0.01115013013359508,1,1
2026-04-16,0.0031651439762411687,0.02256436461616776,0.048860496451373706,0.02732094526614651,0.02672301240323453,0.6016427104722792,0.575359342915811,1.145945945945946,0.013986265812452391,0.04314317497494199,0.02260510841843773,0.987738126023608,0.012578082037887581,0.011134903753464105,1,1
2026-04-17,0.016471082791333008,0.045122699595221784,0.0813416705556619,0.029861726359591376,0.026689912637518343,0.6895277207392198,0.6184804928131417,4.24400871459695,0.036544940224051047,0.07608232475245559,0.022677639933914362,1.130965385935873,0.012201946296187946,0.011305697709784495,1,1
2026-04-20,0.0045788158236928205,0.03606596667207614,0.08577530163198561,0.024938112825113098,0.026545863771288022,0.6915811088295688,0.6205338809034907,1.3092485549132948,0.0270651246789057,0.07933666716302924,0.022525030674020795,0.8948621980265016,0.012172534093050063,0.011309269454801759,1,1
2026-04-21,-0.010801962210051181,0.017722157192100452,0.09524503400617344,0.02734573650658325,0.026261545914854623,0.6361396303901438,0.5987679671457905,0.3854106835152211,0.010622265290014915,0.08675092892912527,0.02257156236332609,0.963525835866237,0.011374364304834758,0.011277737970203126,1,0
2026-04-22,0.0036171013907655637,0.01703018177198138,0.07995281387779853,0.030048400019177815,0.026219999368332962,0.6349075975359343,0.5971252566735112,1.0955302366345312,0.008982441319844646,0.06820827571265518,0.022190765518885568,0.9066184208970376,0.010887202325882514,0.011054428307980813,1,0
2026-04-23,-0.008576248274407994,0.005288789521332217,0.07029273552061624,0.039455792716977564,0.026705882935383587,0.6,0.5856262833675565,0.7399135446685879,0.0034423408007335458,0.060474412107490993,0.022734744728483577,0.9219858156027805,0.01120739566055299,0.011063473307016477,1,0
2026-04-24,0.003620555123423558,-0.007561738146577235,0.06383303902867413,0.03116785841805759,0.026816426885129196,0.6069815195071868,0.5786447638603696,1.1108179419525066,-0.009944873574689293,0.05330073510202502,0.02274047817061663,0.9172295098563832,0.011101506657107563,0.011023032256542597,1,0
2026-04-27,-0.0003353917036243382,-0.012475945673894389,0.07504522313314613,0.022499976139787638,0.026282681686326713,0.6086242299794661,0.5831622176591376,1.1408071748878923,-0.01178794470869139,0.06442566056394397,0.022363887263655128,0.94287609335487,0.010624231733835957,0.011021686374113989,1,0
2026-04-28,-0.004442541367789846,-0.006116524831633052,0.08780120223581245,0.027369465399307454,0.025876753872228736,0.6036960985626283,0.579876796714579,0.8092006033182504,-0.0030425983415346162,0.07892961315029577,0.02203176293115393,0.958875739644942,0.009701844300551668,0.011031978753684607,1,0
2026-04-29,-0.008811083309638803,-0.01854470953203742,0.08448647864693885,0.03380865074422333,0.026148541274610148,0.5564681724845996,0.5581108829568788,0.3975623911781776,-0.013730187145364125,0.06848303461863658,0.02251733821729226,1.0191394511267233,0.00989225820750901,0.011049347065655824,1,0
2026-04-30,0.01775685012992757,0.00778838887229814,0.07409835648390808,0.0359487155474781,0.025987916239416084,0.6394250513347023,0.5827515400410678,4.033613445378151,0.005128483248559893,0.05812317209694751,0.022431333558986768,1.1009111788077628,0.008828219708291958,0.011275224969017174,1,0
2026-05-01,0.0031759509070171986,0.007343784655891783,0.07161403070651962,0.03307871810225358,0.026127321067746234,0.6406570841889117,0.5831622176591376,0.9646090534979423,0.0054348056194830395,0.05522527318173238,0.022659720398351457,0.9151851633098914,0.008814860040417706,0.01117412885454746,1,0
2026-05-04,-0.0076847878325587374,-5.611473042619311e-06,0.059865507122211434,0.02858516472103265,0.026424411457124642,0.5975359342915811,0.55564681724846,0.48946716232961585,-0.004073363343648772,0.04233927306708941,0.02298275630474011,0.9543157411129478,0.009138199643690673,0.011192457396530629,1,0
2026-05-05,0.010110098862789716,0.014547028757536941,0.06417377427615038,0.03565442744185631,0.02690450479514273,0.6336755646817248,0.5737166324435319,2.1653439153439153,0.004628999941331729,0.04571346248111466,0.023573517309354357,0.8988103980025774,0.009255375064880925,0.011259370389273026,1,0
2026-05-06,0.008978021266135618,0.03233613333331137,0.07514191363005994,0.05178336655494149,0.02817800735789304,0.6706365503080082,0.5991786447638604,1.9304878048780487,0.023632626901497762,0.0583170054518096,0.02453131939405346,1.0551449256250651,0.009265851632823483,0.011309856740384237,1,0
2026-05-07,-0.008050922299239175,0.006528360904144618,0.04479242251125076,0.04379695244207098,0.02827982498934288,0.6410677618069816,0.5876796714579056,0.5344827586206896,0.0031721068315572697,0.027690795694298536,0.02430346361504287,1.045388648646969,0.00853827287369767,0.011098081142319655,1,0
2026-05-08,0.0018420358784629655,0.005194445875590388,0.0440119397924057,0.0419021098255676,0.028593958627330798,0.6394250513347023,0.582340862422998,1.16289592760181,0.0026447106948671675,0.02262314330534975,0.024527370439621714,0.8888731996610498,0.008537734051704953,0.010592803807529645,1,0
2026-05-11,-0.0067126940005755465,0.006166539707573581,0.043386497979551165,0.03764387580487545,0.029107174055978405,0.6008213552361397,0.5630390143737166,0.5643693107932379,0.003752345925885716,0.019152457882424416,0.02506273108932964,0.9640441769560018,0.00856874162007689,0.010616723617341986,1,0
2026-05-12,-0.005854452135919467,-0.009798011291135608,0.023896497096793243,0.036637835091323956,0.029264786529802665,0.5868583162217659,0.5544147843942505,0.6694502435629784,-0.007384478608441936,0.006246155248699061,0.02506045502738734,0.928059188110451,0.008304390734366302,0.010640979232619283,1,0
2026-05-13,-0.004516744968179046,-0.023292777525450274,0.011837904858689687,0.03543678455695023,0.029472075327772705,0.5515400410677618,0.5433264887063655,0.6219512195121951,-0.02034361429823763,-0.0008002206512772916,0.025134313416254574,0.9478451179973661,0.008256206741886539,0.010649406793723042,1,0
2026-05-14,0.0024195785567320723,-0.012822276669479023,0.00994840660453712,0.030977772536685485,0.02948826015014374,0.5613963039014374,0.5515400410677618,1.3480825958702065,-0.010756340350262638,0.0002114109686196726,0.02507794207564368,0.8718247504667433,0.008223580303688655,0.010320627548851007,1,0
2026-05-15,-0.017320568769869597,-0.03198488131781159,-0.010537306141573645,0.029410978515052595,0.029871301364874817,0.47885010266940453,0.5084188911704313,0.27739544732662785,-0.030711511424628916,-0.017288289335550103,0.025511368339972154,0.9453659381300422,0.009060780730382407,0.010480340103054679,0,0
2026-05-18,0.002906092313989693,-0.022366095003246347,-0.024102296618916958,0.03245512328521841,0.0296701287580029,0.5133470225872689,0.5186858316221766,1.5673076923076923,-0.01441323419912138,-0.027254132080511088,0.025057046363232697,0.9507895248704671,0.00823628628366314,0.010483350017151668,0,0
2026-05-19,-0.008968279790133931,-0.02547992265746081,-0.03764939223274371,0.02384686732027683,0.029702956674713944,0.47761806981519506,0.49856262833675563,0.43569711538461536,-0.01830286422828073,-0.034533412499780244,0.02521752927333651,0.9675138506838122,0.008295651636235581,0.010505608360032302,0,0
2026-05-20,0.017668474486760583,-0.0032947032025211864,-0.009178955535931952,0.028823404560651585,0.030038376541739766,0.5478439425051335,0.5301848049281315,3.606463878326996,0.002159893187905671,-0.010316002643446663,0.025571097766393814,0.9804086437399738,0.009042500092185289,0.01074449759978449,0,0
2026-05-21,0.005650965221503719,-6.331653774953892e-05,-0.007145091705193795,0.026834718545681372,0.029974705217096498,0.5568788501026694,0.5412731006160164,1.4115267947421637,0.0028740499893225684,-0.009025140468639148,0.025428806768063254,0.8980635732553562,0.009098810742436106,0.010761896794617911,0,0
2026-05-22,0.005445915237717117,0.022703167469837172,0.0068770718069313145,0.02746930092747159,0.029468962634449845,0.5696098562628337,0.546611909650924,1.5047120418848168,0.021257770828231378,-0.0023068588762635168,0.024978880632088547,0.8367994746059086,0.008977895242336408,0.010572406456361252,1,0
2026-05-26,0.010517778820757646,0.030314853976605126,0.013774295504265401,0.030832341679878725,0.029604289166930732,0.5991786447638604,0.5663244353182751,1.9618226600985222,0.022307951419337953,0.0070126597697330005,0.0250947779803048,0.9817394893303709,0.009227092154412163,0.010572037587974628,1,0
2026-05-27,0.0005946932787432947,0.03987782704548235,0.014704380486633034,0.038620948222450886,0.02992542927170417,0.6,0.5737166324435319,0.9833055091819699,0.02889931136323837,0.00320597056044999,0.025300511685804047,0.9795389795389542,0.009224327756715186,0.010561375884144821,1,0
2026-05-28,0.0058105323353552256,0.028019884894076995,0.0249574541897781,0.029747133940426766,0.029929364188063346,0.609034907597536,0.5827515400410678,1.2825880114176975,0.016547876891296522,0.007315317118675706,0.025321173323593977,1.0001766576374838,0.00920984800543868,0.010556918447560777,1,0
2026-05-29,-0.001790486135243569,0.020578433537329705,0.03197805136417333,0.03309653863115453,0.029648336132767364,0.5926078028747434,0.5786447638603696,0.6995738636363636,0.011976153045193751,0.014035616894747414,0.024971370184072403,1.204703708966875,0.008952547994751356,0.010494927505274431,1,0
2026-06-01,0.0012684385012943936,0.01640095680090699,0.015489639735540165,0.03634254525302499,0.029430122432317893,0.5589322381930185,0.5597535934291581,0.752367079388201,0.004153723816522484,-0.002806382208032435,0.02502574169936573,0.9843623869351883,0.008144124786325596,0.01049311870000499,1,0
2026-06-02,0.0005347494895614443,0.006417927469710789,0.012848438318084406,0.0405948106868206,0.029626913736086745,0.5745379876796715,0.5613963039014374,1.1842346471127405,0.0,0.0005065709287170965,0.0252234617169325,0.9168067226890371,0.008124957803060256,0.010289360250094795,1,0
2026-06-03,-0.013501252586122003,-0.007678018395154508,0.007031973564521141,0.02888974778892093,0.029706782039890037,0.5055441478439425,0.5388090349075976,0.3983739837398374,-0.011573343459078886,-0.002769974778128971,0.024924715147876305,0.9139140135227827,0.008511853531323369,0.010388215608722915,1,0
2026-06-04,0.011967107746319532,-0.0015214429841902014,0.008888982448050954,0.030886612395046486,0.029618205138278432,0.5650924024640657,0.5679671457905544,2.5877061469265366,-0.0021905124002222632,0.0010304285279194268,0.024495646376976803,0.8418375938836543,0.0086273481019365,0.010323137773329832,1,0
2026-06-05,-0.02291591370683704,-0.02264687055578368,-0.02300495252492171,0.04478805533246705,0.029461495097784715,0.4997946611909651,0.5449691991786447,0.48645320197044334,-0.010204145229206561,-0.017141701980958053,0.024074247696306884,0.9379222733782643,0.009776804658764309,0.010528590527808279,0,0
2026-06-08,0.0007537699896567007,-0.02316153906742137,-0.014200260236025827,0.02666638535955322,0.028789134582828595,0.4919917864476386,0.5326488706365503,0.8926868044515104,-0.009526395395606645,-0.0097497873722176,0.023708083264036707,0.9088322690775604,0.009651601097964608,0.010521139289415284,0,0
2026-06-09,0.006069624897855263,-0.017626663659127552,-0.00997267121663353,0.029770458583388372,0.028542426251049333,0.5260780287474333,0.5597535934291581,2.0278833967046896,-0.0016326907923732235,-0.0003883409209476926,0.023581004416498175,1.0412970555348413,0.009750337607224366,0.01053318545002387,0,0
2026-06-10,-0.008936567185417441,-0.013061978258422985,-0.012196544401475422,0.028550410818142632,0.028171729627358498,0.4919917864476386,0.5478439425051335,0.6394001363326517,0.0017432017693393201,-0.0011137051843671609,0.023302243425083986,0.9668676510390004,0.009833198741471105,0.010591828909054501,0,0
2026-06-11,0.01932273157293221,-0.005706354431810306,0.012980639307376259,0.03317105816322383,0.028461486566915255,0.5441478439425051,0.5679671457905544,2.7515625,0.002364999192305148,0.012058150689364968,0.023569465420541683,0.9697046520471337,0.010658304821681152,0.010558738135591359,1,0
2026-06-12,0.007163144089698911,0.024372703364725648,0.024660528365254217,0.023982314803364317,0.02809514570152565,0.575359342915811,0.579876796714579,2.3920454545454546,0.022011991216235344,0.023436874648441235,0.023352860972631694,0.8783224154807289,0.010681674544433941,0.010539938956129358,1,0
2026-06-15,0.0004103012126327547,0.024029234587701707,0.0226512510211549,0.032321132624559115,0.02825504359628623,0.5671457905544148,0.5802874743326488,0.9494702526487367,0.023024822667448763,0.020218045115564447,0.023553814912467212,1.0001659643914134,0.010678961075931385,0.010513540521528867,1,0
2026-06-16,-0.0039489498967711974,0.01401065979307524,0.0360228698942533,0.02740328862415157,0.027794018792712427,0.5638603696098563,0.579876796714579,0.9445802770986145,0.012650877610519199,0.03574028189641899,0.0230318788213777,0.9556896038129211,0.009897059957070613,0.010517406198337185,1,0
2026-06-17,-0.012876297418660476,0.010070929559832204,0.020240480161603125,0.029849278504148785,0.027882335501370155,0.48747433264887063,0.5535934291581108,0.3065217391304348,0.0029978712714913707,0.01934031834939512,0.02320823918855293,1.0578512396693984,0.010389114182398887,0.010441932698719321,0,0
2026-06-18,0.0073360528994674355,-0.0019157491136325721,0.03654481285120449,0.03086970061262685,0.02796366062562911,0.5178644763860369,0.5650924024640657,1.7,-0.0029454734388914723,0.031852949057645075,0.02330932163444731,1.5051589153315574,0.010217567176594467,0.010469151326526323,1,0
2026-06-22,-0.0027662986993402605,-0.011845191902671746,0.016110039665103656,0.028692961899226616,0.02783331712575059,0.5047227926078028,0.5634496919917864,0.8949447077409163,-0.010969020852107306,0.015617168938380138,0.023159055139356448,0.8847842381411238,0.009577809288945055,0.010112422042196601,1,0
2026-06-23,-0.002502697749024958,-0.014758190864329461,0.007956376694574977,0.03171350243910691,0.028096526436711677,0.5232032854209445,0.573305954825462,1.1773755656108598,-0.00815131276617165,0.013318965935512466,0.023448359484783667,0.8279786680541049,0.009535100846400189,0.009879160607893374,1,0
2026-06-24,0.003570768203597252,-0.007238472763961014,0.006081229660455112,0.03286399969968834,0.028332593106136825,0.5383983572895277,0.5794661190965092,1.322674418604651,-0.0021451073855557282,0.013109683188060313,0.02381469478634123,0.8842182890854804,0.009493968642786264,0.009883323893905999,1,0
2026-06-25,0.0026417658224635533,0.008279590477163019,-0.001794783337838979,0.03141302098114068,0.028297916698052247,0.5482546201232033,0.5786447638603696,1.4350912778904665,0.013096481946463494,0.00827475693793544,0.02400006600006002,0.8181481692386422,0.009221365656135684,0.009821235991747253,0,0
2026-06-26,0.011689959619532028,0.01263349719722761,0.009300483002949752,0.034424146889231004,0.028546978031151853,0.5806981519507187,0.6016427104722792,2.290983606557377,0.019313938462222152,0.01998279593928923,0.02437743668736373,1.4940749320621742,0.009573420445631267,0.009770862330697237,1,0
2026-06-29,0.002856741315083268,0.01825653721165114,0.006346691982677798,0.03223156558791031,0.028616201718886163,0.5827515400410678,0.5967145790554415,0.9842845326716294,0.021355542686568522,0.019766978838271453,0.024441291209863037,0.8409722728783167,0.009512116341104505,0.00947156129935447,1,0
2026-06-30,0.0012727297414579708,0.02203196470213407,0.009409907859379339,0.03604996470196207,0.028564963984223334,0.5774127310061602,0.5901437371663244,0.9703703703703703,0.018790866601701935,0.02146529331981968,0.024420486048687642,0.8173137506525692,0.009501901839944892,0.009424690599557972,1,0
2026-07-01,0.0012191952352178512,0.019680391733754674,0.009360664593302793,0.03427062390044048,0.02837738368419905,0.5827515400410678,0.5909650924024641,1.1372549019607843,0.017305671320333102,0.023804208707747094,0.024337990856381397,0.7951790136194775,0.009501695342809964,0.008810342176308328,1,0
2026-07-02,0.0009061576441358329,0.01794478355542695,0.009732072747877182,0.036236834120480454,0.028306190384577667,0.5934291581108829,0.6143737166324436,1.436028659160696,0.01773189437509508,0.02610548184557836,0.02421377273611508,0.7683961608012188,0.009502214942579081,0.008795095238906855,1,0
2026-07-06,0.0021625439634434113,0.008417367899338337,0.0253958692974426,0.02574616822585156,0.02805690070154663,0.6032854209445585,0.6151950718685831,1.1197870452528838,0.008490831280810239,0.03920057015870214,0.024136234809532295,0.8608432462870113,0.00894995193387953,0.008789399618190398,1,0
2026-07-07,-0.00583473484194162,-0.00027410825768655527,0.007594026709181447,0.029507209841120537,0.02798240333786269,0.5901437371663244,0.6073921971252567,0.8137254901960784,0.00568500295335681,0.024551696719041873,0.023968126809830848,0.9184886762628106,0.00872018065776823,0.008819011611766587,1,0
2026-07-08,-0.008561136231357727,-0.01010797423050225,0.02194880418466076,0.02682160708467774,0.027373232381529423,0.5646817248459959,0.5926078028747434,0.4280597014925373,-0.002780353213380801,0.024938929787121183,0.024019667107015797,0.9648834319958897,0.00724151449824083,0.008896828269301764,1,0
2026-07-09,0.008321336770739,-0.0030058326949811004,0.029516370965743062,0.02786993930770517,0.027393531568749407,0.5774127310061602,0.602053388090349,1.9496314496314497,-0.001010526782492363,0.03307532183940881,0.02391318270724051,0.8852946170826929,0.007412560670522829,0.008528237001473083,1,0
2026-07-10,0.0004347544593272072,-0.0034772358797897263,0.023881500527215004,0.022546971561193993,0.02717946097048001,0.5967145790554415,0.606570841889117,1.3294346978557505,-0.0032339494773151226,0.025872029577683673,0.023816332243551838,0.7988254687821958,0.0073368858459509426,0.008525787614806785,1,0
2026-07-13,-0.003559836532136572,-0.00919961637536971,0.02925823118049587,0.029767629489636335,0.027071737216553055,0.579876796714579,0.6049281314168378,0.8640625,-0.005719758495022303,0.03301436116364841,0.02356085746171414,0.9425645444602634,0.007056211664901322,0.00849818811977908,1,0
2026-07-14,0.00035639352631412573,-0.0030084880071139645,0.010291893133877787,0.02671337826779467,0.02652484353873349,0.5786447638603696,0.6016427104722792,1.1022026431718062,0.0,0.01893280489478329,0.023043776933481346,0.9513618677042184,0.005737079270124743,0.008341958549072048,1,0
2026-07-15,0.0027513017946188996,0.008303950018862662,0.005880050838797775,0.027455701859777484,0.026644958363110646,0.5885010266940451,0.611088295687885,1.434959349593496,0.011821602777555328,0.015197283875386873,0.023248122567128958,1.0074725485955893,0.005558498566704865,0.008300769806316041,1,0
2026-07-16,0.0027555019001097914,0.002738115148233451,0.00822525152627481,0.035034454121826604,0.026752693675805277,0.6176591375770021,0.6303901437371663,1.5015608740894901,0.01594309695801413,0.024512974800258918,0.023422567639666516,1.0622703144140249,0.00558474414392553,0.008292095690316418,1,0
2026-07-17,-0.0070397804699575735,-0.004736419781051329,0.005134420953088435,0.022151936031763797,0.02676819508018277,0.5848049281314168,0.6024640657084189,0.45317220543806647,0.0038989444360189407,0.018836533709849296,0.023445232019221992,0.9979776370109057,0.005743335074715302,0.008341657976945487,1,0
2026-07-20,-0.0060217397178525586,-0.0071983229667673156,0.011988978653896353,0.023017598364603938,0.026344882323007864,0.5613963039014374,0.5901437371663244,0.5037641154328732,-0.001253486126697287,0.026446518252600804,0.022815663309640452,0.8991735537190071,0.0051214795879897124,0.00812499192766744,1,0
2026-07-21,0.009429857366308378,0.0018751408732269358,0.014082783120737297,0.030340610634181125,0.026375079857731666,0.5802874743326488,0.6016427104722792,1.5502136752136753,0.0030259028791509777,0.02484467082685438,0.022599738705835985,0.9333761605820013,0.005277765231910306,0.008190565132375545,1,0
2026-07-22,-0.003748037177633893,-0.004624198099025857,0.013101044642443663,0.02507295101767857,0.026293150049240266,0.582340862422998,0.6012320328542095,0.7374545454545455,-0.0027663195126627336,0.02693932063478405,0.02276683892698332,0.8942940746159337,0.00531395483650185,0.008085193028119433,1,0
2026-07-23,-0.008944260554231353,-0.016323960553367,0.006659481837237271,0.028347690012513478,0.026347219270740727,0.5301848049281315,0.5806981519507187,0.46654501216545013,-0.018723657391987645,0.015384509146946961,0.02284253046703271,1.0082941989627332,0.005676970962926421,0.00815708830546741,1,0
2026-07-24,9.529854412996501e-06,-0.009274650228996434,0.003098243488053013,0.03097051318393841,0.026103665214660704,0.5568788501026694,0.5930184804928131,1.4834368530020703,-0.005608084775379795,0.014639104220812939,0.022570406249557345,0.9067470721901634,0.005627896737260374,0.008080844793107392,1,0
2026-07-27,0.00667689152132561,0.0034239810101817356,0.007133369186915072,0.03453940851631071,0.026057326599876758,0.5835728952772073,0.611088295687885,1.710079275198188,0.005361938000394903,0.015769081890984724,0.02253897652299109,0.9892862710525017,0.005784031443969807,0.008110496520591861,1,0
2026-07-28,0.0044567065931187585,-0.0015491697630078852,-9.988383949819769e-05,0.03596045675374215,0.025968969546833122,0.6082135523613963,0.6164271047227926,1.673355629877369,0.006166035396751053,0.01206240148706109,0.02256516690070605,1.082347994388004,0.005266545787817007,0.008126864179659273,0,0
2026-07-29,-0.011452906821264323,-0.009254039406638317,-0.014409531975845793,0.038819756314724695,0.026239407570725758,0.5449691991786447,0.5954825462012321,0.4873065015479876,-0.0013222517598892266,0.00355509525994458,0.02297768097502675,1.081799140116844,0.005778630058407648,0.008241143856875565,0,0
2026-07-30,0.00752343341385162,0.0072136545614446546,-0.008158828303452144,0.048920285972623774,0.027253836141699104,0.5548254620123203,0.6057494866529775,1.1523297491039426,0.008510776974522972,0.005698050042430304,0.023637655468673358,0.9920435432919344,0.006039664918248782,0.008207776508280414,0,0
2026-07-31,-0.003415958770426343,0.003788165936605316,-0.012793982309096343,0.04422685641263009,0.027330790246474855,0.5441478439425051,0.5987679671457905,0.793984962406015,0.003844922589339023,0.0,0.023594971655130192,0.9443126976202265,0.006062625856452568,0.007919324384370445,0,0
2026-08-03,0.014365448948844955,0.011476723364124662,0.0006653089956127785,0.028122225605193684,0.02726210411133475,0.5856262833675565,0.62217659137577,2.6519756838905777,0.01000007379760166,0.0058583200340103095,0.02358737037229013,0.9313017099860381,0.006886316649920092,0.008110509637002567,1,0
2026-08-04,0.014927910300073963,0.021947927071079867,0.013430675332243331,0.03612238356014574,0.027782735093045366,0.626694045174538,0.6422997946611909,2.5817091454272862,0.014614216566803532,0.014878744904130202,0.024059189910478198,1.005865848232523,0.007609285311165707,0.008247546585944284,1,0
2026-08-05,-0.004496929480666012,0.02890390441167818,0.01476848069351894,0.03822026600738435,0.02810416425974159,0.6193018480492813,0.6344969199178645,0.688339222614841,0.016607777466976493,0.016859894259501185,0.02428608331390665,0.9251881363434465,0.00755779820878082,0.008184616123178412,1,0
2026-08-06,-0.0038703836991215565,0.017510087298705006,0.01945923322575511,0.04262961599867521,0.02859008619869962,0.5934291581108829,0.628747433264887,0.697724039829303,0.011865077602345748,0.0244023264269301,0.024610137907978308,0.8924672154274554,0.007336374021653941,0.008129748291022466,1,0
2026-08-07,0.010776806043177531,0.03170285211230888,0.02191470249819364,0.04102368175624825,0.029109935553642313,0.6271047227926078,0.6513347022587269,1.850356294536817,0.021087517365047253,0.024040242609883928,0.02487280555543765,0.8565391700075782,0.007478318139437059,0.008164093199508518,1,0
2026-08-10,-0.005058976662158308,0.012278426501305617,0.016420971376708126,0.039141509219570485,0.029591070787787107,0.604517453798768,0.6344969199178645,0.6743535988819007,0.00817164138798203,0.01626050511169458,0.025219900882550546,0.8863995188331621,0.007595847316034125,0.008193280716829569,1,0
2026-08-11,0.0010707513380851352,-0.0015787324606832093,0.021051559246929835,0.03688932383420028,0.029710718387218643,0.6032854209445585,0.6373716632443532,1.2075645756457565,-0.001289453967940102,0.020114527443650148,0.025221065798293894,0.8600648261986777,0.007530435417238007,0.008141570907010579,1,0
2026-08-12,0.002189200468898659,0.00510739748888146,0.02288436618951437,0.02764108066232439,0.029692653488229238,0.606570841889117,0.635728952772074,1.2305529522024368,0.0030296615913534557,0.021616406205650474,0.025070216429816276,0.9139288491446123,0.007533193741996005,0.008101612335721887,1,0
2026-08-13,0.004337785366880955,0.013315566554883973,0.024470849761776423,0.02828102488969365,0.029731761288601024,0.6225872689938399,0.6468172484599589,1.4932221063607924,0.011940390783572778,0.023139580412380293,0.025200225611500714,0.9198797592991785,0.007558602194331704,0.00808586577613267,1,0
2026-08-14,0.003088750292267896,0.005627510803974339,0.024804098153934532,0.028890561966600493,0.029220494262343192,0.6340862422997947,0.6480492813141684,1.2718631178707225,0.005361938971677833,0.018029087245764207,0.02493508940010191,0.8274508015068388,0.0075624565703459705,0.00808836903290952,1,0
2026-08-17,-0.006246084268237835,0.0044404031978948115,0.025597794355654263,0.03314496465989166,0.029286489417840737,0.5950718685831622,0.6271047227926078,0.5122564424890006,0.003606149525471558,0.017986676472840208,0.02474560851656022,0.9733083830978746,0.0075211870897368156,0.007801607873742894,1,0
2026-08-18,-0.008871487559034965,-0.005501835699225288,0.022748046514471862,0.029627568971171324,0.02947244274873374,0.5593429158110883,0.6143737166324436,0.5602094240837696,-0.003668751237887197,0.0189863418351941,0.024929100594626732,0.9754152200431488,0.007682342376522451,0.007897172422299266,1,0
2026-08-19,0.009063118723735348,0.0013720825556114008,0.022381307871898834,0.03972495262084515,0.029720000404383697,0.5663244353182751,0.6422997946611909,1.6273224043715846,0.0005417676412402952,0.015171905192007491,0.024979390627713653,1.0532528856243095,0.007662811906818725,0.007861430292053093,1,0
2026-08-20,-0.009484721942414287,-0.012450424753683841,0.01664462310711844,0.025787118539067445,0.02975556730582195,0.5170431211498974,0.62217659137577,0.44216867469879517,-0.012594196220721235,0.010027277205115781,0.025072093849489233,0.9707365567103462,0.007940235578581686,0.007684027552364705,1,0
2026-08-21,0.00852699734594104,-0.0070121777000106975,0.034115881007290835,0.02380767780594327,0.029453065796693878,0.5400410677618069,0.6262833675564682,2.0241116751269037,-0.00851063859294004,0.023277648561252973,0.024782412785491148,0.9402437984826427,0.00778275581686564,0.007722196286209066,1,0
2026-08-24,-0.004042508761444489,-0.004808602193217348,0.030063842391433348,0.023910808804325834,0.029217750764869925,0.5375770020533881,0.62217659137577,0.8501552795031055,-0.0009751564663772379,0.017922096899965413,0.024524004446618074,0.9163568773234011,0.007874488227252948,0.007722127150227718,1,0
2026-08-25,0.003995279962088015,0.00805816532790563,0.027382230832195757,0.02425511611988246,0.028978275737485338,0.5445585215605749,0.6324435318275154,1.2243947858472999,0.003978391013536428,0.015986752469257674,0.024192910010953108,0.8841132568543184,0.007806626352110608,0.007630505966096672,1,0
2026-08-26,-0.0015477489589344653,-0.0025527023547641846,0.021377775280142532,0.02210730334445483,0.02843814850191571,0.5416837782340862,0.6254620123203285,0.8796223446105429,-0.0030664375064920995,0.008810644488462888,0.023763132845486874,0.9071168107509955,0.007795329912514053,0.007634937737768954,1,0
2026-08-27,-0.0003735368018877164,0.006558482785762383,0.032457145299519145,0.025936530042644908,0.027706406676570792,0.5182751540041067,0.6205338809034907,0.7302393038433648,0.0018167870020355473,0.015643602316228966,0.023110523933676828,0.9345494161684945,0.007266055014440728,0.007605064480420045,1,0
2026-08-28,-0.0067673270059161635,-0.008735841566094821,0.01816638487975136,0.02984617598271847,0.02663871062970666,0.5039014373716633,0.6028747433264887,0.671578947368421,-0.0062696942877434915,0.008462667270391407,0.022071808770928274,0.9389099565421853,0.007346957581190832,0.0076537427592492215,1,0
2026-08-31,-0.004920227558656089,-0.00961356036330642,0.016662116091521614,0.0248803342277634,0.02614006308525858,0.4702258726899384,0.5856262833675565,0.5034526051475204,-0.009734267373826098,0.0075180077527466985,0.021564204686817898,1.1489762931034289,0.0073979402834806265,0.007680886296475412,0,0
2026-09-01,-0.010557331161141813,-0.024166171486536252,-0.008260664018465152,0.025334722829003956,0.025888357307458514,0.42546201232032854,0.5634496919917864,0.4153392330383481,-0.020714186282884524,-0.011025818824203901,0.021151503530122236,1.052802903328574,0.00710511210983323,0.007799534205368015,0,0
2026-09-02,0.009653300681456816,-0.012965121846144966,-0.0135352736370823,0.026694535195064015,0.02531760442326112,0.46570841889117043,0.5815195071868583,2.0693196405648266,-0.012075371348470285,-0.01822638742865022,0.020761524063493353,0.9932476144266337,0.006612569633676304,0.007696303270299002,0,0
2026-09-03,0.004114584978074772,-0.008477000066182478,-0.004923759178341516,0.02703255616898646,0.024831917445715238,0.48583162217659137,0.5958932238193019,1.6081229418221734,-0.005725817407696608,-0.0104324033438128,0.020248622477202195,0.9217299649790864,0.006628719758211227,0.007568499402356458,0,0
2026-09-04,0.001433008461819221,-0.0002766645984470917,0.00037963298259926175,0.023161799726956592,0.024088556294328437,0.4829568788501027,0.5963039014373717,1.0059372349448685,0.0,-0.0042079538155940475,0.01995480985161118,0.8208079156447098,0.006584146644963332,0.006962479285047435,0,0
2026-09-08,-0.00907835792993304,-0.004434794969724043,-0.01947553099051131,0.02749280919182219,0.0236199762173322,0.4431211498973306,0.5728952772073922,0.43444576877234803,-0.003502209008381885,-0.01942233889593024,0.019900553937358612,1.0205544933077175,0.006384519986074469,0.007069786338228168,0,0
2026-09-09,-0.010969130303641715,-0.004846594112223945,-0.025385684631994716,0.023097265591027236,0.02313489050688374,0.3921971252566735,0.5408624229979466,0.30151843817787416,-0.004106777931561619,-0.024321515096847594,0.01949788103771387,0.9990369070959138,0.006698301754027423,0.0071786364125444105,0,0
2026-09-10,-0.009514461700518248,-0.024014356494199005,-0.0359708976705981,0.02245347338409662,0.02284024827857239,0.351129363449692,0.5178644763860369,0.42142857142857143,-0.019766062004564832,-0.03346901401381806,0.019365124951349625,0.9929937991869835,0.006913017210727871,0.007190905989353789,0,0
2026-09-11,0.005021949350925276,-0.023106992121348504,-0.03313814878857148,0.022896580861444527,0.0227483351178815,0.3675564681724846,0.5240246406570842,1.64293659621802,-0.021391169524983083,-0.03271553075550358,0.019415180106806013,0.9294725642194844,0.007019778588954133,0.006793119793337677,0,0
2026-09-14,-0.002093949719869198,-0.026633950303036922,-0.039569883875321635,0.07308441939953189,0.023140602750074565,0.36057494866529777,0.5121149897330596,0.9165329052969502,-0.025182451454160412,-0.04045734115612279,0.019405153087841864,1.020466376666897,0.006887835501033667,0.006735565830794699,0,0
2026-09-15,-0.007504670575591237,-0.02506026294869512,-0.050163304743180766,0.027172718518397407,0.023127206306746504,0.3248459958932238,0.4903490759753593,0.49250936329588013,-0.02284481800690349,-0.04940354712290019,0.019390654045789133,1.0386739409713446,0.006893328214111998,0.006798538046862612,0,0
2026-09-16,-0.005778768665174989,-0.019869901310228397,-0.04969598914011792,0.024987586185303477,0.023049870726202685,0.2944558521560575,0.4747433264887064,0.5829447035309794,-0.01807106039195679,-0.047254129695089915,0.019556371180476786,1.0437740053361428,0.006880996501939278,0.006818379958931957,0,0
2026-09-17,0.00678713443277425,-0.003568305176935899,-0.034037367148308705,0.02417083848840027,0.022903778059172382,0.3227926078028747,0.4780287474332649,1.6300768386388584,-0.006459725100481821,-0.03953823003975918,0.019442764656713556,0.9548031082247652,0.00698841836516597,0.006682144773104698,0,0
2026-09-18,-0.005529718553988015,-0.01411997308184919,-0.048630204426032074,0.022202255530008767,0.02215504516413498,0.29897330595482546,0.47268993839835727,0.49843063402385435,-0.015903763425264467,-0.047104450061185764,0.0188524469657821,1.560523446019601,0.006586926607455143,0.006651199376919855,0,0
2026-09-21,0.004842542830752806,-0.007183480531227186,-0.03430293965286498,0.024108292713772638,0.022139163741260397,0.3129363449691992,0.475564681724846,1.3333333333333333,-0.0118939037764168,-0.03785123707704239,0.018782100798415968,0.7806406685236497,0.006549135474521619,0.006672768056498292,0,0
2026-09-22,0.004514212409996353,0.004835402454360404,-0.03831572458880967,0.027885307623571196,0.0222712680905051,0.324435318275154,0.47885010266940453,1.2655954631379962,-0.0010288236341668402,-0.04050195633433104,0.01886814765858841,0.8366687472841684,0.006291325782307394,0.006690086467355246,0,0
2026-09-23,-0.014144607567336273,-0.003530436447800878,-0.04841782339470146,0.0252573231068045,0.022402290837679216,0.2841889117043121,0.4505133470225873,0.28125,-0.011386815897916644,-0.052164601661905945,0.018883064802708405,0.7981643531054905,0.006832350522682729,0.0069080028980242295,0,0
2026-09-24,-0.0061341418845397904,-0.01645171276511492,-0.05854724524132925,0.023752363526864172,0.022368606195096476,0.2587268993839836,0.437782340862423,0.595460614152203,-0.01923129236311079,-0.05792619764380038,0.018773091582082683,0.8195578161532446,0.006721944440292212,0.006937331553552033,0,0
2026-09-25,0.0016494219673471402,-0.00927257224377976,-0.055350074315047654,0.019766229581967637,0.022359061213111556,0.2718685831622177,0.4431211498973306,1.429158110882957,-0.010494429541446434,-0.057365109330780185,0.018907455679078384,0.8998834159137168,0.00678732732813792,0.006768823816300112,0,0
